account_id,ticket_id,ticket_created_date,ticket_resolved_date,priority,product_area,contact_channel,reported_by,customer_tier,company_size,region,users_affected,error_rate_pct,downtime_minutes,payment_impact,security_incident,data_loss,customer_sentiment,tickets_last_30_days,data_source
ACCT-083,TKT-966028,2024-07-27,2024-07-27 07:28:19,low,Notifications,Live Chat,Support Staff,Basic,Small,APAC,5,0.9,0,0,0,0,negative,3,Support
ACCT-024,TKT-768507,2023-09-02,2023-09-05 21:24:38,low,Mobile App,Live Chat,Support Staff,Basic,Small,APAC,5,3.19,11,0,0,0,neutral,3,Support
ACCT-077,TKT-786393,2024-04-07,2024-04-11 17:48:46,low,Notifications,Web Portal,Support Staff,Basic,Small,APAC,3,5.98,28,0,0,0,neutral,1,Support
ACCT-035,TKT-156911,2024-09-10,2024-09-15 11:34:43,low,Mobile App,Web Portal,Support Staff,Basic,Medium,APAC,64,0.0,13,0,0,0,neutral,0,Support
ACCT-020,TKT-904694,2024-01-15,2024-01-19 07:30:11,low,Analytics Dashboard,Live Chat,Finance,Basic,Small,APAC,4,0.3,2,0,0,0,neutral,3,Support
ACCT-032,TKT-480941,2025-02-24,2025-02-26 16:36:39,low,Mobile App,Web Portal,Support Staff,Basic,Small,APAC,14,1.57,0,0,0,0,neutral,0,Support
ACCT-036,TKT-332518,2024-09-06,2024-09-06 14:08:19,low,Analytics Dashboard,Web Portal,Support Staff,Plus,Medium,EMEA,27,1.21,0,0,0,0,negative,2,Support
ACCT-076,TKT-938769,2023-06-03,2023-06-04 11:20:20,low,Billing,Web Portal,Product Manager,Basic,Medium,APAC,8,1.56,0,0,0,0,neutral,4,Support
ACCT-041,TKT-211486,2024-03-25,2024-03-27 10:03:53,low,Notifications,Email,Product Manager,Basic,Small,AMER,6,6.88,0,0,0,0,neutral,5,Support
ACCT-058,TKT-961760,2023-07-17,2023-07-21 19:30:27,low,Notifications,Email,DevOps,Plus,Small,AMER,37,9.81,0,0,0,0,neutral,2,Support
ACCT-043,TKT-296653,2024-07-24,2024-07-24 13:31:36,low,Mobile App,Web Portal,Support Staff,Plus,Medium,EMEA,74,2.46,0,0,0,0,neutral,2,Support
ACCT-043,TKT-579247,2023-10-02,2023-10-07 04:49:07,low,Notifications,Email,Support Staff,Basic,Small,APAC,1,1.97,17,0,0,0,neutral,6,Support
ACCT-025,TKT-534603,2023-12-13,2023-12-16 09:00:32,low,Mobile App,Web Portal,DevOps,Enterprise,Medium,EMEA,15,2.97,6,0,0,0,neutral,3,Support
ACCT-076,TKT-717413,2023-07-18,2023-07-23 03:43:19,low,Authentication,Web Portal,Support Staff,Basic,Medium,APAC,34,6.57,0,0,0,0,neutral,0,Support
ACCT-058,TKT-790441,2023-10-05,2023-10-08 17:58:21,low,Notifications,Phone,Support Staff,Basic,Small,APAC,4,4.66,9,0,0,0,neutral,2,Support
ACCT-036,TKT-623059,2025-01-24,2025-01-29 13:47:09,low,Billing,Web Portal,Support Staff,Plus,Medium,APAC,90,1.37,0,0,0,0,neutral,1,Support
ACCT-041,TKT-553834,2023-06-05,2023-06-07 07:58:45,low,Analytics Dashboard,Phone,Support Staff,Plus,Large,AMER,139,1.28,0,0,0,0,neutral,11,Support
ACCT-077,TKT-285810,2025-01-20,2025-01-22 02:27:29,low,Notifications,Web Portal,Support Staff,Basic,Small,APAC,2,7.33,0,0,0,0,negative,1,Support
ACCT-018,TKT-208584,2025-01-13,2025-01-13 19:24:22,low,Authentication,Live Chat,Support Staff,Basic,Small,APAC,18,1.0,0,0,0,0,neutral,2,Support
ACCT-060,TKT-437477,2024-07-01,2024-07-04 00:20:20,low,Data Pipeline,Live Chat,Finance,Plus,Medium,EMEA,85,1.35,0,0,0,0,negative,0,Support
ACCT-043,TKT-738576,2024-10-29,2024-11-02 15:42:14,low,Notifications,Email,Support Staff,Plus,Small,APAC,0,1.61,0,0,0,0,neutral,1,Support
ACCT-053,TKT-408463,2024-02-10,2024-02-11 04:40:55,low,Mobile App,Web Portal,Support Staff,Enterprise,Medium,EMEA,14,1.44,5,0,0,0,neutral,4,Support
ACCT-083,TKT-731792,2024-09-06,2024-09-09 23:46:45,low,Analytics Dashboard,Phone,Support Staff,Plus,Medium,EMEA,20,1.54,11,0,0,0,negative,0,Support
ACCT-011,TKT-429159,2024-11-06,2024-11-07 07:07:52,low,Analytics Dashboard,Phone,Finance,Enterprise,Medium,EMEA,30,1.69,0,0,0,0,,5,Support
ACCT-078,TKT-754487,2024-12-18,2024-12-20 20:55:02,low,Mobile App,Live Chat,Support Staff,Basic,Small,APAC,6,0.45,30,0,0,0,neutral,1,Support
ACCT-031,TKT-239116,2024-03-24,2024-03-27 04:29:30,low,Mobile App,Email,DevOps,Plus,Small,AMER,37,1.07,5,0,0,0,neutral,4,Support
ACCT-018,TKT-438041,2023-11-30,2023-12-02 04:51:55,low,Notifications,Web Portal,Support Staff,Plus,Small,APAC,9,1.19,25,0,0,0,positive,4,Support
ACCT-079,TKT-711116,2023-09-27,2023-09-30 16:02:57,low,Notifications,Live Chat,Support Staff,Plus,Small,APAC,2,4.92,6,0,0,0,neutral,2,Support
ACCT-062,TKT-806995,2025-01-05,2025-01-10 08:51:44,low,Data Pipeline,Email,Product Manager,Plus,Medium,EMEA,65,1.88,0,0,0,0,neutral,3,Support
ACCT-077,TKT-947568,2024-11-28,2024-11-29 05:52:10,low,Analytics Dashboard,Web Portal,Support Staff,Plus,Small,APAC,24,0.33,0,0,0,0,neutral,1,Support
ACCT-041,TKT-252386,2023-06-14,2023-06-16 07:04:20,low,Analytics Dashboard,Web Portal,Support Staff,Plus,Large,EMEA,51,1.59,0,0,0,0,negative,5,Support
ACCT-038,TKT-886626,2023-07-25,2023-07-28 02:08:02,low,Analytics Dashboard,Email,DevOps,Plus,Medium,EMEA,6,9.36,12,0,0,0,neutral,4,Support
ACCT-083,TKT-253541,2023-11-12,2023-11-18 03:01:24,low,Mobile App,Live Chat,Support Staff,Plus,Small,AMER,24,12.22,0,0,0,0,negative,1,Support
ACCT-083,TKT-890200,2023-08-03,2023-08-06 05:04:30,low,Mobile App,Email,DevOps,Plus,Small,AMER,7,1.79,0,0,0,0,neutral,0,Support
ACCT-041,TKT-207458,2024-12-06,2024-12-06 07:08:43,low,Analytics Dashboard,Live Chat,Finance,Basic,Small,AMER,3,0.92,0,0,0,0,positive,1,Support
ACCT-111,TKT-335203,2025-02-20,2025-02-24 12:37:08,low,Analytics Dashboard,Live Chat,DevOps,Plus,Medium,APAC,8,0.86,0,0,0,0,neutral,3,Support
ACCT-075,TKT-935540,2024-12-26,2024-12-27 16:12:54,low,Analytics Dashboard,Phone,Support Staff,Enterprise,Large,EMEA,51,2.65,0,0,0,0,,10,Support
ACCT-018,TKT-500118,2024-03-21,2024-03-24 05:25:11,low,Mobile App,Live Chat,Finance,Basic,Small,APAC,6,2.37,14,0,0,0,neutral,1,Support
ACCT-001,TKT-818430,2024-07-01,2024-07-02 19:08:33,low,Notifications,Email,Support Staff,Basic,Small,APAC,9,2.98,0,0,0,0,neutral,1,Support
ACCT-020,TKT-879794,2024-04-16,2024-04-21 17:47:06,low,Analytics Dashboard,Web Portal,Support Staff,Enterprise,Medium,EMEA,8,4.5,9,0,0,0,positive,2,Support
ACCT-035,TKT-564586,2024-02-13,2024-02-13 22:04:37,low,Analytics Dashboard,Live Chat,DevOps,Plus,Small,AMER,8,2.72,0,0,0,0,positive,4,Support
ACCT-056,TKT-779091,2024-01-17,2024-01-21 23:22:04,low,Analytics Dashboard,Phone,Support Staff,Plus,Small,AMER,6,1.53,11,0,0,0,neutral,2,Support
ACCT-115,TKT-732697,2024-06-11,2024-06-14 15:06:28,low,Authentication,Web Portal,Support Staff,Basic,Small,APAC,13,5.07,0,0,0,0,negative,1,Support
ACCT-035,TKT-408467,2023-12-19,2023-12-22 18:39:38,low,Analytics Dashboard,Email,DevOps,Basic,Small,APAC,8,3.61,0,0,0,0,positive,2,Support
ACCT-024,TKT-296059,2024-09-02,2024-09-02 19:44:46,low,Analytics Dashboard,Web Portal,Executive,Basic,Medium,APAC,24,1.56,0,0,0,0,neutral,1,Support
ACCT-073,TKT-142608,2023-11-25,2023-11-28 11:51:54,low,Analytics Dashboard,Live Chat,Support Staff,Plus,Large,EMEA,132,0.5,0,0,0,0,neutral,12,Support
ACCT-110,TKT-268746,2024-08-12,2024-08-13 05:12:43,low,Mobile App,Web Portal,DevOps,Basic,Small,APAC,5,18.17,0,0,0,0,negative,1,Support
ACCT-025,TKT-588983,2025-01-19,,low,Mobile App,Email,DevOps,Plus,Medium,APAC,32,0.0,0,0,0,0,neutral,2,Support
ACCT-043,TKT-725874,2023-11-06,2023-11-06 07:49:58,low,Analytics Dashboard,Email,DevOps,Basic,Small,AMER,2,3.45,3,0,0,0,neutral,0,Support
ACCT-076,TKT-984096,2023-07-23,2023-07-26 18:13:57,low,Notifications,Web Portal,Finance,Plus,Medium,APAC,39,2.04,0,0,0,0,neutral,6,Support
ACCT-038,TKT-475479,2024-04-04,2024-04-06 03:19:38,low,Authentication,Web Portal,Support Staff,Basic,Small,APAC,17,10.55,0,0,0,0,neutral,2,Support
ACCT-028,TKT-330646,2023-08-14,2023-08-17 20:02:06,low,Analytics Dashboard,Live Chat,DevOps,Enterprise,Medium,EMEA,4,6.72,0,0,0,0,neutral,6,Support
ACCT-024,TKT-267112,2023-12-06,2023-12-08 06:49:16,low,Notifications,Web Portal,Support Staff,Basic,Small,APAC,1,3.5,11,0,0,0,neutral,1,Support
ACCT-079,TKT-466375,2024-07-30,2024-08-01 09:30:22,low,Analytics Dashboard,Web Portal,Finance,Basic,Small,APAC,1,2.57,11,0,0,0,neutral,6,Support
ACCT-043,TKT-447148,2024-01-13,2024-01-17 16:10:55,low,Billing,Web Portal,Finance,Basic,Small,AMER,2,2.81,0,0,0,0,neutral,6,Support
ACCT-072,TKT-748314,2024-06-04,2024-06-05 06:36:40,low,Notifications,Live Chat,DevOps,Basic,Small,APAC,8,6.71,4,0,0,0,neutral,2,Support
ACCT-031,TKT-888669,2024-11-25,2024-11-27 01:32:38,low,Data Pipeline,Email,Support Staff,Enterprise,Medium,EMEA,89,1.05,0,0,0,0,neutral,4,Support
ACCT-009,TKT-352023,2023-06-10,2023-06-10 14:11:57,low,Notifications,Live Chat,Support Staff,Basic,Small,APAC,6,8.51,0,0,0,0,neutral,2,Support
ACCT-041,TKT-141814,2025-02-18,2025-02-23 01:21:54,low,Analytics Dashboard,Email,Support Staff,Plus,Small,APAC,3,0.19,7,0,0,0,negative,2,Support
ACCT-079,TKT-218881,2024-04-24,2024-04-25 15:25:55,low,Notifications,Web Portal,Support Staff,Basic,Small,APAC,8,6.68,0,0,0,0,neutral,2,Support
ACCT-076,TKT-125905,2024-06-30,2024-07-01 03:03:38,low,Notifications,Web Portal,Support Staff,Plus,Medium,AMER,6,4.26,0,0,0,0,negative,5,Support
ACCT-043,TKT-941814,2024-11-11,2024-11-15 03:03:22,low,Mobile App,Live Chat,Support Staff,Basic,Small,APAC,3,0.0,0,0,0,0,neutral,1,Support
ACCT-083,TKT-783176,2024-11-02,2024-11-03 22:17:03,low,Notifications,Web Portal,Finance,Enterprise,Medium,EMEA,36,1.74,0,0,0,0,neutral,4,Support
ACCT-060,TKT-200617,2023-12-15,2023-12-16 09:14:10,low,Analytics Dashboard,Email,Support Staff,Enterprise,Medium,EMEA,11,0.92,0,0,0,0,neutral,3,Support
ACCT-041,TKT-659106,2023-11-19,2023-11-24 20:28:00,low,Notifications,Email,Support Staff,Basic,Small,APAC,8,6.52,0,0,0,0,neutral,3,Support
ACCT-075,TKT-760093,2023-06-08,2023-06-10 20:09:30,low,Analytics Dashboard,Web Portal,DevOps,Plus,Large,EMEA,12,1.09,15,0,0,0,neutral,7,Support
ACCT-041,TKT-208975,2024-01-05,2024-01-09 11:55:44,low,Authentication,Web Portal,Support Staff,Plus,Small,APAC,46,3.03,0,0,0,0,neutral,5,Support
ACCT-048,TKT-877388,2023-12-28,2023-12-30 08:51:50,low,Mobile App,Email,Support Staff,Plus,Medium,EMEA,11,1.08,7,0,0,0,positive,3,Support
ACCT-011,TKT-883171,2024-08-19,2024-08-21 22:49:13,low,Notifications,Live Chat,Support Staff,Basic,Small,APAC,5,13.29,0,0,0,0,negative,4,Support
ACCT-018,TKT-139726,2023-11-05,2023-11-05 06:16:10,low,Mobile App,Web Portal,Support Staff,Plus,Small,APAC,5,1.28,27,0,0,0,neutral,0,Support
ACCT-031,TKT-364144,2023-08-29,2023-08-29 10:38:16,low,Analytics Dashboard,Web Portal,Support Staff,Plus,Small,AMER,4,3.59,0,0,0,0,neutral,3,Support
ACCT-026,TKT-371212,2024-12-23,2024-12-23 10:23:59,low,Notifications,Email,DevOps,Basic,Small,APAC,5,6.82,0,0,0,0,neutral,1,Support
ACCT-062,TKT-554059,2024-07-22,2024-07-23 16:07:33,low,Mobile App,Email,Support Staff,Plus,Small,AMER,2,1.93,0,0,0,0,neutral,1,Support
ACCT-021,TKT-660814,2024-04-19,2024-04-19 05:26:36,low,Authentication,Web Portal,Support Staff,Plus,Medium,AMER,80,0.52,0,0,0,0,neutral,0,Support
ACCT-043,TKT-892682,2023-06-07,2023-06-09 22:06:59,low,Mobile App,Web Portal,Product Manager,Basic,Small,APAC,0,1.86,10,0,0,0,neutral,3,Support
ACCT-045,TKT-475075,2025-01-20,2025-01-20 08:18:03,low,Mobile App,Web Portal,Finance,Plus,Medium,EMEA,7,0.95,0,0,0,0,neutral,5,Support
ACCT-075,TKT-415989,2024-10-27,2024-10-27 13:27:19,low,Notifications,Web Portal,Support Staff,Basic,Small,AMER,2,4.1,0,0,0,0,neutral,8,Support
ACCT-026,TKT-558936,2025-02-11,2025-02-11 11:46:03,low,Notifications,Phone,Support Staff,Basic,Small,APAC,7,8.21,11,0,0,0,neutral,3,Support
ACCT-036,TKT-597012,2024-06-25,2024-06-26 16:52:04,low,Analytics Dashboard,Email,Product Manager,Plus,Large,AMER,95,1.99,0,0,0,0,negative,8,Support
ACCT-058,TKT-509985,2023-11-08,2023-11-10 08:20:59,low,Mobile App,Email,Support Staff,Plus,Large,EMEA,133,0.0,0,0,0,0,neutral,4,Support
ACCT-083,TKT-412534,2024-12-10,2024-12-11 06:44:51,low,Mobile App,Email,Support Staff,Basic,Small,APAC,2,2.09,0,0,0,0,neutral,2,Support
ACCT-053,TKT-682032,2024-06-17,,low,Billing,Email,Product Manager,Plus,Small,AMER,6,10.11,0,0,0,0,neutral,3,Support
ACCT-060,TKT-725637,2023-10-23,,low,Mobile App,Live Chat,Product Manager,Enterprise,Medium,EMEA,6,2.99,0,0,0,0,neutral,3,Support
ACCT-024,TKT-419491,2024-07-08,2024-07-10 08:47:29,low,Notifications,Live Chat,Support Staff,Basic,Small,APAC,8,3.93,0,0,0,0,neutral,1,Support
ACCT-076,TKT-460554,2024-01-02,2024-01-05 13:59:26,low,Authentication,Web Portal,Product Manager,Basic,Small,APAC,47,1.83,0,0,0,0,neutral,2,Support
ACCT-077,TKT-637450,2024-01-03,2024-01-04 18:43:29,low,Analytics Dashboard,Live Chat,Product Manager,Basic,Small,AMER,1,0.4,0,0,0,0,neutral,5,Support
ACCT-041,TKT-975297,2023-10-24,2023-10-24 18:16:09,low,Billing,Web Portal,Finance,Basic,Small,APAC,1,1.65,0,0,0,0,positive,6,Support
ACCT-105,TKT-938504,2024-02-14,2024-02-14 21:16:37,low,Analytics Dashboard,Email,Support Staff,Plus,Medium,APAC,31,9.45,0,0,0,0,neutral,5,Support
ACCT-076,TKT-675512,2025-01-01,2025-01-05 09:10:05,low,Billing,Live Chat,Product Manager,Plus,Small,AMER,75,1.14,0,0,0,0,neutral,3,Support
ACCT-076,TKT-804313,2024-09-15,2024-09-17 22:33:40,low,Billing,Live Chat,Support Staff,Plus,Large,AMER,9,0.0,20,0,0,0,neutral,11,Support
ACCT-060,TKT-708798,2023-08-08,2023-08-09 02:30:07,low,Billing,Email,Support Staff,Basic,Small,AMER,9,2.81,0,0,0,0,neutral,3,Support
ACCT-041,TKT-803904,2024-10-11,2024-10-16 12:00:57,low,Notifications,Live Chat,Support Staff,Basic,Medium,APAC,27,1.54,0,0,0,0,neutral,1,Support
ACCT-041,TKT-302897,2024-01-27,2024-01-27 12:55:46,low,Notifications,Live Chat,Support Staff,Basic,Small,APAC,0,9.63,0,0,0,0,negative,2,Support
ACCT-021,TKT-791454,2024-04-21,2024-04-23 02:47:30,low,Authentication,Web Portal,Finance,Basic,Small,APAC,7,6.7,0,0,0,0,neutral,1,Support
ACCT-050,TKT-694397,2024-04-09,2024-04-12 05:29:49,low,Data Pipeline,Live Chat,Product Manager,Basic,Medium,APAC,15,2.9,0,0,0,0,neutral,3,Support
ACCT-041,TKT-276831,2024-06-08,2024-06-12 00:19:05,low,Notifications,Web Portal,Executive,Basic,Small,APAC,1,2.86,0,0,0,0,neutral,3,Support
ACCT-076,TKT-846794,2023-06-05,2023-06-06 08:32:04,low,Mobile App,Web Portal,Support Staff,Plus,Medium,AMER,9,1.52,0,0,0,0,neutral,1,Support
ACCT-025,TKT-812591,2024-08-20,2024-08-21 04:58:40,low,Authentication,Live Chat,Support Staff,Basic,Small,AMER,3,4.3,13,0,0,0,neutral,2,Support
ACCT-043,TKT-476167,2024-05-05,2024-05-09 14:52:41,low,Authentication,Web Portal,Support Staff,Plus,Small,APAC,27,1.4,0,0,0,0,negative,5,Support
ACCT-026,TKT-776909,2024-04-08,2024-04-10 02:55:05,low,Notifications,Live Chat,Support Staff,Basic,Small,AMER,1,3.13,9,0,0,0,neutral,2,Support
ACCT-043,TKT-966589,2025-02-11,2025-02-11 11:22:49,low,Analytics Dashboard,Email,Finance,Enterprise,Medium,EMEA,13,1.65,0,0,0,0,positive,6,Support
ACCT-078,TKT-869177,2023-10-22,2023-10-26 18:06:22,low,Mobile App,Web Portal,Support Staff,Plus,Medium,EMEA,28,2.13,0,0,0,0,positive,7,Support
ACCT-077,TKT-990856,2023-08-18,2023-08-21 10:39:30,low,Billing,Email,DevOps,Basic,Medium,APAC,32,1.93,0,0,0,0,neutral,4,Support
ACCT-047,TKT-707021,2024-11-01,2024-11-03 20:47:18,low,Analytics Dashboard,Live Chat,Support Staff,Basic,Small,APAC,0,3.5,41,0,0,0,neutral,1,Support
ACCT-047,TKT-138436,2024-07-19,2024-07-22 17:28:11,low,Notifications,Web Portal,Support Staff,Plus,Small,AMER,4,1.32,0,0,0,0,negative,0,Support
ACCT-035,TKT-665892,2024-12-16,2024-12-17 03:26:34,low,Mobile App,Web Portal,Product Manager,Plus,Medium,APAC,32,0.85,0,0,0,0,neutral,2,Support
ACCT-041,TKT-511564,2024-09-26,2024-09-28 23:50:08,low,Authentication,Web Portal,Support Staff,Plus,Small,APAC,21,1.2,11,0,0,0,negative,1,Support
ACCT-107,TKT-998801,2024-01-15,2024-01-19 18:08:27,low,Mobile App,Web Portal,Support Staff,Plus,Medium,EMEA,19,1.42,0,0,0,0,neutral,4,Support
ACCT-062,TKT-194952,2024-03-24,2024-03-24 15:52:21,low,Billing,Email,Support Staff,Basic,Medium,APAC,3,1.6,7,0,0,0,neutral,6,Support
ACCT-011,TKT-350484,2024-07-11,,low,Analytics Dashboard,Phone,DevOps,Plus,Medium,EMEA,53,0.25,0,0,0,0,positive,2,Support
ACCT-041,TKT-247189,2025-02-18,2025-02-21 04:08:05,low,Analytics Dashboard,Web Portal,Support Staff,Plus,Large,EMEA,75,0.57,0,0,0,0,negative,8,Support
ACCT-106,TKT-693297,2024-08-30,2024-08-30 18:06:53,low,Analytics Dashboard,Live Chat,Support Staff,Plus,Small,AMER,5,2.4,7,0,0,0,positive,2,Support
ACCT-085,TKT-476224,2023-10-28,2023-10-31 11:59:55,low,Mobile App,Web Portal,Support Staff,Basic,Small,APAC,0,11.31,14,0,0,0,neutral,5,Support
ACCT-020,TKT-165914,2023-07-12,2023-07-12 23:31:28,low,Mobile App,Web Portal,DevOps,Basic,Small,APAC,1,0.0,33,0,0,0,neutral,3,Support
ACCT-026,TKT-316818,2024-02-26,2024-02-27 14:11:50,low,Notifications,Email,Support Staff,Basic,Small,APAC,7,8.53,0,0,0,0,negative,2,Support
ACCT-007,TKT-592489,2024-11-12,2024-11-16 22:20:44,low,Analytics Dashboard,Web Portal,Support Staff,Basic,Small,APAC,2,2.12,0,0,0,0,negative,1,Support
ACCT-036,TKT-780027,2024-09-08,2024-09-12 15:44:32,low,Notifications,Phone,Support Staff,Plus,Medium,EMEA,20,4.41,0,0,0,0,neutral,3,Support
ACCT-041,TKT-764343,2024-04-27,2024-04-27 13:12:14,low,Authentication,Email,Support Staff,Basic,Small,AMER,17,1.54,0,0,0,0,neutral,4,Support
ACCT-013,TKT-670792,2024-03-07,2024-03-11 05:34:31,low,Analytics Dashboard,Live Chat,Finance,Plus,Large,EMEA,102,0.71,2,0,0,0,neutral,7,Support
ACCT-010,TKT-483041,2025-01-04,2025-01-04 19:25:27,low,Analytics Dashboard,Web Portal,Support Staff,Enterprise,Medium,EMEA,19,0.4,6,0,0,0,negative,2,Support
ACCT-076,TKT-641760,2025-01-22,2025-01-24 23:45:22,low,Notifications,Email,Finance,Enterprise,Medium,EMEA,17,14.73,0,0,0,0,neutral,5,Support
ACCT-036,TKT-641455,2024-02-13,2024-02-14 14:54:32,low,Authentication,Live Chat,DevOps,Plus,Small,APAC,2,5.57,0,0,0,0,positive,3,Support
ACCT-021,TKT-610511,2024-07-20,2024-07-21 12:30:23,low,Billing,Web Portal,Product Manager,Basic,Small,EMEA,17,1.11,0,0,0,0,neutral,2,Support
ACCT-041,TKT-245718,2024-10-06,,low,Analytics Dashboard,Email,Support Staff,Basic,Small,AMER,0,1.74,5,0,0,0,neutral,1,Support
ACCT-078,TKT-774734,2024-08-24,2024-08-24 18:41:05,low,Analytics Dashboard,Live Chat,Support Staff,Enterprise,Medium,EMEA,6,0.28,4,0,0,0,positive,7,Support
ACCT-035,TKT-479818,2024-03-14,2024-03-14 22:51:03,low,Analytics Dashboard,Email,Support Staff,Plus,Small,AMER,32,1.32,0,0,0,0,neutral,0,Support
ACCT-041,TKT-341535,2025-02-06,2025-02-09 09:05:17,low,Authentication,Live Chat,Support Staff,Basic,Small,APAC,0,3.19,27,0,0,0,neutral,2,Support
ACCT-041,TKT-604906,2024-07-29,2024-08-02 00:58:06,low,Mobile App,Phone,Support Staff,Basic,Small,AMER,5,17.61,8,0,0,0,positive,2,Support
ACCT-075,TKT-778700,2024-10-03,2024-10-05 02:00:52,low,Analytics Dashboard,Email,Support Staff,Basic,Small,APAC,3,1.22,0,0,0,0,neutral,2,Support
ACCT-041,TKT-701344,2024-07-25,2024-07-25 06:07:20,low,Authentication,Live Chat,DevOps,Plus,Large,AMER,31,3.25,0,0,0,0,positive,3,Support
ACCT-048,TKT-141094,2025-01-27,2025-01-27 18:17:05,low,Analytics Dashboard,Email,DevOps,Basic,Small,APAC,1,1.81,0,0,0,0,neutral,1,Support
ACCT-077,TKT-288783,2025-01-07,2025-01-07 17:01:02,low,Mobile App,Web Portal,Support Staff,Plus,Small,AMER,13,4.5,0,0,0,0,negative,1,Support
ACCT-046,TKT-690982,2024-11-11,2024-11-16 14:35:43,low,Analytics Dashboard,Email,Support Staff,Plus,Medium,EMEA,12,2.69,0,0,0,0,neutral,6,Support
ACCT-077,TKT-961198,2023-06-20,2023-06-24 15:01:27,low,Mobile App,Live Chat,Support Staff,Plus,Small,AMER,15,1.38,14,0,0,0,neutral,4,Support
ACCT-010,TKT-735988,2024-03-17,2024-03-22 10:27:30,low,Notifications,Web Portal,DevOps,Basic,Small,APAC,7,3.12,11,0,0,0,neutral,3,Support
ACCT-105,TKT-970699,2024-09-25,2024-09-29 12:27:15,low,Authentication,Web Portal,Support Staff,Plus,Medium,AMER,194,2.56,0,0,0,0,positive,2,Support
ACCT-018,TKT-960307,2024-07-25,2024-07-27 16:43:32,low,Mobile App,Live Chat,DevOps,Plus,Large,EMEA,659,0.0,0,0,0,0,neutral,9,Support
ACCT-045,TKT-275868,2023-12-04,2023-12-06 19:39:41,low,Analytics Dashboard,Web Portal,Product Manager,Basic,Small,EMEA,4,1.37,3,0,0,0,neutral,1,Support
ACCT-048,TKT-172187,2024-05-16,2024-05-21 02:27:01,low,Mobile App,Web Portal,Product Manager,Plus,Large,AMER,31,15.88,0,0,0,0,neutral,5,Support
ACCT-079,TKT-117367,2024-01-22,2024-01-23 15:06:14,low,Analytics Dashboard,Web Portal,Finance,Basic,Small,APAC,4,2.35,7,0,0,0,neutral,6,Support
ACCT-067,TKT-817611,2023-12-25,2023-12-27 07:04:12,low,Notifications,Web Portal,Support Staff,Plus,Small,AMER,4,3.86,0,0,0,0,negative,3,Support
ACCT-111,TKT-286040,2024-08-03,2024-08-07 03:54:54,low,Notifications,Live Chat,Support Staff,Plus,Large,AMER,2,0.81,0,0,0,0,negative,10,Support
ACCT-048,TKT-921945,2024-09-30,2024-10-04 20:43:33,low,Mobile App,Web Portal,DevOps,Basic,Medium,APAC,21,0.63,0,0,0,0,neutral,1,Support
ACCT-050,TKT-605666,2024-11-26,2024-11-28 04:47:59,low,Analytics Dashboard,Live Chat,Executive,Enterprise,Medium,EMEA,15,1.02,0,0,0,0,neutral,5,Support
ACCT-073,TKT-101258,2023-10-12,2023-10-16 20:49:26,low,Analytics Dashboard,Web Portal,DevOps,Basic,Small,APAC,7,2.22,0,0,0,0,negative,2,Support
ACCT-060,TKT-145548,2024-08-15,2024-08-17 06:59:28,low,Notifications,Web Portal,Support Staff,Basic,Medium,APAC,149,3.44,0,0,0,0,neutral,2,Support
ACCT-035,TKT-605543,2024-11-24,2024-11-25 20:28:31,low,Authentication,Email,Support Staff,Basic,Small,APAC,4,1.68,50,0,0,0,neutral,2,Support
ACCT-020,TKT-898531,2024-06-25,2024-06-26 12:15:53,low,Notifications,Email,Support Staff,Basic,Small,APAC,4,1.98,17,0,0,0,neutral,2,Support
ACCT-109,TKT-600318,2025-01-10,2025-01-10 12:43:45,low,Notifications,Web Portal,Support Staff,Basic,Small,APAC,9,7.55,0,0,0,0,neutral,1,Support
ACCT-083,TKT-727354,2024-01-25,2024-01-29 22:59:04,low,Mobile App,Email,DevOps,Plus,Medium,APAC,51,8.44,0,0,0,0,negative,4,Support
ACCT-041,TKT-843596,2024-12-08,2024-12-09 18:17:53,low,Billing,Web Portal,Support Staff,Basic,Small,APAC,5,2.9,19,0,0,0,neutral,3,Support
ACCT-035,TKT-107543,2023-06-08,2023-06-10 13:48:38,low,Authentication,Live Chat,Finance,Plus,Medium,EMEA,72,4.04,0,0,0,0,neutral,3,Support
ACCT-058,TKT-431246,2024-06-19,2024-06-21 23:55:27,low,Authentication,Web Portal,Support Staff,Basic,Small,EMEA,7,2.33,5,0,0,0,neutral,1,Support
ACCT-043,TKT-783226,2024-07-23,2024-07-24 13:27:43,low,Notifications,Web Portal,Support Staff,Plus,Medium,EMEA,61,2.97,0,0,0,0,negative,4,Support
ACCT-085,TKT-544136,2025-01-20,2025-01-21 02:46:49,low,Mobile App,Phone,Support Staff,Plus,Medium,EMEA,78,7.63,0,0,0,0,neutral,3,Support
ACCT-035,TKT-813666,2024-12-30,2024-12-31 13:48:28,low,Billing,Web Portal,Support Staff,Basic,Small,APAC,6,1.96,0,0,0,0,neutral,2,Support
ACCT-106,TKT-921861,2024-07-11,2024-07-14 15:05:07,low,Analytics Dashboard,Web Portal,Support Staff,Enterprise,Medium,EMEA,17,0.73,14,0,0,0,neutral,4,Support
ACCT-041,TKT-681866,2024-12-22,2024-12-24 02:24:19,low,Billing,Email,Support Staff,Plus,Large,AMER,179,0.88,0,0,0,0,positive,3,Support
ACCT-036,TKT-461083,2024-10-08,2024-10-09 02:47:39,low,Mobile App,Email,Support Staff,Plus,Small,AMER,4,0.0,20,0,0,0,neutral,2,Support
ACCT-025,TKT-791308,2024-07-12,2024-07-15 11:58:36,low,Billing,Web Portal,Support Staff,Basic,Small,EMEA,31,2.6,0,0,0,0,neutral,1,Support
ACCT-010,TKT-833281,2023-09-30,2023-10-03 13:54:43,low,Data Pipeline,Web Portal,Support Staff,Plus,Medium,EMEA,27,3.26,0,0,0,0,neutral,3,Support
ACCT-041,TKT-924265,2023-11-13,2023-11-13 12:56:59,low,Notifications,Web Portal,Support Staff,Basic,Small,APAC,13,8.64,0,0,0,0,negative,1,Support
ACCT-041,TKT-817817,2024-05-12,2024-05-15 23:03:12,low,Analytics Dashboard,Live Chat,Executive,Plus,Small,APAC,7,0.93,1,0,0,0,negative,2,Support
ACCT-010,TKT-105547,2023-07-24,2023-07-24 18:14:59,low,Billing,Web Portal,DevOps,Plus,Medium,EMEA,87,2.11,0,0,0,0,neutral,6,Support
ACCT-019,TKT-729402,2023-09-02,2023-09-06 03:16:43,low,Billing,Email,Support Staff,Basic,Small,APAC,3,1.85,0,0,0,0,neutral,3,Support
ACCT-036,TKT-488848,2024-08-19,2024-08-19 11:54:26,low,Analytics Dashboard,Web Portal,Support Staff,Basic,Small,APAC,0,1.61,13,0,0,0,neutral,3,Support
ACCT-020,TKT-520106,2023-08-21,2023-08-23 17:47:26,low,Mobile App,Live Chat,Support Staff,Basic,Small,APAC,8,0.0,16,0,0,0,neutral,2,Support
ACCT-010,TKT-726495,2025-02-18,2025-02-21 00:09:04,low,Analytics Dashboard,Email,Support Staff,Enterprise,Medium,EMEA,10,1.01,0,0,0,0,neutral,1,Support
ACCT-026,TKT-771394,2023-07-29,2023-08-03 09:54:53,low,Analytics Dashboard,Live Chat,DevOps,Enterprise,Medium,EMEA,6,2.67,11,0,0,0,neutral,4,Support
ACCT-078,TKT-788793,2024-10-19,2024-10-20 21:33:49,low,Billing,Web Portal,Support Staff,Basic,Small,EMEA,9,5.31,0,0,0,0,neutral,0,Support
ACCT-060,TKT-728636,2024-11-12,2024-11-13 05:52:37,low,Analytics Dashboard,Email,Support Staff,Basic,Small,AMER,10,0.39,3,0,0,0,positive,4,Support
ACCT-076,TKT-277715,2024-11-04,2024-11-06 06:15:25,low,Mobile App,Phone,Product Manager,Plus,Large,AMER,38,3.79,1,0,0,0,,6,Support
ACCT-062,TKT-265092,2023-07-07,2023-07-08 13:12:12,low,Authentication,Live Chat,DevOps,Basic,Medium,APAC,45,0.97,0,0,0,0,neutral,2,Support
ACCT-011,TKT-470281,2023-08-28,2023-09-03 14:46:40,low,Notifications,Web Portal,Support Staff,Plus,Medium,APAC,39,10.59,0,0,0,0,negative,2,Support
ACCT-045,TKT-116112,2024-07-09,2024-07-10 17:57:32,low,Analytics Dashboard,Live Chat,Product Manager,Plus,Medium,APAC,29,2.9,2,0,0,0,positive,4,Support
ACCT-062,TKT-861411,2023-08-10,2023-08-15 01:31:43,low,Mobile App,Web Portal,DevOps,Basic,Small,APAC,3,8.39,2,0,0,0,negative,1,Support
ACCT-036,TKT-955129,2024-12-24,2024-12-29 00:20:43,low,Notifications,Live Chat,Support Staff,Plus,Medium,APAC,8,2.03,0,0,0,0,neutral,3,Support
ACCT-041,TKT-576849,2024-03-10,2024-03-11 00:13:03,low,Analytics Dashboard,Live Chat,DevOps,Basic,Medium,APAC,20,1.66,0,0,0,0,neutral,0,Support
ACCT-102,TKT-526911,2024-07-18,2024-07-20 13:25:25,low,Notifications,Live Chat,Support Staff,Plus,Small,AMER,19,6.27,0,0,0,0,neutral,1,Support
ACCT-035,TKT-408545,2024-10-31,2024-10-31 13:29:01,low,Mobile App,Email,Support Staff,Plus,Medium,AMER,12,2.73,0,0,0,0,neutral,1,Support
ACCT-076,TKT-370211,2024-05-14,2024-05-19 10:22:24,low,Analytics Dashboard,Live Chat,Support Staff,Plus,Medium,APAC,2,0.52,0,0,0,0,neutral,5,Support
ACCT-010,TKT-827912,2024-12-02,2024-12-06 01:20:27,low,Notifications,Email,Support Staff,Plus,Small,APAC,9,5.87,0,0,0,0,neutral,4,Support
ACCT-062,TKT-907369,2024-08-27,2024-09-01 17:53:00,low,Notifications,Web Portal,Finance,Plus,Small,AMER,9,2.87,0,0,0,0,positive,2,Support
ACCT-076,TKT-581137,2024-02-05,2024-02-08 15:29:58,low,Authentication,Email,Product Manager,Plus,Medium,EMEA,60,2.71,0,0,0,0,neutral,3,Support
ACCT-035,TKT-605382,2024-09-14,2024-09-18 19:25:04,low,Analytics Dashboard,Web Portal,Support Staff,Basic,Small,APAC,8,5.41,4,0,0,0,neutral,1,Support
ACCT-062,TKT-926965,2023-09-28,2023-09-29 03:10:37,low,Notifications,Email,Support Staff,Basic,Small,APAC,3,13.54,0,0,0,0,neutral,2,Support
ACCT-071,TKT-431067,2024-01-12,2024-01-15 03:05:12,low,Mobile App,Live Chat,Support Staff,Basic,Small,APAC,1,2.61,6,0,0,0,positive,4,Support
ACCT-056,TKT-110195,2024-07-27,2024-08-01 13:29:47,low,Notifications,Live Chat,Support Staff,Basic,Small,APAC,5,2.26,3,0,0,0,neutral,2,Support
ACCT-041,TKT-806423,2024-02-25,2024-02-26 02:16:22,low,Billing,Email,Executive,Plus,Small,AMER,1,3.55,11,0,0,0,neutral,2,Support
ACCT-020,TKT-599704,2024-05-16,2024-05-16 10:52:27,low,Analytics Dashboard,Email,Support Staff,Plus,Small,AMER,3,5.42,15,0,0,0,neutral,2,Support
ACCT-035,TKT-382146,2024-04-17,2024-04-18 12:34:17,low,Authentication,Live Chat,Support Staff,Basic,Small,APAC,0,6.62,0,0,0,0,neutral,2,Support
ACCT-043,TKT-299405,2023-12-05,2023-12-10 10:24:36,low,Mobile App,Web Portal,DevOps,Basic,Small,APAC,6,5.57,7,0,0,0,neutral,3,Support
ACCT-025,TKT-353814,2024-10-23,2024-10-26 12:11:18,low,Analytics Dashboard,Web Portal,Product Manager,Plus,Small,APAC,3,0.52,0,0,0,0,neutral,0,Support
ACCT-076,TKT-361824,2024-02-27,2024-02-27 22:24:55,low,Analytics Dashboard,Email,DevOps,Basic,Small,APAC,5,3.93,0,0,0,0,neutral,3,Support
ACCT-011,TKT-225701,2025-02-23,2025-02-24 12:49:29,low,Notifications,Email,Support Staff,Basic,Small,APAC,4,10.93,0,0,0,0,neutral,3,Support
ACCT-065,TKT-743644,2023-08-20,2023-08-23 02:55:42,low,Billing,Web Portal,Finance,Basic,Medium,APAC,0,0.0,0,0,0,0,neutral,2,Support
ACCT-078,TKT-144316,2023-06-07,2023-06-10 16:37:52,low,Billing,Phone,DevOps,Plus,Small,AMER,3,0.59,6,0,0,0,neutral,2,Support
ACCT-037,TKT-702427,2024-10-06,2024-10-07 14:22:44,low,Mobile App,Phone,Support Staff,Plus,Medium,EMEA,34,3.78,0,0,0,0,neutral,3,Support
ACCT-025,TKT-635962,2024-03-08,2024-03-10 03:21:23,low,Analytics Dashboard,Phone,DevOps,Plus,Large,AMER,48,4.94,0,0,0,0,positive,7,Support
ACCT-060,TKT-234475,2024-03-13,2024-03-14 17:09:32,low,Authentication,Live Chat,DevOps,Plus,Medium,AMER,15,2.14,0,0,0,0,negative,3,Support
ACCT-026,TKT-667036,2023-07-26,2023-07-28 07:25:42,low,Mobile App,Email,Support Staff,Basic,Small,APAC,4,1.37,0,0,0,0,negative,0,Support
ACCT-056,TKT-819678,2023-07-04,2023-07-06 04:42:03,low,Notifications,Web Portal,Support Staff,Enterprise,Medium,EMEA,25,1.45,2,0,0,0,neutral,4,Support
ACCT-041,TKT-643377,2023-11-26,2023-11-27 23:34:06,low,Notifications,Web Portal,Support Staff,Plus,Small,AMER,1,5.04,0,0,0,0,neutral,0,Support
ACCT-077,TKT-806848,2024-09-14,,low,Billing,Live Chat,Support Staff,Plus,Small,AMER,15,3.9,0,0,0,0,positive,2,Support
ACCT-076,TKT-479167,2024-01-02,2024-01-03 15:13:48,low,Analytics Dashboard,Email,Support Staff,Plus,Medium,APAC,32,1.0,0,0,0,0,neutral,3,Support
ACCT-035,TKT-375617,2025-02-17,2025-02-21 11:14:29,low,Analytics Dashboard,Live Chat,Support Staff,Enterprise,Medium,EMEA,83,1.01,0,0,0,0,neutral,2,Support
ACCT-053,TKT-459762,2024-01-29,2024-01-30 04:16:51,low,Authentication,Web Portal,DevOps,Basic,Small,APAC,5,12.32,0,0,0,0,positive,2,Support
ACCT-076,TKT-539450,2024-06-09,2024-06-09 20:19:55,low,Mobile App,Live Chat,Product Manager,Plus,Medium,AMER,27,0.0,11,0,0,0,negative,3,Support
ACCT-064,TKT-572623,2024-06-16,2024-06-17 13:44:59,low,Authentication,Web Portal,Support Staff,Basic,Small,APAC,8,2.23,14,0,0,0,neutral,2,Support
ACCT-010,TKT-819335,2023-12-02,2023-12-04 12:59:10,low,Billing,Email,Product Manager,Basic,Small,APAC,17,0.0,0,0,0,0,neutral,1,Support
ACCT-079,TKT-943146,2024-01-21,2024-01-25 01:32:18,low,Notifications,Email,Support Staff,Plus,Medium,EMEA,54,3.05,0,0,0,0,neutral,1,Support
ACCT-079,TKT-305587,2024-01-28,2024-01-30 10:59:54,low,Notifications,Email,Finance,Plus,Medium,AMER,45,1.08,0,0,0,0,positive,6,Support
ACCT-010,TKT-595962,2023-10-28,2023-10-31 22:54:15,low,Mobile App,Email,Product Manager,Basic,Small,APAC,10,0.0,0,0,0,0,negative,3,Support
ACCT-025,TKT-990649,2023-06-10,2023-06-10 19:40:20,low,Notifications,Web Portal,Executive,Plus,Small,APAC,14,3.37,0,0,0,0,neutral,2,Support
ACCT-020,TKT-610258,2024-11-11,2024-11-13 08:24:41,low,Mobile App,Email,Finance,Basic,Small,APAC,1,4.52,0,0,0,0,neutral,2,Support
ACCT-048,TKT-150026,2024-04-03,2024-04-04 02:31:45,low,Analytics Dashboard,Live Chat,Support Staff,Plus,Large,EMEA,175,0.57,0,0,0,0,neutral,10,Support
ACCT-036,TKT-325933,2024-07-12,2024-07-12 12:50:15,low,Notifications,Live Chat,Finance,Basic,Medium,APAC,23,1.52,13,0,0,0,neutral,5,Support
ACCT-103,TKT-571706,2024-02-16,2024-02-18 01:44:02,low,Notifications,Live Chat,Product Manager,Basic,Small,AMER,9,1.65,36,0,0,0,neutral,3,Support
ACCT-083,TKT-684572,2024-05-08,2024-05-09 03:21:44,low,Analytics Dashboard,Email,Support Staff,Plus,Small,APAC,5,2.23,11,0,0,0,neutral,1,Support
ACCT-010,TKT-468145,2024-02-19,2024-02-20 11:37:10,low,Notifications,Live Chat,Support Staff,Plus,Small,AMER,14,6.43,0,0,0,0,neutral,4,Support
ACCT-077,TKT-780663,2025-02-10,2025-02-10 21:41:58,low,Analytics Dashboard,Live Chat,Executive,Basic,Medium,APAC,8,1.18,0,0,0,0,negative,0,Support
ACCT-072,TKT-472358,2024-12-03,2024-12-03 19:29:10,low,Notifications,Email,Support Staff,Basic,Small,APAC,5,1.57,15,0,0,0,neutral,3,Support
ACCT-064,TKT-872303,2024-04-28,2024-05-01 02:33:11,low,Analytics Dashboard,Email,Product Manager,Plus,Large,AMER,99,1.1,0,0,0,0,negative,6,Support
ACCT-025,TKT-400441,2024-08-31,2024-09-04 17:41:42,low,Mobile App,Email,Support Staff,Enterprise,Medium,EMEA,20,2.14,0,0,0,0,negative,3,Support
ACCT-017,TKT-275715,2024-09-17,2024-09-19 20:47:59,low,Analytics Dashboard,Email,Finance,Plus,Medium,EMEA,104,2.03,0,0,0,0,neutral,1,Support
ACCT-078,TKT-524434,2024-05-11,2024-05-12 19:42:20,low,Notifications,Live Chat,DevOps,Plus,Medium,AMER,14,4.53,0,0,0,0,negative,2,Support
ACCT-041,TKT-428709,2023-08-13,2023-08-13 11:08:11,low,Authentication,Web Portal,Executive,Basic,Small,APAC,6,3.59,0,0,0,0,negative,3,Support
ACCT-035,TKT-734792,2024-04-20,2024-04-22 23:42:41,low,Mobile App,Web Portal,Support Staff,Basic,Small,APAC,5,2.19,0,0,0,0,negative,0,Support
ACCT-083,TKT-480805,2024-07-09,2024-07-10 04:27:25,low,Billing,Live Chat,DevOps,Enterprise,Large,AMER,56,2.74,0,0,0,0,negative,7,Support
ACCT-041,TKT-275445,2025-01-22,2025-01-24 06:51:36,low,Analytics Dashboard,Live Chat,Support Staff,Plus,Large,EMEA,314,1.08,0,0,0,0,neutral,6,Support
ACCT-114,TKT-346024,2023-12-06,2023-12-10 09:35:10,low,Analytics Dashboard,Live Chat,DevOps,Plus,Medium,APAC,16,7.2,0,0,0,0,neutral,2,Support
ACCT-083,TKT-183953,2024-02-13,2024-02-18 08:06:22,low,Analytics Dashboard,Email,Support Staff,Basic,Small,AMER,5,1.03,0,0,0,0,negative,3,Support
ACCT-025,TKT-166891,2024-01-02,2024-01-02 18:48:05,low,Analytics Dashboard,Email,DevOps,Plus,Medium,APAC,7,2.78,3,0,0,0,neutral,5,Support
ACCT-041,TKT-516297,2024-09-27,2024-09-29 10:09:19,low,Mobile App,Live Chat,Product Manager,Plus,Medium,AMER,13,2.58,14,0,0,0,neutral,3,Support
ACCT-083,TKT-375201,2024-11-18,2024-11-21 16:45:28,low,Mobile App,Web Portal,Support Staff,Basic,Small,APAC,8,2.67,12,0,0,0,negative,9,Support
ACCT-035,TKT-508783,2025-02-22,2025-02-22 17:45:47,low,Analytics Dashboard,Live Chat,Support Staff,Basic,Small,APAC,19,0.2,0,0,0,0,neutral,3,Support
ACCT-062,TKT-564687,2024-04-12,2024-04-13 00:30:08,low,Notifications,Email,Support Staff,Basic,Small,APAC,35,12.96,0,0,0,0,neutral,0,Support
ACCT-101,TKT-129959,2023-10-08,2023-10-08 15:38:39,low,Notifications,Web Portal,Support Staff,Basic,Small,APAC,3,1.44,28,0,0,0,neutral,1,Support
ACCT-077,TKT-440998,2023-07-06,2023-07-09 01:11:04,low,Notifications,Email,DevOps,Plus,Small,APAC,16,6.43,0,0,0,0,neutral,3,Support
ACCT-020,TKT-385647,2024-09-30,2024-10-02 00:40:58,low,Notifications,Phone,DevOps,Plus,Small,AMER,1,4.0,0,0,0,0,positive,1,Support
ACCT-041,TKT-831510,2024-12-13,2024-12-14 22:12:22,low,Notifications,Web Portal,Finance,Plus,Small,AMER,5,2.14,42,0,0,0,neutral,2,Support
ACCT-062,TKT-761701,2024-12-04,2024-12-04 19:42:40,low,Notifications,Web Portal,Product Manager,Basic,Small,APAC,2,2.06,63,0,0,0,negative,3,Support
ACCT-035,TKT-659713,2024-12-29,2024-12-30 21:07:42,low,Authentication,Web Portal,Product Manager,Plus,Medium,EMEA,10,0.59,12,0,0,0,neutral,3,Support
ACCT-073,TKT-338161,2024-04-13,2024-04-17 22:40:07,low,Analytics Dashboard,Email,Product Manager,Plus,Large,EMEA,181,4.24,0,0,0,0,negative,9,Support
ACCT-077,TKT-372427,2023-08-31,2023-09-01 21:52:45,low,Authentication,Live Chat,Product Manager,Enterprise,Large,AMER,0,9.08,0,0,0,0,negative,4,Support
ACCT-060,TKT-954987,2023-11-07,,low,Analytics Dashboard,Email,DevOps,Plus,Medium,APAC,36,2.63,0,0,0,0,neutral,2,Support
ACCT-043,TKT-108721,2023-10-18,2023-10-19 11:35:37,low,Analytics Dashboard,Live Chat,Support Staff,Enterprise,Medium,EMEA,33,0.81,5,0,0,0,neutral,2,Support
ACCT-035,TKT-109576,2024-10-16,2024-10-21 10:21:10,low,Notifications,Web Portal,Support Staff,Basic,Small,APAC,7,5.1,26,0,0,0,neutral,2,Support
ACCT-035,TKT-935471,2024-08-14,2024-08-17 22:31:34,low,Notifications,Email,Product Manager,Plus,Small,AMER,3,19.1,0,0,0,0,negative,2,Support
ACCT-018,TKT-687783,2023-06-08,2023-06-10 10:07:42,low,Mobile App,Web Portal,Product Manager,Plus,Small,AMER,1,1.19,0,0,0,0,neutral,0,Support
ACCT-045,TKT-872924,2024-08-21,2024-08-22 16:49:47,low,Authentication,Email,Support Staff,Basic,Small,APAC,5,8.14,9,0,0,0,neutral,2,Support
ACCT-028,TKT-183057,2024-07-04,2024-07-08 04:17:29,low,Analytics Dashboard,Live Chat,Product Manager,Enterprise,Medium,EMEA,24,1.83,1,0,0,0,neutral,2,Support
ACCT-076,TKT-938817,2024-08-06,2024-08-08 19:56:35,low,Authentication,Web Portal,DevOps,Basic,Small,AMER,7,2.66,0,0,0,0,neutral,4,Support
ACCT-041,TKT-398505,2025-02-17,2025-02-21 00:17:42,low,Authentication,Email,Support Staff,Basic,Small,AMER,44,7.86,0,0,0,0,negative,2,Support
ACCT-106,TKT-994940,2024-11-26,2024-11-30 00:31:31,low,Mobile App,Email,Support Staff,Basic,Small,APAC,5,6.25,0,0,0,0,negative,4,Support
ACCT-055,TKT-767830,2023-08-10,2023-08-10 20:11:44,low,Authentication,Email,Product Manager,Basic,Small,EMEA,18,2.64,0,0,0,0,positive,1,Support
ACCT-041,TKT-753004,2024-09-09,2024-09-11 18:56:03,low,Analytics Dashboard,Web Portal,DevOps,Basic,Small,AMER,7,1.35,0,0,0,0,neutral,3,Support
ACCT-025,TKT-152042,2024-10-16,,low,Analytics Dashboard,Live Chat,Support Staff,Basic,Medium,APAC,6,1.58,0,0,0,0,neutral,1,Support
ACCT-060,TKT-395818,2024-11-29,2024-11-29 06:05:10,low,Billing,Email,Support Staff,Basic,Small,EMEA,8,2.82,0,0,0,0,negative,3,Support
ACCT-041,TKT-108602,2024-03-02,2024-03-02 15:05:53,low,Billing,Web Portal,Support Staff,Plus,Small,APAC,12,1.84,0,0,0,0,neutral,3,Support
ACCT-063,TKT-327738,2024-01-25,,low,Mobile App,Email,Product Manager,Basic,Small,APAC,5,0.8,30,0,0,0,neutral,1,Support
ACCT-035,TKT-622605,2024-05-16,2024-05-17 19:32:12,low,Mobile App,Web Portal,Support Staff,Plus,Medium,EMEA,3,9.34,0,0,0,0,neutral,3,Support
ACCT-043,TKT-446290,2024-06-15,2024-06-17 00:17:26,low,Authentication,Email,Support Staff,Basic,Small,APAC,23,2.9,0,0,0,0,negative,8,Support
ACCT-060,TKT-158760,2023-08-22,2023-08-26 07:20:37,low,Notifications,Email,Support Staff,Plus,Small,AMER,0,2.71,39,0,0,0,neutral,1,Support
ACCT-083,TKT-592984,2024-02-28,2024-03-02 18:34:31,low,Mobile App,Live Chat,DevOps,Basic,Small,AMER,4,2.22,4,0,0,0,positive,4,Support
ACCT-060,TKT-956949,2023-12-03,2023-12-03 21:04:58,low,Analytics Dashboard,Phone,Support Staff,Basic,Small,AMER,2,1.53,0,0,0,0,positive,2,Support
ACCT-072,TKT-905459,2024-06-25,2024-06-29 04:15:25,low,Authentication,Live Chat,Support Staff,Plus,Medium,AMER,95,1.76,0,0,0,0,neutral,2,Support
ACCT-020,TKT-359168,2024-02-10,2024-02-11 15:47:18,low,Notifications,Web Portal,Support Staff,Plus,Medium,EMEA,4,0.6,12,0,0,0,neutral,3,Support
ACCT-076,TKT-198524,2023-07-05,2023-07-05 21:43:11,low,Analytics Dashboard,Web Portal,DevOps,Basic,Small,AMER,7,3.04,18,0,0,0,neutral,3,Support
ACCT-036,TKT-508024,2024-11-15,2024-11-18 01:31:53,low,Notifications,Web Portal,Finance,Plus,Medium,EMEA,61,2.26,0,0,0,0,neutral,3,Support
ACCT-060,TKT-863611,2024-04-15,2024-04-20 06:42:59,low,Notifications,Email,Support Staff,Basic,Small,EMEA,23,4.5,7,0,0,0,negative,3,Support
ACCT-036,TKT-228074,2023-07-14,2023-07-17 13:24:39,low,Analytics Dashboard,Phone,Support Staff,Plus,Medium,EMEA,66,2.23,0,0,0,0,,5,Support
ACCT-036,TKT-477934,2024-02-15,2024-02-17 02:15:53,low,Analytics Dashboard,Web Portal,Support Staff,Plus,Medium,APAC,18,5.0,0,0,0,0,neutral,2,Support
ACCT-075,TKT-218414,2023-07-24,2023-07-28 11:38:31,low,Mobile App,Web Portal,Support Staff,Basic,Small,APAC,11,4.71,13,0,0,0,neutral,4,Support
ACCT-036,TKT-275490,2024-01-28,2024-01-30 20:57:40,low,Authentication,Email,DevOps,Basic,Small,APAC,10,3.1,0,0,0,0,negative,1,Support
ACCT-022,TKT-354897,2024-03-09,2024-03-11 14:39:29,low,Billing,Email,Support Staff,Basic,Small,EMEA,36,1.8,10,0,0,0,neutral,3,Support
ACCT-018,TKT-824305,2023-06-10,2023-06-15 19:08:34,low,Mobile App,Live Chat,Support Staff,Enterprise,Large,AMER,30,2.17,0,0,0,0,positive,3,Support
ACCT-076,TKT-908239,2024-09-29,2024-10-02 04:45:15,low,Mobile App,Email,DevOps,Basic,Small,AMER,1,0.28,0,0,0,0,neutral,4,Support
ACCT-041,TKT-819265,2023-08-31,2023-09-01 02:19:00,low,Authentication,Web Portal,Support Staff,Basic,Small,EMEA,10,13.84,0,0,0,0,neutral,2,Support
ACCT-017,TKT-896456,2025-02-23,2025-02-24 11:02:37,low,Data Pipeline,Email,Product Manager,Plus,Medium,APAC,3,2.83,0,0,0,0,negative,2,Support
ACCT-017,TKT-835395,2023-08-01,2023-08-01 09:29:53,low,Analytics Dashboard,Web Portal,Product Manager,Basic,Small,APAC,8,0.37,0,0,0,0,neutral,2,Support
ACCT-018,TKT-343977,2024-12-01,2024-12-04 21:21:14,low,Analytics Dashboard,Phone,Finance,Enterprise,Medium,EMEA,14,2.54,0,0,0,0,neutral,4,Support
ACCT-076,TKT-893454,2024-04-20,2024-04-26 01:52:21,low,Mobile App,Live Chat,Support Staff,Basic,Small,APAC,0,6.26,2,0,0,0,negative,3,Support
ACCT-107,TKT-302338,2024-05-21,2024-05-24 23:54:51,low,Analytics Dashboard,Email,Support Staff,Basic,Small,APAC,1,2.08,0,0,0,0,neutral,3,Support
ACCT-041,TKT-241276,2023-06-22,2023-06-25 04:52:40,low,Notifications,Phone,Support Staff,Basic,Small,AMER,2,1.7,0,0,0,0,neutral,4,Support
ACCT-041,TKT-558752,2024-02-12,2024-02-16 19:57:51,low,Notifications,Web Portal,Support Staff,Basic,Small,APAC,1,3.54,0,0,0,0,neutral,4,Support
ACCT-111,TKT-298994,2024-12-24,2024-12-25 06:43:19,low,Analytics Dashboard,Live Chat,DevOps,Plus,Medium,APAC,23,3.07,0,0,0,0,positive,3,Support
ACCT-038,TKT-867979,2025-01-01,2025-01-01 20:34:39,low,Analytics Dashboard,Email,Support Staff,Plus,Medium,EMEA,43,0.14,0,0,0,0,neutral,3,Support
ACCT-041,TKT-681456,2024-09-22,2024-09-23 04:50:52,low,Billing,Email,Support Staff,Plus,Small,AMER,9,1.88,0,0,0,0,neutral,4,Support
ACCT-036,TKT-410035,2023-11-12,2023-11-12 10:16:02,low,Notifications,Live Chat,Support Staff,Plus,Medium,EMEA,62,1.75,0,0,0,0,neutral,2,Support
ACCT-058,TKT-913608,2024-02-25,2024-02-27 09:19:40,low,Authentication,Email,Support Staff,Basic,Small,APAC,11,16.37,0,0,0,0,neutral,3,Support
ACCT-026,TKT-119629,2024-10-31,2024-11-01 15:11:24,low,Authentication,Phone,Support Staff,Plus,Medium,EMEA,118,1.89,0,0,0,0,positive,4,Support
ACCT-069,TKT-350385,2025-02-24,2025-02-28 10:08:57,low,Notifications,Phone,Support Staff,Plus,Small,AMER,12,0.19,11,0,0,0,neutral,2,Support
ACCT-102,TKT-665136,2024-04-24,2024-04-27 09:39:32,low,Billing,Web Portal,Finance,Basic,Small,EMEA,3,1.55,41,0,0,0,negative,2,Support
ACCT-031,TKT-902930,2024-07-01,2024-07-01 20:52:18,low,Notifications,Web Portal,Support Staff,Plus,Medium,EMEA,13,2.6,3,0,0,0,positive,1,Support
ACCT-038,TKT-529711,2024-12-16,2024-12-16 17:39:42,low,Billing,Web Portal,Support Staff,Enterprise,Medium,EMEA,45,2.03,0,0,0,0,neutral,2,Support
ACCT-035,TKT-169918,2024-04-25,2024-04-25 13:49:47,low,Analytics Dashboard,Email,Support Staff,Basic,Small,APAC,13,2.43,0,0,0,0,neutral,2,Support
ACCT-018,TKT-132792,2023-07-15,2023-07-19 05:38:24,low,Mobile App,Email,DevOps,Basic,Small,AMER,2,6.76,28,0,0,0,neutral,0,Support
ACCT-020,TKT-133362,2023-12-24,2023-12-24 13:32:05,low,Mobile App,Email,Support Staff,Basic,Small,APAC,10,4.19,0,0,0,0,neutral,2,Support
ACCT-072,TKT-613707,2025-01-05,2025-01-07 22:09:40,low,Authentication,Web Portal,Support Staff,Enterprise,Medium,EMEA,0,2.66,0,0,0,0,positive,3,Support
ACCT-033,TKT-151470,2024-11-20,2024-11-22 19:45:45,low,Analytics Dashboard,Web Portal,Product Manager,Enterprise,Medium,EMEA,78,0.73,0,0,0,0,neutral,3,Support
ACCT-053,TKT-113721,2024-06-10,2024-06-10 23:42:02,low,Mobile App,Web Portal,Support Staff,Plus,Medium,EMEA,36,1.39,0,0,0,0,positive,3,Support
ACCT-036,TKT-972496,2023-12-31,2024-01-03 00:05:30,low,Authentication,Web Portal,Product Manager,Basic,Small,APAC,6,2.41,0,0,0,0,negative,5,Support
ACCT-058,TKT-478458,2023-08-21,2023-08-23 00:46:47,low,Mobile App,Email,Support Staff,Basic,Small,APAC,3,0.83,0,0,0,0,positive,3,Support
ACCT-043,TKT-961957,2024-12-23,2024-12-26 13:12:33,low,Notifications,Email,Support Staff,Basic,Medium,APAC,51,2.74,0,0,0,0,positive,1,Support
ACCT-043,TKT-746901,2024-06-12,2024-06-15 21:51:13,low,Notifications,Web Portal,Product Manager,Plus,Medium,APAC,18,3.5,0,0,0,0,neutral,3,Support
ACCT-041,TKT-974991,2024-02-28,2024-03-01 07:49:08,low,Authentication,Web Portal,Product Manager,Basic,Small,EMEA,16,4.66,0,0,0,0,negative,7,Support
ACCT-018,TKT-644719,2024-04-07,2024-04-07 11:02:11,low,Analytics Dashboard,Email,DevOps,Plus,Small,AMER,2,0.16,3,0,0,0,neutral,2,Support
ACCT-077,TKT-504048,2023-09-08,2023-09-08 13:01:53,low,Mobile App,Phone,Support Staff,Enterprise,Medium,EMEA,6,1.76,0,0,0,0,neutral,4,Support
ACCT-058,TKT-697717,2023-12-12,2023-12-12 21:10:02,low,Authentication,Web Portal,Support Staff,Basic,Small,APAC,3,3.21,0,0,0,0,neutral,3,Support
ACCT-025,TKT-882351,2023-12-01,2023-12-03 11:22:37,low,Analytics Dashboard,Live Chat,Support Staff,Enterprise,Medium,EMEA,36,1.22,0,0,0,0,neutral,4,Support
ACCT-076,TKT-807256,2023-09-17,2023-09-20 16:58:30,low,Analytics Dashboard,Phone,Executive,Plus,Medium,EMEA,6,1.18,0,0,0,0,neutral,2,Support
ACCT-038,TKT-209159,2024-09-12,2024-09-15 06:50:57,low,Analytics Dashboard,Phone,DevOps,Plus,Medium,APAC,16,1.61,0,0,0,0,neutral,6,Support
ACCT-043,TKT-629208,2023-11-18,2023-11-21 21:31:56,low,Analytics Dashboard,Web Portal,Support Staff,Plus,Medium,EMEA,22,0.75,7,0,0,0,negative,4,Support
ACCT-022,TKT-729057,2024-05-11,2024-05-14 00:20:25,low,Mobile App,Live Chat,DevOps,Basic,Medium,APAC,48,2.77,0,0,0,0,negative,0,Support
ACCT-035,TKT-676802,2024-08-27,2024-09-01 05:51:11,low,Authentication,Email,Support Staff,Basic,Small,APAC,4,12.7,7,0,0,0,positive,1,Support
ACCT-025,TKT-764001,2024-04-28,2024-05-02 07:36:51,low,Notifications,Web Portal,Support Staff,Plus,Small,APAC,4,3.87,0,0,0,0,neutral,2,Support
ACCT-020,TKT-352415,2024-08-14,2024-08-18 03:50:41,low,Analytics Dashboard,Email,Support Staff,Plus,Medium,EMEA,105,0.67,0,0,0,0,negative,5,Support
ACCT-082,TKT-676967,2024-12-28,2024-12-30 09:48:51,low,Authentication,Web Portal,Support Staff,Basic,Small,APAC,13,11.21,0,0,0,0,negative,4,Support
ACCT-058,TKT-516379,2024-02-16,2024-02-17 13:13:51,low,Notifications,Email,Support Staff,Plus,Medium,AMER,27,2.96,0,0,0,0,negative,5,Support
ACCT-008,TKT-724702,2023-06-01,2023-06-04 10:29:04,low,Billing,Email,Support Staff,Basic,Small,EMEA,2,8.39,0,0,0,0,neutral,1,Support
ACCT-083,TKT-416503,2023-06-17,2023-06-19 06:28:05,low,Analytics Dashboard,Email,DevOps,Basic,Small,AMER,0,1.6,0,0,0,0,negative,1,Support
ACCT-074,TKT-997287,2023-06-07,2023-06-08 07:16:12,low,Authentication,Live Chat,Support Staff,Plus,Large,AMER,106,0.73,0,0,0,0,positive,10,Support
ACCT-065,TKT-823222,2024-04-18,2024-04-18 06:02:12,low,Notifications,Web Portal,Product Manager,Plus,Medium,AMER,98,1.15,0,0,0,0,neutral,5,Support
ACCT-056,TKT-698388,2024-03-09,2024-03-14 01:30:35,low,Analytics Dashboard,Email,Support Staff,Plus,Small,AMER,13,1.35,27,0,0,0,positive,3,Support
ACCT-025,TKT-472932,2025-01-06,2025-01-06 17:42:48,low,Analytics Dashboard,Email,DevOps,Enterprise,Medium,EMEA,7,0.57,16,0,0,0,negative,4,Support
ACCT-043,TKT-710434,2023-11-07,2023-11-07 16:16:15,low,Mobile App,Email,Executive,Basic,Small,APAC,1,2.24,0,0,0,0,neutral,0,Support
ACCT-075,TKT-196369,2024-02-11,2024-02-12 00:50:28,low,Notifications,Web Portal,Support Staff,Plus,Medium,EMEA,100,2.18,0,0,0,0,neutral,0,Support
ACCT-060,TKT-869933,2025-01-05,2025-01-06 17:21:40,low,Notifications,Email,Support Staff,Basic,Small,APAC,3,5.01,0,0,0,0,negative,2,Support
ACCT-017,TKT-281301,2023-08-19,2023-08-22 10:03:30,low,Mobile App,Email,Product Manager,Basic,Small,APAC,1,12.35,0,0,0,0,negative,3,Support
ACCT-036,TKT-704223,2024-10-12,2024-10-16 03:45:23,low,Notifications,Web Portal,DevOps,Basic,Small,APAC,3,1.06,13,0,0,0,neutral,1,Support
ACCT-083,TKT-866288,2023-09-06,2023-09-08 16:00:09,low,Analytics Dashboard,Live Chat,Support Staff,Basic,Medium,APAC,14,1.82,8,0,0,0,negative,3,Support
ACCT-102,TKT-908348,2025-01-11,2025-01-12 15:27:00,low,Analytics Dashboard,Live Chat,Finance,Plus,Medium,AMER,31,3.16,0,0,0,0,neutral,1,Support
ACCT-022,TKT-536754,2024-05-08,2024-05-09 12:00:09,low,Notifications,Web Portal,DevOps,Basic,Small,APAC,7,3.29,0,0,0,0,neutral,4,Support
ACCT-076,TKT-784488,2023-10-02,2023-10-06 13:00:51,low,Notifications,Web Portal,DevOps,Plus,Small,APAC,10,12.3,0,0,0,0,negative,2,Support
ACCT-076,TKT-762903,2025-02-06,2025-02-11 04:20:16,low,Notifications,Web Portal,DevOps,Basic,Small,APAC,2,0.6,0,0,0,0,neutral,4,Support
ACCT-083,TKT-434827,2024-06-26,2024-06-26 09:01:22,low,Mobile App,Web Portal,Support Staff,Plus,Medium,EMEA,10,0.0,0,0,0,0,neutral,4,Support
ACCT-083,TKT-831663,2024-12-04,2024-12-06 12:10:41,low,Mobile App,Live Chat,Support Staff,Basic,Small,APAC,7,2.36,0,0,0,0,neutral,4,Support
ACCT-043,TKT-511967,2024-01-13,2024-01-13 17:34:43,low,Mobile App,Web Portal,Product Manager,Basic,Small,APAC,2,5.7,0,0,0,0,negative,1,Support
ACCT-113,TKT-194458,2024-08-30,2024-09-02 14:44:03,low,Authentication,Email,Support Staff,Plus,Small,APAC,11,2.76,14,0,0,0,neutral,2,Support
ACCT-060,TKT-255202,2024-01-14,2024-01-15 20:47:53,low,Analytics Dashboard,Web Portal,Support Staff,Plus,Large,EMEA,129,3.49,0,0,0,0,neutral,6,Support
ACCT-024,TKT-881519,2023-10-14,2023-10-15 10:49:02,low,Mobile App,Email,Support Staff,Basic,Small,APAC,5,2.04,0,0,0,0,neutral,5,Support
ACCT-035,TKT-517885,2023-07-21,2023-07-23 10:07:16,low,Analytics Dashboard,Web Portal,Product Manager,Basic,Small,AMER,4,1.98,9,0,0,0,neutral,5,Support
ACCT-020,TKT-899049,2024-10-26,2024-10-27 21:04:32,low,Mobile App,Web Portal,Product Manager,Plus,Small,AMER,0,5.41,0,0,0,0,neutral,3,Support
ACCT-072,TKT-514521,2023-10-17,2023-10-19 02:13:48,low,Billing,Web Portal,DevOps,Basic,Small,APAC,6,0.3,0,0,1,0,neutral,4,Support
ACCT-060,TKT-871403,2025-01-06,2025-01-06 21:26:19,low,Mobile App,Live Chat,Finance,Basic,Small,APAC,1,1.56,18,0,0,0,neutral,3,Support
ACCT-043,TKT-914504,2024-11-18,2024-11-19 02:05:00,low,Analytics Dashboard,Web Portal,Executive,Plus,Medium,APAC,13,1.84,0,0,0,0,neutral,3,Support
ACCT-018,TKT-193946,2024-08-14,2024-08-15 09:32:38,low,Authentication,Email,Support Staff,Basic,Small,APAC,3,5.72,0,0,0,0,positive,1,Support
ACCT-035,TKT-465227,2023-09-24,2023-09-27 02:20:48,low,Authentication,Web Portal,Finance,Enterprise,Medium,EMEA,49,2.21,0,0,0,0,neutral,1,Support
ACCT-041,TKT-125382,2023-12-13,2023-12-14 09:16:42,low,Notifications,Web Portal,Support Staff,Enterprise,Medium,EMEA,94,1.55,0,0,0,0,neutral,6,Support
ACCT-106,TKT-961493,2024-04-08,2024-04-08 19:00:42,low,Analytics Dashboard,Live Chat,Support Staff,Basic,Small,APAC,2,2.12,4,0,0,0,neutral,2,Support
ACCT-060,TKT-957915,2024-08-26,2024-08-28 19:39:27,low,Notifications,Live Chat,DevOps,Plus,Medium,EMEA,25,5.16,0,0,0,0,neutral,6,Support
ACCT-060,TKT-894541,2024-01-26,2024-01-26 21:45:57,low,Mobile App,Web Portal,Executive,Enterprise,Medium,EMEA,14,0.42,0,0,0,0,negative,6,Support
ACCT-050,TKT-751168,2023-08-27,2023-08-27 13:59:43,low,Mobile App,Web Portal,Product Manager,Basic,Small,APAC,2,3.31,16,0,0,0,negative,4,Support
ACCT-021,TKT-114400,2023-10-30,2023-11-03 12:46:50,low,Mobile App,Live Chat,Support Staff,Enterprise,Medium,EMEA,31,1.6,0,0,0,0,neutral,1,Support
ACCT-064,TKT-571923,2024-05-17,2024-05-20 05:32:48,low,Authentication,Email,DevOps,Basic,Small,APAC,5,2.48,0,0,0,0,neutral,5,Support
ACCT-018,TKT-664139,2024-09-25,2024-09-25 06:09:24,low,Data Pipeline,Web Portal,DevOps,Basic,Medium,APAC,38,4.81,0,0,0,0,neutral,1,Support
ACCT-062,TKT-371222,2024-01-03,2024-01-03 22:08:32,low,Analytics Dashboard,Live Chat,Product Manager,Plus,Large,AMER,8,1.14,0,0,0,0,positive,5,Support
ACCT-022,TKT-248213,2024-12-13,2024-12-15 02:28:08,low,Notifications,Email,Support Staff,Basic,Small,APAC,8,6.95,7,0,0,0,neutral,3,Support
ACCT-072,TKT-652388,2023-06-19,2023-06-20 14:56:15,low,Notifications,Live Chat,Support Staff,Plus,Small,AMER,12,1.65,0,0,0,0,neutral,7,Support
ACCT-058,TKT-310445,2023-07-15,2023-07-16 02:57:11,low,Analytics Dashboard,Live Chat,Finance,Plus,Medium,APAC,35,3.89,0,0,0,0,neutral,3,Support
ACCT-036,TKT-108739,2025-02-22,2025-02-23 04:27:36,low,Analytics Dashboard,Email,DevOps,Basic,Small,APAC,9,5.08,7,0,0,0,neutral,6,Support
ACCT-013,TKT-993473,2023-08-08,2023-08-09 16:11:23,low,Authentication,Live Chat,Support Staff,Enterprise,Medium,EMEA,36,5.14,0,0,0,0,neutral,4,Support
ACCT-008,TKT-780956,2024-06-03,,low,Mobile App,Web Portal,Support Staff,Basic,Small,APAC,10,2.19,0,0,0,0,neutral,2,Support
ACCT-053,TKT-844162,2024-06-30,2024-07-01 00:40:15,low,Mobile App,Web Portal,Support Staff,Basic,Small,APAC,1,0.0,0,0,0,0,positive,1,Support
ACCT-079,TKT-726111,2023-09-10,2023-09-14 21:19:09,low,Analytics Dashboard,Phone,Support Staff,Plus,Large,AMER,643,0.64,0,0,0,0,,7,Support
ACCT-063,TKT-580233,2024-11-26,2024-11-26 11:53:49,low,Analytics Dashboard,Email,Support Staff,Plus,Medium,EMEA,12,0.48,0,0,0,0,neutral,1,Support
ACCT-013,TKT-359409,2024-12-26,2024-12-31 03:38:19,low,Mobile App,Web Portal,Product Manager,Basic,Small,AMER,2,3.46,2,0,0,0,neutral,3,Support
ACCT-060,TKT-880550,2024-11-24,2024-11-25 07:43:10,low,Data Pipeline,Web Portal,Support Staff,Plus,Medium,EMEA,36,2.69,0,0,0,0,neutral,2,Support
ACCT-073,TKT-472640,2023-11-08,2023-11-08 05:38:03,low,Mobile App,Email,Product Manager,Basic,Small,APAC,6,0.63,0,0,0,0,neutral,4,Support
ACCT-036,TKT-625600,2024-04-05,2024-04-06 01:08:28,low,Authentication,Web Portal,Finance,Plus,Small,AMER,7,0.67,11,0,0,0,neutral,2,Support
ACCT-010,TKT-505977,2024-03-09,2024-03-13 01:06:14,low,Mobile App,Live Chat,Support Staff,Plus,Small,AMER,1,0.77,17,0,0,0,neutral,1,Support
ACCT-106,TKT-336540,2023-07-01,2023-07-06 09:21:53,low,Mobile App,Web Portal,Support Staff,Basic,Small,APAC,11,2.2,0,0,0,0,neutral,3,Support
ACCT-041,TKT-243928,2023-11-03,2023-11-04 11:22:56,low,Mobile App,Live Chat,DevOps,Plus,Medium,AMER,60,0.0,7,0,0,0,negative,2,Support
ACCT-077,TKT-810929,2023-08-29,2023-09-01 11:02:42,low,Analytics Dashboard,Phone,Support Staff,Plus,Medium,AMER,9,0.55,0,0,0,0,negative,4,Support
ACCT-037,TKT-537605,2025-02-17,2025-02-21 13:40:42,low,Billing,Web Portal,Finance,Enterprise,Large,APAC,14,0.0,0,0,0,0,positive,8,Support
ACCT-018,TKT-427557,2024-02-02,2024-02-04 13:10:20,low,Mobile App,Web Portal,Support Staff,Plus,Medium,EMEA,11,0.0,36,0,0,0,neutral,3,Support
ACCT-079,TKT-316800,2025-02-09,2025-02-10 10:07:43,low,Billing,Live Chat,Support Staff,Basic,Small,APAC,27,2.8,0,0,0,0,neutral,1,Support
ACCT-011,TKT-312137,2023-10-20,2023-10-22 14:11:39,low,Mobile App,Email,Support Staff,Basic,Small,APAC,4,4.15,33,0,0,0,negative,2,Support
ACCT-036,TKT-649249,2023-10-20,2023-10-21 08:07:09,low,Analytics Dashboard,Web Portal,DevOps,Plus,Medium,APAC,36,0.71,17,0,0,0,neutral,1,Support
ACCT-035,TKT-907455,2023-10-17,2023-10-18 20:35:43,low,Mobile App,Live Chat,Product Manager,Plus,Medium,APAC,37,4.88,0,0,0,0,neutral,3,Support
ACCT-043,TKT-265725,2023-10-27,2023-10-30 00:09:32,low,Notifications,Email,Product Manager,Basic,Small,APAC,3,6.9,12,0,0,0,neutral,4,Support
ACCT-083,TKT-854388,2024-04-21,2024-04-21 10:10:38,low,Analytics Dashboard,Live Chat,Support Staff,Plus,Medium,AMER,9,2.47,0,0,0,0,neutral,0,Support
ACCT-076,TKT-252591,2023-09-30,2023-09-30 20:21:07,low,Analytics Dashboard,Web Portal,Product Manager,Plus,Medium,APAC,38,1.63,0,0,0,0,neutral,4,Support
ACCT-050,TKT-534152,2023-07-01,2023-07-04 16:49:55,low,Authentication,Email,Support Staff,Basic,Small,AMER,4,8.24,0,0,0,0,neutral,2,Support
ACCT-043,TKT-961613,2024-07-26,2024-07-27 07:33:53,low,Authentication,Web Portal,Support Staff,Basic,Small,AMER,6,13.12,0,0,0,0,neutral,3,Support
ACCT-036,TKT-237935,2024-03-07,2024-03-07 17:28:06,low,Data Pipeline,Phone,Support Staff,Basic,Medium,APAC,23,10.0,0,0,0,0,neutral,1,Support
ACCT-027,TKT-746915,2023-12-07,2023-12-07 06:32:02,low,Mobile App,Live Chat,Product Manager,Plus,Small,APAC,3,4.11,0,0,0,0,neutral,2,Support
ACCT-013,TKT-725329,2024-02-29,2024-03-02 17:20:38,low,Mobile App,Web Portal,Support Staff,Basic,Small,APAC,8,6.5,5,0,0,0,neutral,3,Support
ACCT-076,TKT-183336,2024-01-24,2024-01-25 00:38:49,low,Analytics Dashboard,Web Portal,DevOps,Basic,Small,AMER,2,2.51,6,0,0,0,neutral,2,Support
ACCT-020,TKT-591534,2024-10-01,2024-10-01 15:53:26,low,Analytics Dashboard,Phone,Support Staff,Plus,Large,EMEA,155,2.39,0,0,0,0,negative,5,Support
ACCT-079,TKT-596864,2024-06-17,2024-06-17 20:20:15,low,Mobile App,Email,Support Staff,Enterprise,Medium,EMEA,2,1.76,0,0,0,0,neutral,4,Support
ACCT-024,TKT-528436,2023-10-19,2023-10-19 18:31:19,low,Analytics Dashboard,Email,Support Staff,Plus,Small,AMER,0,0.5,12,0,0,0,neutral,2,Support
ACCT-056,TKT-333365,2023-06-16,2023-06-21 03:21:50,low,Analytics Dashboard,Web Portal,Support Staff,Enterprise,Medium,EMEA,42,3.52,0,0,0,0,neutral,4,Support
ACCT-085,TKT-560623,2023-12-25,2023-12-28 15:32:59,low,Notifications,Live Chat,Support Staff,Enterprise,Medium,EMEA,29,9.85,0,0,0,0,neutral,2,Support
ACCT-050,TKT-579770,2025-02-21,2025-02-23 03:15:28,low,Notifications,Web Portal,Support Staff,Basic,Small,APAC,3,1.76,36,0,0,0,neutral,1,Support
ACCT-020,TKT-737460,2024-02-08,2024-02-09 20:19:26,low,Mobile App,Email,Support Staff,Enterprise,Medium,EMEA,40,1.44,0,0,0,0,positive,2,Support
ACCT-041,TKT-878533,2024-06-24,2024-06-27 09:32:05,low,Analytics Dashboard,Live Chat,Finance,Plus,Medium,AMER,6,0.56,14,0,0,0,neutral,2,Support
ACCT-065,TKT-838315,2025-01-06,2025-01-08 15:49:11,low,Notifications,Web Portal,Support Staff,Basic,Small,APAC,42,3.96,0,0,0,0,neutral,1,Support
ACCT-035,TKT-967182,2023-07-10,2023-07-12 06:49:35,low,Analytics Dashboard,Email,Support Staff,Basic,Small,AMER,6,0.73,23,0,0,0,neutral,4,Support
ACCT-036,TKT-663996,2023-07-14,2023-07-18 14:51:12,low,Notifications,Web Portal,DevOps,Plus,Medium,APAC,41,4.55,0,0,0,0,neutral,2,Support
ACCT-036,TKT-506216,2024-07-10,2024-07-16 03:12:51,low,Analytics Dashboard,Phone,Support Staff,Plus,Large,EMEA,37,0.86,0,0,0,0,negative,6,Support
ACCT-055,TKT-299072,2024-11-10,2024-11-13 16:47:07,low,Notifications,Web Portal,Executive,Basic,Small,APAC,3,4.07,0,0,0,0,neutral,0,Support
ACCT-060,TKT-911259,2024-03-25,2024-03-26 21:37:37,low,Authentication,Email,DevOps,Basic,Small,AMER,4,4.43,0,0,0,0,neutral,5,Support
ACCT-110,TKT-742917,2024-03-19,2024-03-21 00:01:47,low,Analytics Dashboard,Email,Support Staff,Plus,Large,AMER,128,0.5,0,0,0,0,negative,3,Support
ACCT-020,TKT-586097,2023-07-26,2023-07-29 04:58:51,low,Analytics Dashboard,Email,Support Staff,Basic,Small,EMEA,5,7.19,0,0,0,0,neutral,1,Support
ACCT-078,TKT-288503,2024-09-05,2024-09-05 12:06:16,low,Mobile App,Web Portal,Product Manager,Plus,Medium,EMEA,25,2.7,0,0,0,0,negative,3,Support
ACCT-101,TKT-241879,2025-01-20,2025-01-25 07:14:47,low,Mobile App,Email,DevOps,Basic,Small,APAC,0,5.25,3,0,0,0,neutral,3,Support
ACCT-101,TKT-287567,2024-07-07,2024-07-08 18:49:16,low,Billing,Web Portal,Support Staff,Basic,Small,APAC,3,6.88,12,0,0,0,neutral,2,Support
ACCT-067,TKT-311741,2024-09-07,2024-09-09 15:22:23,low,Mobile App,Web Portal,Executive,Plus,Small,AMER,0,4.43,0,0,0,0,neutral,1,Support
ACCT-083,TKT-780081,2024-09-08,2024-09-08 12:04:55,low,Mobile App,Live Chat,Finance,Plus,Medium,AMER,22,7.67,0,0,0,0,neutral,2,Support
ACCT-076,TKT-219710,2023-11-15,2023-11-18 09:15:11,low,Notifications,Email,Support Staff,Basic,Small,APAC,6,1.06,17,0,0,0,positive,4,Support
ACCT-045,TKT-841635,2024-09-03,2024-09-05 21:07:05,low,Analytics Dashboard,Email,Product Manager,Basic,Small,APAC,4,0.45,24,0,0,0,neutral,2,Support
ACCT-025,TKT-741804,2024-06-28,2024-07-01 10:34:19,low,Authentication,Web Portal,DevOps,Basic,Small,APAC,3,4.0,0,0,0,0,neutral,0,Support
ACCT-041,TKT-905579,2023-11-11,2023-11-12 15:09:08,low,Notifications,Email,Support Staff,Plus,Medium,EMEA,36,2.44,0,0,0,0,neutral,5,Support
ACCT-076,TKT-791567,2023-11-22,2023-11-26 23:34:43,low,Analytics Dashboard,Phone,Support Staff,Plus,Small,AMER,1,3.61,0,0,0,0,negative,1,Support
ACCT-083,TKT-906519,2023-11-01,2023-11-01 18:22:25,low,Billing,Live Chat,DevOps,Plus,Medium,AMER,1,1.11,0,0,0,0,neutral,2,Support
ACCT-041,TKT-905967,2023-07-23,2023-07-24 19:27:56,low,Notifications,Web Portal,Support Staff,Basic,Small,APAC,0,7.06,0,0,0,0,neutral,2,Support
ACCT-018,TKT-237962,2024-08-30,2024-08-31 06:08:44,low,Analytics Dashboard,Email,Support Staff,Plus,Small,APAC,4,0.87,26,0,0,0,neutral,2,Support
ACCT-023,TKT-112800,2023-12-25,2023-12-25 03:01:56,low,Analytics Dashboard,Email,Support Staff,Plus,Large,AMER,135,0.37,0,0,0,0,positive,1,Support
ACCT-076,TKT-946677,2024-09-12,2024-09-14 04:08:26,low,Mobile App,Live Chat,Support Staff,Plus,Medium,AMER,37,8.45,0,0,0,0,neutral,4,Support
ACCT-043,TKT-327408,2023-06-06,2023-06-08 17:39:15,low,Notifications,Live Chat,Support Staff,Plus,Small,AMER,1,7.81,0,0,0,0,neutral,4,Support
ACCT-058,TKT-563339,2025-01-23,2025-01-26 00:36:41,low,Analytics Dashboard,Web Portal,Executive,Enterprise,Medium,EMEA,11,0.35,0,0,0,0,neutral,4,Support
ACCT-078,TKT-673929,2023-08-21,,low,Analytics Dashboard,Web Portal,Finance,Plus,Large,AMER,138,2.57,0,0,0,0,neutral,4,Support
ACCT-022,TKT-965339,2024-03-11,2024-03-13 19:12:14,low,Notifications,Email,Product Manager,Plus,Medium,EMEA,46,6.43,0,0,0,0,negative,0,Support
ACCT-059,TKT-785010,2023-12-30,2023-12-30 08:35:08,low,Mobile App,Live Chat,Finance,Plus,Medium,EMEA,18,9.28,0,0,0,0,negative,2,Support
ACCT-104,TKT-799396,2024-05-23,2024-05-23 07:33:06,low,Analytics Dashboard,Phone,Support Staff,Enterprise,Medium,EMEA,70,0.5,0,0,0,0,,6,Support
ACCT-060,TKT-191962,2025-01-12,2025-01-16 06:12:37,low,Notifications,Web Portal,Product Manager,Basic,Small,APAC,3,9.99,8,0,0,0,neutral,4,Support
ACCT-020,TKT-269172,2023-07-21,2023-07-21 13:41:36,low,Mobile App,Web Portal,Product Manager,Basic,Small,APAC,3,14.49,8,0,0,0,neutral,6,Support
ACCT-026,TKT-723870,2024-03-18,2024-03-20 18:03:37,low,Analytics Dashboard,Web Portal,Support Staff,Plus,Small,AMER,1,1.17,22,0,0,0,neutral,4,Support
ACCT-077,TKT-577456,2025-01-07,2025-01-10 20:36:48,low,Mobile App,Live Chat,DevOps,Basic,Small,APAC,1,9.22,0,0,0,0,neutral,0,Support
ACCT-025,TKT-905843,2025-01-13,2025-01-14 13:14:57,low,Notifications,Phone,DevOps,Plus,Medium,AMER,29,11.68,0,0,0,0,neutral,0,Support
ACCT-053,TKT-960109,2024-04-02,2024-04-03 09:29:07,low,Notifications,Live Chat,DevOps,Plus,Medium,EMEA,50,6.44,0,0,0,0,neutral,1,Support
ACCT-041,TKT-168079,2023-08-09,2023-08-12 15:39:37,low,Authentication,Web Portal,Finance,Plus,Small,AMER,13,5.78,0,0,0,0,positive,3,Support
ACCT-041,TKT-387748,2024-03-26,2024-03-28 01:05:21,low,Analytics Dashboard,Web Portal,Product Manager,Basic,Small,APAC,2,2.45,59,0,0,0,neutral,2,Support
ACCT-031,TKT-829630,2024-05-03,2024-05-05 07:35:05,low,Analytics Dashboard,Web Portal,Product Manager,Plus,Small,AMER,5,2.24,10,0,0,0,neutral,1,Support
ACCT-060,TKT-865175,2024-01-01,2024-01-03 18:11:12,low,Mobile App,Web Portal,Support Staff,Basic,Small,AMER,2,2.24,36,0,0,0,negative,1,Support
ACCT-078,TKT-822106,2024-11-23,2024-11-29 05:29:54,low,Notifications,Email,Support Staff,Basic,Small,AMER,9,9.22,5,0,0,0,neutral,3,Support
ACCT-035,TKT-401137,2025-02-09,2025-02-14 05:58:16,low,Notifications,Phone,Support Staff,Plus,Medium,AMER,0,0.92,26,0,0,0,neutral,3,Support
ACCT-038,TKT-650912,2024-08-11,2024-08-13 17:45:59,low,Analytics Dashboard,Web Portal,Support Staff,Basic,Small,AMER,7,4.18,0,0,0,0,negative,2,Support
ACCT-041,TKT-236014,2025-01-09,2025-01-15 12:28:10,low,Mobile App,Web Portal,Support Staff,Basic,Small,APAC,8,1.12,0,0,0,0,neutral,0,Support
ACCT-043,TKT-762550,2025-02-19,2025-02-21 11:53:46,low,Notifications,Email,Support Staff,Plus,Medium,APAC,9,3.25,0,0,0,0,neutral,3,Support
ACCT-043,TKT-739008,2024-10-22,2024-10-24 03:33:04,low,Mobile App,Web Portal,Finance,Plus,Medium,AMER,12,7.02,0,0,0,0,neutral,4,Support
ACCT-060,TKT-101657,2024-01-25,2024-01-28 07:45:30,low,Data Pipeline,Email,Product Manager,Plus,Medium,EMEA,11,7.17,0,0,0,0,negative,1,Support
ACCT-020,TKT-223654,2023-09-30,2023-09-30 06:17:43,low,Notifications,Email,Support Staff,Basic,Small,APAC,3,2.54,9,0,0,0,neutral,1,Support
ACCT-076,TKT-534153,2023-12-30,2024-01-02 22:49:03,low,Analytics Dashboard,Live Chat,Finance,Enterprise,Medium,EMEA,11,0.14,10,0,0,0,neutral,6,Support
ACCT-043,TKT-768470,2023-07-17,2023-07-18 10:34:45,low,Analytics Dashboard,Email,Support Staff,Basic,Medium,APAC,6,6.62,10,0,0,0,negative,3,Support
ACCT-041,TKT-395307,2024-01-04,2024-01-04 04:38:02,low,Notifications,Web Portal,Product Manager,Basic,Small,APAC,1,7.11,0,0,0,0,neutral,1,Support
ACCT-010,TKT-631302,2024-02-16,2024-02-19 21:07:36,low,Analytics Dashboard,Email,Support Staff,Basic,Small,APAC,3,1.33,0,0,0,0,neutral,1,Support
ACCT-032,TKT-819150,2024-12-15,,low,Billing,Web Portal,Finance,Plus,Small,AMER,6,1.01,0,0,0,0,neutral,2,Support
ACCT-035,TKT-745915,2024-05-07,2024-05-08 11:20:22,low,Billing,Web Portal,Support Staff,Basic,Small,AMER,4,6.83,11,0,0,0,neutral,2,Support
ACCT-076,TKT-974329,2023-06-30,2023-07-04 05:00:31,low,Mobile App,Live Chat,DevOps,Plus,Medium,EMEA,15,7.54,0,0,0,0,neutral,1,Support
ACCT-079,TKT-597549,2024-05-12,2024-05-17 02:25:45,low,Notifications,Live Chat,Support Staff,Basic,Small,APAC,3,2.87,35,0,0,0,neutral,4,Support
ACCT-058,TKT-757667,2023-07-07,2023-07-09 22:41:43,low,Billing,Email,DevOps,Plus,Medium,AMER,136,1.12,0,0,0,0,neutral,0,Support
ACCT-045,TKT-451387,2024-09-14,2024-09-18 18:17:42,low,Analytics Dashboard,Phone,Support Staff,Basic,Small,AMER,1,3.22,5,0,0,0,neutral,4,Support
ACCT-036,TKT-878656,2024-09-16,2024-09-19 20:01:39,low,Billing,Email,Support Staff,Plus,Small,AMER,37,0.54,0,0,0,0,positive,1,Support
ACCT-079,TKT-860180,2023-07-28,2023-08-01 05:37:20,low,Mobile App,Web Portal,Support Staff,Plus,Small,AMER,13,0.0,22,0,0,0,neutral,3,Support
ACCT-041,TKT-705445,2024-04-19,,low,Authentication,Web Portal,Finance,Enterprise,Medium,EMEA,53,2.3,0,0,0,0,neutral,1,Support
ACCT-001,TKT-470771,2024-05-05,2024-05-08 22:48:44,low,Notifications,Email,DevOps,Basic,Small,APAC,2,2.83,0,0,0,0,neutral,2,Support
ACCT-040,TKT-132687,2023-08-07,2023-08-12 19:30:20,low,Mobile App,Phone,Support Staff,Plus,Small,AMER,14,7.48,0,0,0,0,neutral,5,Support
ACCT-043,TKT-983326,2024-05-13,2024-05-19 03:04:42,low,Analytics Dashboard,Email,Finance,Plus,Medium,EMEA,28,3.14,2,0,0,0,neutral,3,Support
ACCT-031,TKT-724103,2023-11-17,2023-11-19 12:55:58,low,Analytics Dashboard,Live Chat,Support Staff,Plus,Small,APAC,14,0.94,18,0,0,0,neutral,3,Support
ACCT-011,TKT-839525,2023-09-28,2023-10-02 11:50:58,low,Mobile App,Email,DevOps,Basic,Small,APAC,5,2.26,0,0,0,0,negative,5,Support
ACCT-043,TKT-191014,2024-04-18,2024-04-21 07:56:54,low,Billing,Live Chat,Support Staff,Basic,Small,EMEA,3,3.37,0,0,0,0,neutral,0,Support
ACCT-026,TKT-969749,2024-10-21,2024-10-25 14:40:58,low,Analytics Dashboard,Live Chat,Executive,Basic,Medium,APAC,43,0.9,0,0,0,0,neutral,3,Support
ACCT-043,TKT-217683,2024-04-05,2024-04-05 23:16:37,low,Notifications,Web Portal,Support Staff,Basic,Small,APAC,5,2.67,0,0,0,0,positive,7,Support
ACCT-021,TKT-197102,2024-06-18,2024-06-21 20:11:44,low,Mobile App,Email,Support Staff,Plus,Medium,EMEA,25,1.0,12,0,0,0,neutral,3,Support
ACCT-076,TKT-624344,2024-08-28,2024-08-30 05:06:34,low,Analytics Dashboard,Email,DevOps,Basic,Small,APAC,3,0.63,10,0,0,0,neutral,1,Support
ACCT-063,TKT-868020,2023-11-05,2023-11-05 20:54:10,low,Analytics Dashboard,Web Portal,Support Staff,Enterprise,Medium,EMEA,19,0.53,0,0,0,0,negative,1,Support
ACCT-036,TKT-906859,2024-11-18,2024-11-19 08:15:11,low,Authentication,Web Portal,Support Staff,Plus,Small,AMER,23,1.76,0,0,0,0,negative,2,Support
ACCT-037,TKT-809589,2023-09-09,2023-09-13 03:03:42,low,Notifications,Email,Product Manager,Basic,Small,APAC,15,6.24,0,0,0,0,neutral,4,Support
ACCT-051,TKT-506415,2023-10-14,2023-10-14 22:16:09,low,Data Pipeline,Email,Product Manager,Plus,Medium,EMEA,40,2.36,0,0,0,0,neutral,1,Support
ACCT-048,TKT-146168,2024-11-16,2024-11-16 14:17:46,low,Analytics Dashboard,Web Portal,Support Staff,Basic,Small,APAC,4,2.08,0,0,0,0,neutral,0,Support
ACCT-064,TKT-148381,2025-01-29,2025-02-02 13:29:21,low,Billing,Email,Support Staff,Basic,Small,APAC,2,5.2,7,0,0,0,neutral,0,Support
ACCT-083,TKT-427659,2023-09-14,2023-09-16 06:49:04,low,Notifications,Web Portal,Support Staff,Plus,Medium,APAC,33,7.6,0,0,0,0,neutral,1,Support
ACCT-020,TKT-320039,2023-06-24,2023-06-26 13:45:24,low,Mobile App,Email,Support Staff,Basic,Small,APAC,8,1.29,0,0,0,0,neutral,1,Support
ACCT-043,TKT-658131,2024-04-24,2024-04-24 21:50:43,low,Analytics Dashboard,Phone,Support Staff,Enterprise,Medium,EMEA,13,1.73,0,0,0,0,negative,3,Support
ACCT-050,TKT-385898,2024-04-22,2024-04-25 18:04:57,low,Analytics Dashboard,Email,DevOps,Plus,Medium,EMEA,10,1.04,7,0,0,0,neutral,6,Support
ACCT-035,TKT-753205,2023-10-31,2023-10-31 17:57:39,low,Analytics Dashboard,Email,Product Manager,Enterprise,Large,AMER,183,0.16,0,0,0,0,negative,7,Support
ACCT-018,TKT-467335,2024-12-25,2024-12-27 06:03:04,low,Notifications,Email,Support Staff,Basic,Small,APAC,0,2.94,46,0,0,0,neutral,2,Support
ACCT-076,TKT-838568,2024-12-14,2024-12-15 09:03:18,low,Mobile App,Live Chat,Support Staff,Plus,Medium,APAC,21,2.1,12,0,0,0,positive,2,Support
ACCT-041,TKT-426503,2024-03-17,2024-03-19 13:19:14,low,Notifications,Web Portal,Support Staff,Basic,Small,APAC,5,1.01,0,0,0,0,neutral,4,Support
ACCT-041,TKT-153190,2025-02-17,2025-02-21 18:20:28,low,Authentication,Email,Support Staff,Plus,Medium,EMEA,45,3.94,0,0,0,0,negative,4,Support
ACCT-053,TKT-152906,2023-10-12,2023-10-12 06:49:18,low,Billing,Web Portal,Support Staff,Basic,Small,APAC,0,0.4,11,0,0,0,neutral,2,Support
ACCT-027,TKT-510954,2023-09-17,2023-09-18 15:39:49,low,Mobile App,Live Chat,DevOps,Basic,Small,APAC,2,0.0,31,0,0,0,neutral,1,Support
ACCT-060,TKT-760047,2023-12-01,2023-12-04 07:10:07,low,Mobile App,Web Portal,DevOps,Basic,Medium,APAC,32,0.49,0,0,0,0,neutral,5,Support
ACCT-056,TKT-957150,2024-08-30,2024-09-01 18:44:51,low,Mobile App,Live Chat,Support Staff,Basic,Small,APAC,2,2.1,0,0,0,0,neutral,1,Support
ACCT-076,TKT-659399,2023-12-20,2023-12-23 08:24:49,low,Mobile App,Web Portal,DevOps,Enterprise,Medium,EMEA,24,10.32,0,0,0,0,neutral,5,Support
ACCT-077,TKT-588316,2023-08-20,2023-08-25 21:28:54,low,Notifications,Live Chat,Support Staff,Plus,Medium,EMEA,61,3.44,0,0,0,0,neutral,7,Support
ACCT-079,TKT-832534,2025-01-02,2025-01-02 15:41:22,low,Notifications,Email,DevOps,Basic,Small,APAC,3,5.12,19,0,0,0,neutral,1,Support
ACCT-043,TKT-775721,2024-09-22,2024-09-22 12:41:24,low,Analytics Dashboard,Web Portal,Support Staff,Plus,Medium,EMEA,30,2.81,9,0,0,0,neutral,0,Support
ACCT-043,TKT-250703,2024-09-19,2024-09-21 01:03:31,low,Mobile App,Email,Support Staff,Basic,Small,APAC,3,0.0,0,0,0,0,neutral,3,Support
ACCT-041,TKT-292259,2025-02-21,2025-02-22 03:11:57,low,Billing,Web Portal,DevOps,Enterprise,Medium,EMEA,8,0.3,6,0,0,0,neutral,2,Support
ACCT-114,TKT-575301,2024-05-04,2024-05-07 20:52:28,low,Analytics Dashboard,Web Portal,Support Staff,Plus,Medium,EMEA,107,1.25,0,0,0,0,neutral,3,Support
ACCT-041,TKT-468512,2024-10-12,2024-10-12 06:56:52,low,Mobile App,Web Portal,DevOps,Basic,Small,APAC,5,1.12,0,0,0,0,positive,2,Support
ACCT-034,TKT-905245,2024-10-03,2024-10-05 00:01:05,low,Notifications,Live Chat,Support Staff,Basic,Small,EMEA,9,4.9,5,0,0,0,neutral,3,Support
ACCT-056,TKT-207932,2024-05-22,2024-05-24 17:11:33,low,Mobile App,Web Portal,Support Staff,Enterprise,Medium,EMEA,9,5.01,0,0,0,0,neutral,1,Support
ACCT-036,TKT-441699,2024-07-20,2024-07-24 02:10:44,low,Notifications,Phone,Support Staff,Plus,Small,AMER,10,1.26,0,0,0,0,neutral,4,Support
ACCT-031,TKT-658624,2024-12-21,2024-12-23 23:13:06,low,Notifications,Web Portal,Support Staff,Basic,Small,APAC,5,3.97,0,0,0,0,neutral,3,Support
ACCT-076,TKT-751034,2024-09-15,2024-09-16 17:28:07,low,Billing,Live Chat,Support Staff,Basic,Small,APAC,5,0.82,5,0,0,0,neutral,1,Support
ACCT-041,TKT-502460,2024-02-05,2024-02-07 10:05:47,low,Authentication,Phone,Support Staff,Plus,Small,AMER,87,6.17,0,0,0,0,negative,5,Support
ACCT-101,TKT-719677,2023-08-07,2023-08-08 11:16:27,low,Authentication,Email,Support Staff,Basic,Small,AMER,28,10.01,0,0,0,0,neutral,3,Support
ACCT-076,TKT-925571,2024-08-15,2024-08-18 20:05:04,low,Mobile App,Web Portal,DevOps,Plus,Large,EMEA,73,4.36,0,0,0,0,negative,6,Support
ACCT-060,TKT-794799,2024-05-16,2024-05-18 09:40:52,low,Mobile App,Email,Support Staff,Plus,Medium,APAC,46,2.67,2,0,0,0,neutral,3,Support
ACCT-056,TKT-977394,2023-08-19,2023-08-22 12:32:55,low,Analytics Dashboard,Email,Support Staff,Basic,Small,APAC,10,1.48,7,0,0,0,neutral,3,Support
ACCT-036,TKT-441183,2024-10-11,2024-10-11 14:09:52,low,Mobile App,Email,Support Staff,Basic,Small,APAC,13,0.0,15,0,0,0,negative,1,Support
ACCT-075,TKT-422998,2024-12-20,2024-12-20 12:43:25,low,Analytics Dashboard,Email,Executive,Basic,Small,APAC,2,0.79,0,0,0,0,negative,3,Support
ACCT-060,TKT-953610,2024-07-20,2024-07-20 10:19:45,low,Analytics Dashboard,Web Portal,Support Staff,Basic,Small,APAC,4,3.05,0,0,0,0,neutral,1,Support
ACCT-101,TKT-618306,2025-01-31,2025-02-03 17:50:07,low,Mobile App,Email,Support Staff,Basic,Small,APAC,0,12.99,0,0,0,0,neutral,5,Support
ACCT-060,TKT-708979,2023-08-02,2023-08-02 12:06:44,low,Notifications,Web Portal,Product Manager,Basic,Small,AMER,5,6.17,4,0,0,0,negative,2,Support
ACCT-026,TKT-574978,2023-06-01,2023-06-04 15:26:02,low,Billing,Email,Support Staff,Basic,Small,APAC,40,4.14,4,0,0,0,positive,3,Support
ACCT-073,TKT-568881,2024-11-26,2024-11-27 06:24:35,low,Mobile App,Web Portal,Product Manager,Plus,Small,AMER,5,0.74,0,0,0,0,neutral,0,Support
ACCT-025,TKT-414295,2023-12-18,2023-12-18 22:18:46,low,Notifications,Live Chat,Support Staff,Basic,Medium,APAC,16,5.78,5,0,0,0,negative,2,Support
ACCT-020,TKT-555844,2025-01-04,2025-01-07 21:52:16,low,Billing,Live Chat,Support Staff,Basic,Small,APAC,8,5.4,1,0,0,0,negative,4,Support
ACCT-018,TKT-741194,2024-05-18,2024-05-24 07:53:30,low,Analytics Dashboard,Web Portal,Finance,Enterprise,Medium,EMEA,8,1.15,0,0,0,0,positive,6,Support
ACCT-078,TKT-408474,2024-11-04,2024-11-05 17:49:34,low,Mobile App,Email,Product Manager,Basic,Small,APAC,10,1.83,0,0,0,0,negative,1,Support
ACCT-079,TKT-155708,2023-08-03,2023-08-04 14:10:32,low,Mobile App,Web Portal,Support Staff,Basic,Small,APAC,1,0.0,0,0,0,0,negative,3,Support
ACCT-049,TKT-476695,2023-06-01,2023-06-04 06:58:11,low,Mobile App,Email,Product Manager,Plus,Large,AMER,330,0.46,0,0,0,0,neutral,8,Support
ACCT-025,TKT-346668,2023-09-21,2023-09-25 11:06:39,low,Authentication,Web Portal,Finance,Basic,Small,APAC,18,5.85,0,0,0,0,neutral,3,Support
ACCT-072,TKT-433580,2024-08-16,2024-08-19 06:48:00,low,Analytics Dashboard,Web Portal,Support Staff,Basic,Small,APAC,5,2.01,16,0,0,0,negative,2,Support
ACCT-076,TKT-321476,2024-06-26,2024-06-27 18:01:14,low,Mobile App,Web Portal,Product Manager,Basic,Small,APAC,6,0.84,16,0,0,0,positive,0,Support
ACCT-108,TKT-503277,2023-11-25,2023-11-27 01:32:44,low,Notifications,Web Portal,Support Staff,Basic,Small,EMEA,3,4.58,19,0,0,0,neutral,1,Support
ACCT-035,TKT-802615,2024-06-03,2024-06-07 06:36:26,low,Analytics Dashboard,Web Portal,DevOps,Plus,Small,APAC,8,2.51,6,0,0,0,negative,3,Support
ACCT-018,TKT-116470,2023-10-07,2023-10-07 15:54:27,low,Notifications,Email,Support Staff,Plus,Small,AMER,10,18.98,0,0,0,0,negative,2,Support
ACCT-064,TKT-557949,2023-10-26,2023-10-29 09:42:39,low,Authentication,Web Portal,DevOps,Plus,Small,AMER,63,7.19,0,0,0,0,neutral,5,Support
ACCT-046,TKT-536056,2023-10-18,2023-10-18 11:36:36,low,Notifications,Phone,Support Staff,Plus,Small,APAC,21,1.88,4,0,0,0,neutral,2,Support
ACCT-065,TKT-546383,2024-09-09,2024-09-13 18:40:32,low,Mobile App,Web Portal,DevOps,Basic,Small,APAC,17,6.75,0,0,0,0,positive,4,Support
ACCT-018,TKT-678866,2025-02-28,2025-02-28 19:57:36,low,Analytics Dashboard,Email,DevOps,Basic,Small,APAC,4,4.27,15,0,0,0,neutral,4,Support
ACCT-083,TKT-545405,2024-09-03,2024-09-04 15:46:47,low,Mobile App,Email,DevOps,Plus,Medium,AMER,51,6.15,0,0,0,0,neutral,1,Support
ACCT-072,TKT-866418,2025-02-09,2025-02-09 03:56:49,low,Analytics Dashboard,Web Portal,Support Staff,Plus,Small,APAC,5,3.09,0,0,0,0,neutral,2,Support
ACCT-040,TKT-672696,2024-01-29,2024-02-01 08:17:47,low,Data Pipeline,Email,Executive,Enterprise,Medium,EMEA,17,2.12,0,0,0,0,negative,2,Support
ACCT-058,TKT-695748,2025-01-11,2025-01-12 13:56:38,low,Analytics Dashboard,Live Chat,Support Staff,Enterprise,Medium,EMEA,46,0.17,0,0,0,0,positive,5,Support
ACCT-105,TKT-604923,2024-10-07,2024-10-10 07:11:58,low,Notifications,Web Portal,Support Staff,Plus,Small,APAC,10,1.38,0,0,0,0,neutral,1,Support
ACCT-043,TKT-887042,2023-08-21,2023-08-21 16:35:42,low,Mobile App,Phone,Product Manager,Plus,Medium,AMER,28,7.91,0,0,0,0,neutral,3,Support
ACCT-073,TKT-739705,2024-03-13,2024-03-15 00:25:49,low,Analytics Dashboard,Phone,Product Manager,Plus,Large,EMEA,113,2.43,0,0,0,0,positive,1,Support
ACCT-018,TKT-795978,2023-08-30,2023-08-31 01:59:16,low,Billing,Email,Support Staff,Plus,Medium,EMEA,16,4.87,0,0,0,0,negative,3,Support
ACCT-041,TKT-707784,2023-08-19,2023-08-22 04:07:19,low,Analytics Dashboard,Live Chat,Product Manager,Enterprise,Medium,EMEA,54,2.26,0,0,0,0,neutral,2,Support
ACCT-083,TKT-661023,2024-04-15,2024-04-17 18:18:58,low,Mobile App,Email,Support Staff,Plus,Small,APAC,3,12.04,10,0,0,0,negative,2,Support
ACCT-072,TKT-592025,2023-06-12,2023-06-14 00:52:13,low,Authentication,Email,DevOps,Enterprise,Medium,EMEA,36,5.36,0,0,0,0,neutral,2,Support
ACCT-043,TKT-936997,2025-01-08,2025-01-11 11:39:52,low,Mobile App,Web Portal,Support Staff,Basic,Small,APAC,7,0.65,23,0,0,0,negative,3,Support
ACCT-043,TKT-726667,2024-03-28,2024-03-29 06:11:14,low,Analytics Dashboard,Web Portal,DevOps,Basic,Small,APAC,4,0.73,10,0,0,0,neutral,2,Support
ACCT-020,TKT-164401,2024-04-07,2024-04-10 10:35:14,low,Notifications,Email,Product Manager,Plus,Large,AMER,171,0.51,2,0,0,0,negative,5,Support
ACCT-079,TKT-788201,2024-09-27,2024-09-29 13:49:47,low,Mobile App,Email,DevOps,Plus,Medium,APAC,34,3.32,0,0,0,0,negative,0,Support
ACCT-060,TKT-400748,2024-03-25,2024-03-29 00:32:29,low,Analytics Dashboard,Web Portal,Product Manager,Plus,Small,APAC,2,1.95,0,0,0,0,neutral,3,Support
ACCT-018,TKT-992805,2024-10-09,2024-10-09 11:25:34,low,Notifications,Email,Finance,Basic,Small,APAC,2,1.52,9,0,0,0,neutral,1,Support
ACCT-109,TKT-388586,2024-03-11,2024-03-12 02:37:51,low,Data Pipeline,Email,DevOps,Basic,Small,APAC,4,0.6,59,0,0,0,neutral,1,Support
ACCT-021,TKT-283095,2024-02-19,2024-02-19 05:04:28,low,Notifications,Live Chat,Support Staff,Plus,Medium,EMEA,15,4.24,0,0,0,0,positive,5,Support
ACCT-041,TKT-487728,2025-01-26,2025-01-29 12:29:05,low,Analytics Dashboard,Email,Executive,Basic,Small,APAC,2,0.6,0,0,0,0,neutral,0,Support
ACCT-025,TKT-608473,2023-11-27,2023-11-28 03:30:11,low,Analytics Dashboard,Web Portal,Support Staff,Basic,Small,AMER,0,3.01,0,0,0,0,neutral,1,Support
ACCT-038,TKT-459502,2023-12-03,2023-12-06 22:46:57,low,Mobile App,Phone,Support Staff,Plus,Small,AMER,9,1.25,0,0,0,0,neutral,1,Support
ACCT-018,TKT-961639,2023-08-26,2023-08-31 18:27:41,low,Notifications,Web Portal,DevOps,Basic,Small,APAC,3,11.85,0,0,0,0,neutral,1,Support
ACCT-056,TKT-533007,2023-11-05,2023-11-09 06:07:45,low,Analytics Dashboard,Web Portal,Support Staff,Plus,Medium,AMER,16,4.14,6,0,0,0,positive,1,Support
ACCT-103,TKT-768545,2024-06-27,2024-06-28 01:18:15,low,Notifications,Phone,Product Manager,Plus,Large,AMER,121,1.38,0,0,0,0,negative,10,Support
ACCT-065,TKT-461838,2023-11-19,2023-11-19 22:47:24,low,Notifications,Web Portal,Finance,Enterprise,Large,AMER,18,2.85,0,0,0,0,neutral,7,Support
ACCT-020,TKT-221628,2023-07-26,2023-07-28 22:13:51,low,Billing,Email,Support Staff,Basic,Small,APAC,14,0.0,0,0,0,0,neutral,1,Support
ACCT-053,TKT-416006,2023-07-24,2023-07-24 18:51:48,low,Notifications,Email,Product Manager,Plus,Medium,EMEA,55,3.35,0,0,0,0,neutral,6,Support
ACCT-025,TKT-658388,2024-09-30,2024-10-03 13:38:30,low,Mobile App,Web Portal,Executive,Plus,Medium,APAC,6,4.7,0,0,0,0,neutral,5,Support
ACCT-022,TKT-597643,2024-01-26,2024-01-27 15:16:07,low,Mobile App,Email,Support Staff,Plus,Medium,EMEA,42,8.53,0,0,0,0,negative,4,Support
ACCT-058,TKT-112439,2024-02-24,2024-02-24 16:51:56,low,Billing,Web Portal,Finance,Basic,Small,APAC,4,0.0,0,0,0,0,neutral,2,Support
ACCT-025,TKT-811451,2024-03-22,2024-03-27 03:54:07,low,Billing,Web Portal,Product Manager,Enterprise,Medium,EMEA,35,1.36,0,0,0,0,neutral,3,Support
ACCT-024,TKT-143010,2024-04-19,2024-04-24 16:02:09,low,Analytics Dashboard,Live Chat,Support Staff,Basic,Small,APAC,2,1.33,9,0,0,0,neutral,1,Support
ACCT-079,TKT-985249,2023-09-08,2023-09-13 01:06:33,low,Billing,Web Portal,Finance,Plus,Small,AMER,29,0.0,16,0,0,0,negative,0,Support
ACCT-063,TKT-385831,2024-08-16,2024-08-18 17:58:52,low,Mobile App,Web Portal,Support Staff,Plus,Small,AMER,27,5.49,0,0,0,0,negative,3,Support
ACCT-041,TKT-367747,2024-05-09,2024-05-10 04:22:07,low,Billing,Email,Support Staff,Plus,Medium,EMEA,8,2.13,0,0,0,0,neutral,3,Support
ACCT-038,TKT-885478,2025-01-19,2025-01-20 16:27:08,low,Billing,Email,Support Staff,Basic,Small,APAC,2,3.92,0,0,0,0,neutral,4,Support
ACCT-103,TKT-304394,2024-02-03,2024-02-06 11:44:36,low,Authentication,Email,DevOps,Plus,Small,APAC,15,6.2,0,0,0,0,neutral,7,Support
ACCT-079,TKT-288656,2024-11-14,2024-11-15 10:56:30,low,Mobile App,Live Chat,Finance,Enterprise,Medium,EMEA,41,5.62,0,0,0,0,neutral,1,Support
ACCT-062,TKT-972089,2024-04-16,2024-04-18 10:03:19,low,Analytics Dashboard,Email,Support Staff,Basic,Small,APAC,5,0.91,0,0,0,0,positive,4,Support
ACCT-041,TKT-208954,2023-08-09,2023-08-09 04:44:21,low,Mobile App,Web Portal,DevOps,Basic,Small,APAC,7,5.95,0,0,0,0,neutral,3,Support
ACCT-036,TKT-364132,2024-08-30,2024-08-31 12:21:57,low,Data Pipeline,Web Portal,DevOps,Basic,Medium,APAC,17,12.26,0,0,0,0,neutral,3,Support
ACCT-018,TKT-159645,2023-12-15,2023-12-15 07:18:29,low,Notifications,Web Portal,Support Staff,Basic,Small,EMEA,4,3.42,0,0,0,0,neutral,4,Support
ACCT-020,TKT-728500,2025-01-29,2025-02-01 00:12:40,low,Authentication,Web Portal,DevOps,Plus,Medium,AMER,30,3.4,0,0,0,0,neutral,3,Support
ACCT-075,TKT-998043,2023-10-03,2023-10-06 07:40:51,low,Analytics Dashboard,Email,Support Staff,Plus,Large,AMER,69,3.03,0,0,0,0,neutral,6,Support
ACCT-003,TKT-779378,2025-02-09,2025-02-09 15:31:27,low,Notifications,Live Chat,Finance,Enterprise,Medium,EMEA,26,1.41,2,0,0,0,positive,2,Support
ACCT-111,TKT-216229,2024-12-31,2025-01-03 23:29:04,low,Analytics Dashboard,Phone,DevOps,Plus,Medium,EMEA,55,1.82,0,0,0,0,,4,Support
ACCT-076,TKT-179392,2023-12-06,2023-12-07 02:45:08,low,Mobile App,Web Portal,Product Manager,Enterprise,Large,AMER,8,0.77,0,0,0,0,negative,4,Support
ACCT-043,TKT-547724,2024-09-07,2024-09-12 02:33:04,low,Notifications,Live Chat,DevOps,Plus,Medium,EMEA,55,1.62,0,0,0,0,neutral,2,Support
ACCT-083,TKT-390756,2024-04-27,2024-04-28 03:07:52,low,Mobile App,Web Portal,Product Manager,Basic,Small,APAC,1,7.52,0,0,0,0,positive,5,Support
ACCT-045,TKT-162976,2023-08-03,2023-08-04 15:34:49,low,Analytics Dashboard,Email,Support Staff,Plus,Small,AMER,7,1.53,0,0,0,0,neutral,5,Support
ACCT-014,TKT-561976,2024-02-20,2024-02-25 13:33:30,low,Analytics Dashboard,Phone,Product Manager,Plus,Large,EMEA,154,1.99,0,0,0,0,neutral,7,Support
ACCT-035,TKT-739947,2023-08-11,2023-08-13 03:27:41,low,Mobile App,Web Portal,Product Manager,Basic,Small,APAC,2,2.77,12,0,0,0,neutral,1,Support
ACCT-072,TKT-250861,2024-07-07,2024-07-07 19:50:16,low,Authentication,Email,Support Staff,Basic,Small,APAC,18,14.2,0,0,0,0,neutral,1,Support
ACCT-037,TKT-774588,2024-12-05,2024-12-08 17:23:10,low,Analytics Dashboard,Web Portal,Support Staff,Plus,Small,AMER,14,0.48,0,0,0,0,neutral,4,Support
ACCT-041,TKT-208304,2023-09-17,2023-09-21 23:40:38,low,Analytics Dashboard,Email,Finance,Basic,Small,AMER,15,0.7,0,0,0,0,neutral,0,Support
ACCT-025,TKT-362769,2023-07-06,2023-07-06 10:36:36,low,Analytics Dashboard,Phone,Support Staff,Basic,Small,APAC,6,1.5,0,0,0,0,negative,6,Support
ACCT-042,TKT-784578,2024-08-30,2024-08-30 05:41:00,low,Analytics Dashboard,Email,DevOps,Enterprise,Medium,EMEA,7,0.29,5,0,0,0,neutral,1,Support
ACCT-072,TKT-379378,2023-06-01,2023-06-06 05:39:18,low,Data Pipeline,Live Chat,Product Manager,Basic,Medium,APAC,12,7.99,0,0,0,0,negative,0,Support
ACCT-043,TKT-702553,2023-11-03,2023-11-06 06:28:34,low,Analytics Dashboard,Live Chat,Support Staff,Plus,Large,AMER,182,3.96,0,0,0,0,neutral,6,Support
ACCT-035,TKT-614514,2023-06-04,2023-06-06 06:12:23,low,Analytics Dashboard,Live Chat,DevOps,Plus,Large,EMEA,121,0.9,0,0,0,0,neutral,7,Support
ACCT-020,TKT-918871,2024-10-02,2024-10-03 21:14:45,low,Billing,Live Chat,Support Staff,Plus,Medium,APAC,81,1.32,0,0,0,0,neutral,1,Support
ACCT-043,TKT-822742,2023-08-11,,low,Analytics Dashboard,Phone,DevOps,Basic,Small,EMEA,11,1.61,7,0,0,0,neutral,2,Support
ACCT-035,TKT-476353,2024-10-06,2024-10-06 14:45:48,low,Authentication,Email,Product Manager,Plus,Medium,EMEA,27,3.39,0,0,0,0,neutral,1,Support
ACCT-060,TKT-762985,2024-05-07,2024-05-10 03:47:50,low,Mobile App,Web Portal,Support Staff,Basic,Small,APAC,7,2.49,6,0,0,0,neutral,1,Support
ACCT-020,TKT-456581,2023-09-01,2023-09-02 13:46:41,low,Analytics Dashboard,Web Portal,DevOps,Basic,Small,APAC,3,7.52,5,0,0,0,neutral,3,Support
ACCT-072,TKT-404043,2023-08-22,2023-08-26 06:51:24,low,Notifications,Web Portal,Support Staff,Basic,Small,APAC,11,5.59,0,0,0,0,negative,2,Support
ACCT-010,TKT-502824,2023-12-25,2023-12-25 19:40:24,low,Analytics Dashboard,Email,Support Staff,Plus,Medium,APAC,121,0.77,0,0,0,0,neutral,3,Support
ACCT-069,TKT-211954,2023-12-13,2023-12-14 07:07:37,low,Notifications,Web Portal,Support Staff,Basic,Small,APAC,4,0.82,1,0,0,0,neutral,2,Support
ACCT-048,TKT-559259,2024-06-02,2024-06-04 02:51:53,low,Billing,Web Portal,DevOps,Basic,Small,AMER,8,4.47,0,0,0,0,neutral,1,Support
ACCT-067,TKT-854701,2023-12-12,2023-12-12 16:24:21,low,Analytics Dashboard,Web Portal,Finance,Plus,Large,EMEA,41,1.07,0,0,0,0,positive,5,Support
ACCT-072,TKT-931247,2025-01-28,2025-01-29 01:21:16,low,Mobile App,Email,Finance,Basic,Small,AMER,3,1.35,2,1,0,0,negative,3,Support
ACCT-041,TKT-974774,2024-12-05,2024-12-07 22:23:15,low,Billing,Email,Support Staff,Basic,Small,AMER,6,3.68,0,0,0,0,neutral,4,Support
ACCT-075,TKT-455766,2024-09-03,,low,Mobile App,Email,Product Manager,Basic,Small,APAC,4,4.32,30,0,0,0,neutral,1,Support
ACCT-041,TKT-525205,2023-07-28,2023-07-29 10:58:23,low,Analytics Dashboard,Web Portal,Support Staff,Basic,Small,APAC,7,0.68,9,0,0,0,neutral,2,Support
ACCT-060,TKT-648530,2023-09-30,2023-09-30 22:51:56,low,Notifications,Phone,Support Staff,Plus,Small,APAC,20,1.9,12,0,0,0,neutral,2,Support
ACCT-041,TKT-662625,2024-09-12,2024-09-17 07:59:23,low,Notifications,Live Chat,DevOps,Enterprise,Medium,EMEA,5,2.35,5,0,0,0,neutral,0,Support
ACCT-048,TKT-175532,2023-10-31,2023-11-03 12:49:07,low,Notifications,Live Chat,Product Manager,Basic,Small,AMER,5,1.42,0,0,0,0,positive,2,Support
ACCT-024,TKT-119989,2023-07-08,2023-07-11 11:55:31,low,Notifications,Live Chat,Support Staff,Basic,Small,APAC,4,2.61,0,0,0,0,negative,3,Support
ACCT-041,TKT-354471,2024-09-25,2024-09-29 22:11:54,low,Mobile App,Phone,DevOps,Basic,Medium,APAC,5,3.87,15,0,0,0,neutral,4,Support
ACCT-109,TKT-422266,2023-10-12,2023-10-12 05:05:52,low,Data Pipeline,Phone,Support Staff,Plus,Medium,EMEA,118,2.98,0,0,0,0,negative,4,Support
ACCT-035,TKT-719752,2023-09-08,2023-09-09 23:27:23,low,Notifications,Web Portal,Support Staff,Basic,Small,APAC,4,3.47,11,0,0,0,neutral,2,Support
ACCT-057,TKT-621292,2023-08-05,2023-08-09 02:13:34,low,Analytics Dashboard,Web Portal,DevOps,Basic,Small,AMER,7,1.45,0,0,0,0,negative,2,Support
ACCT-038,TKT-943530,2025-01-30,2025-02-02 22:44:48,low,Authentication,Live Chat,Support Staff,Basic,Small,APAC,15,2.59,0,0,0,0,negative,3,Support
ACCT-021,TKT-873774,2023-12-25,2023-12-26 20:10:44,low,Notifications,Web Portal,DevOps,Plus,Small,AMER,2,0.52,0,0,0,0,neutral,4,Support
ACCT-031,TKT-703945,2024-07-16,2024-07-17 09:37:32,low,Analytics Dashboard,Email,DevOps,Plus,Small,AMER,3,1.51,0,0,0,0,neutral,3,Support
ACCT-060,TKT-931627,2024-12-10,2024-12-10 16:10:33,low,Analytics Dashboard,Web Portal,DevOps,Enterprise,Large,AMER,51,0.27,0,0,0,0,neutral,7,Support
ACCT-072,TKT-451801,2024-01-05,2024-01-08 16:37:42,low,Billing,Web Portal,Support Staff,Basic,Small,AMER,5,6.0,0,0,0,0,neutral,1,Support
ACCT-040,TKT-535320,2023-08-04,2023-08-04 14:43:24,low,Analytics Dashboard,Web Portal,Product Manager,Plus,Medium,EMEA,14,1.57,0,0,0,0,neutral,2,Support
ACCT-109,TKT-559969,2023-11-20,2023-11-23 05:55:00,low,Mobile App,Email,DevOps,Plus,Medium,AMER,45,3.68,0,0,0,0,neutral,3,Support
ACCT-048,TKT-204823,2024-02-05,2024-02-10 03:26:09,low,Analytics Dashboard,Live Chat,Support Staff,Plus,Large,AMER,90,0.9,0,0,0,0,neutral,5,Support
ACCT-040,TKT-610622,2025-02-17,2025-02-18 14:53:18,low,Notifications,Web Portal,DevOps,Basic,Small,APAC,1,1.08,32,0,0,0,negative,2,Support
ACCT-037,TKT-193471,2023-08-22,2023-08-22 03:43:28,low,Analytics Dashboard,Web Portal,Support Staff,Basic,Small,APAC,3,2.16,10,0,0,0,neutral,3,Support
ACCT-010,TKT-946632,2025-01-28,2025-02-01 17:01:50,low,Mobile App,Web Portal,Support Staff,Basic,Small,EMEA,12,1.46,14,0,0,0,neutral,0,Support
ACCT-043,TKT-770905,2024-09-30,2024-10-03 05:20:05,low,Mobile App,Web Portal,Support Staff,Enterprise,Medium,EMEA,41,3.55,0,0,0,0,negative,1,Support
ACCT-068,TKT-283027,2024-03-04,2024-03-06 07:06:52,low,Authentication,Web Portal,Support Staff,Basic,Small,APAC,9,1.94,0,0,0,0,neutral,3,Support
ACCT-020,TKT-852037,2025-02-15,2025-02-18 05:14:02,low,Billing,Web Portal,Support Staff,Basic,Small,EMEA,6,1.73,0,0,0,0,neutral,4,Support
ACCT-010,TKT-966630,2024-10-24,2024-10-26 18:11:10,low,Analytics Dashboard,Web Portal,Support Staff,Basic,Small,AMER,3,1.03,10,0,0,0,neutral,4,Support
ACCT-076,TKT-347085,2024-04-04,,low,Notifications,Web Portal,Finance,Basic,Small,AMER,28,1.8,0,0,0,0,neutral,3,Support
ACCT-018,TKT-200331,2023-12-14,2023-12-14 14:26:29,low,Billing,Live Chat,Product Manager,Basic,Small,EMEA,6,0.24,55,0,0,0,neutral,1,Support
ACCT-011,TKT-665940,2025-02-23,2025-02-24 13:25:27,low,Notifications,Live Chat,Support Staff,Basic,Medium,APAC,17,6.32,0,0,0,0,negative,2,Support
ACCT-043,TKT-791354,2024-11-01,2024-11-01 23:34:00,low,Authentication,Web Portal,Finance,Basic,Small,EMEA,15,2.71,0,0,0,0,negative,4,Support
ACCT-041,TKT-935309,2023-12-31,2024-01-01 04:57:13,low,Analytics Dashboard,Live Chat,Support Staff,Plus,Large,EMEA,153,1.06,0,0,0,0,negative,7,Support
ACCT-083,TKT-597457,2023-10-31,2023-11-03 04:17:32,low,Authentication,Web Portal,Support Staff,Plus,Small,APAC,6,1.17,13,0,0,0,negative,2,Support
ACCT-041,TKT-145209,2024-10-22,2024-10-22 19:38:49,low,Mobile App,Web Portal,Support Staff,Plus,Medium,AMER,41,7.93,0,0,0,0,negative,2,Support
ACCT-045,TKT-555786,2023-07-26,2023-07-28 22:35:12,low,Billing,Live Chat,DevOps,Plus,Medium,APAC,9,1.97,0,0,0,0,negative,7,Support
ACCT-018,TKT-895248,2024-02-13,2024-02-14 10:37:46,low,Mobile App,Phone,Support Staff,Plus,Large,AMER,158,1.48,0,0,0,0,neutral,8,Support
ACCT-035,TKT-663463,2024-09-07,2024-09-07 08:07:01,low,Notifications,Phone,Support Staff,Plus,Medium,EMEA,54,4.55,0,0,0,0,,2,Support
ACCT-075,TKT-639915,2023-11-28,2023-11-28 18:00:35,low,Analytics Dashboard,Live Chat,Finance,Basic,Medium,APAC,10,2.6,0,0,0,0,negative,1,Support
ACCT-110,TKT-566428,2023-09-27,2023-09-27 10:26:07,low,Authentication,Live Chat,DevOps,Plus,Medium,APAC,38,11.61,0,0,0,0,neutral,3,Support
ACCT-045,TKT-883377,2025-01-27,2025-01-29 14:02:02,low,Authentication,Email,Support Staff,Basic,Small,AMER,16,1.94,0,0,0,0,positive,4,Support
ACCT-010,TKT-338846,2024-04-29,2024-04-30 00:34:05,low,Notifications,Email,Support Staff,Enterprise,Medium,EMEA,44,0.73,0,0,0,0,neutral,4,Support
ACCT-067,TKT-309668,2023-09-09,2023-09-10 01:13:36,low,Notifications,Email,Support Staff,Basic,Small,APAC,12,0.61,1,0,0,0,neutral,2,Support
ACCT-041,TKT-713513,2024-06-19,2024-06-23 18:07:23,low,Notifications,Web Portal,Finance,Plus,Small,AMER,21,0.38,4,0,0,0,neutral,1,Support
ACCT-043,TKT-326665,2024-10-09,2024-10-09 09:02:26,low,Analytics Dashboard,Web Portal,DevOps,Plus,Medium,EMEA,9,0.55,0,0,0,0,neutral,2,Support
ACCT-060,TKT-243030,2025-02-14,2025-02-15 23:19:27,low,Mobile App,Web Portal,DevOps,Basic,Small,APAC,0,0.0,0,0,0,0,neutral,2,Support
ACCT-035,TKT-382795,2024-09-11,2024-09-14 09:28:34,low,Mobile App,Live Chat,Product Manager,Plus,Medium,AMER,4,1.58,0,0,0,0,neutral,1,Support
ACCT-018,TKT-696289,2023-12-25,2023-12-26 10:47:22,low,Analytics Dashboard,Live Chat,Product Manager,Enterprise,Medium,EMEA,12,3.54,0,0,0,0,neutral,3,Support
ACCT-077,TKT-588148,2023-08-01,2023-08-02 05:21:20,low,Notifications,Live Chat,DevOps,Enterprise,Medium,EMEA,17,3.56,0,0,0,0,positive,4,Support
ACCT-083,TKT-330533,2024-09-12,2024-09-13 19:19:12,low,Authentication,Email,DevOps,Basic,Small,AMER,7,15.23,0,0,0,0,negative,6,Support
ACCT-069,TKT-768990,2024-03-29,2024-03-31 17:05:17,low,Mobile App,Phone,Finance,Plus,Large,AMER,97,1.76,0,0,0,0,,5,Support
ACCT-041,TKT-679606,2025-02-16,2025-02-20 21:46:15,low,Mobile App,Phone,Product Manager,Enterprise,Medium,EMEA,14,0.69,2,0,0,0,negative,2,Support
ACCT-043,TKT-612977,2024-01-22,2024-01-22 11:45:53,low,Analytics Dashboard,Email,Product Manager,Plus,Small,APAC,1,1.79,0,0,0,0,neutral,1,Support
ACCT-036,TKT-392731,2024-01-08,2024-01-10 15:32:05,low,Mobile App,Email,Finance,Basic,Small,APAC,2,0.0,0,0,0,0,neutral,5,Support
ACCT-041,TKT-358635,2023-06-15,2023-06-18 11:03:54,low,Mobile App,Email,DevOps,Basic,Small,AMER,2,4.88,13,0,0,0,neutral,0,Support
ACCT-019,TKT-720517,2024-02-09,2024-02-10 09:55:49,low,Analytics Dashboard,Live Chat,Support Staff,Plus,Medium,APAC,31,2.22,0,0,0,0,neutral,5,Support
ACCT-027,TKT-538065,2023-10-31,2023-11-04 23:59:42,low,Authentication,Email,DevOps,Basic,Small,EMEA,11,9.07,0,0,0,0,neutral,3,Support
ACCT-020,TKT-905942,2023-07-16,2023-07-16 07:50:35,low,Analytics Dashboard,Phone,Support Staff,Plus,Medium,EMEA,17,2.99,0,0,0,0,neutral,4,Support
ACCT-076,TKT-602550,2024-10-29,2024-10-29 07:16:08,low,Authentication,Live Chat,Support Staff,Basic,Small,AMER,18,1.68,0,0,0,0,positive,3,Support
ACCT-078,TKT-685616,2023-09-09,2023-09-10 23:02:32,low,Analytics Dashboard,Web Portal,Product Manager,Basic,Small,APAC,6,1.44,0,0,0,0,negative,6,Support
ACCT-072,TKT-328596,2023-06-13,2023-06-16 05:27:10,low,Analytics Dashboard,Web Portal,DevOps,Basic,Small,APAC,8,4.57,0,0,0,0,neutral,2,Support
ACCT-041,TKT-195136,2023-10-14,2023-10-15 13:04:01,low,Mobile App,Email,Support Staff,Basic,Small,APAC,6,1.46,15,0,0,0,neutral,1,Support
ACCT-073,TKT-837468,2023-06-17,2023-06-19 02:06:03,low,Mobile App,Web Portal,Support Staff,Plus,Small,APAC,4,2.22,0,0,0,0,neutral,3,Support
ACCT-041,TKT-125599,2024-09-13,2024-09-17 10:23:08,low,Analytics Dashboard,Live Chat,Product Manager,Basic,Small,APAC,3,1.26,11,0,0,1,neutral,3,Support
ACCT-024,TKT-837290,2024-09-08,2024-09-10 00:17:56,low,Billing,Live Chat,Support Staff,Basic,Small,EMEA,5,2.31,0,1,0,0,negative,1,Support
ACCT-043,TKT-757258,2024-07-20,2024-07-20 20:25:31,low,Notifications,Web Portal,Support Staff,Enterprise,Medium,EMEA,24,0.84,0,0,0,0,neutral,4,Support
ACCT-060,TKT-757776,2024-09-18,,low,Analytics Dashboard,Email,Support Staff,Plus,Small,AMER,2,0.03,0,0,0,0,neutral,4,Support
ACCT-035,TKT-656710,2023-08-12,2023-08-13 15:47:48,low,Billing,Email,Support Staff,Basic,Small,EMEA,26,1.96,0,0,0,0,negative,1,Support
ACCT-041,TKT-831963,2023-07-04,2023-07-05 06:54:16,low,Analytics Dashboard,Web Portal,DevOps,Plus,Medium,EMEA,17,1.14,0,0,0,0,negative,1,Support
ACCT-101,TKT-925954,2025-02-17,2025-02-19 09:25:41,low,Mobile App,Web Portal,Executive,Plus,Small,APAC,10,10.92,0,0,0,0,neutral,2,Support
ACCT-020,TKT-157474,2023-08-22,2023-08-24 19:17:43,low,Analytics Dashboard,Email,Support Staff,Enterprise,Medium,EMEA,8,1.09,14,0,0,0,neutral,1,Support
ACCT-076,TKT-154067,2024-11-09,2024-11-14 09:46:37,low,Authentication,Email,Support Staff,Plus,Small,APAC,9,6.13,0,0,0,0,positive,6,Support
ACCT-072,TKT-142859,2023-09-22,2023-09-23 15:35:47,low,Notifications,Live Chat,Support Staff,Basic,Small,EMEA,5,1.8,28,0,0,0,negative,1,Support
ACCT-060,TKT-839113,2024-06-09,2024-06-10 13:53:19,low,Mobile App,Email,Finance,Basic,Small,APAC,2,2.99,7,0,0,0,neutral,1,Support
ACCT-041,TKT-245129,2023-08-08,2023-08-10 11:39:52,low,Notifications,Live Chat,Support Staff,Enterprise,Large,APAC,48,1.16,0,0,0,0,neutral,6,Support
ACCT-037,TKT-601736,2024-05-08,2024-05-09 01:22:06,low,Billing,Email,Support Staff,Basic,Small,EMEA,18,1.14,0,0,0,0,neutral,5,Support
ACCT-041,TKT-889759,2025-01-15,2025-01-19 13:19:11,low,Mobile App,Live Chat,Support Staff,Plus,Large,EMEA,166,1.28,0,0,0,0,neutral,5,Support
ACCT-060,TKT-628027,2024-01-17,2024-01-18 09:15:04,low,Mobile App,Live Chat,Support Staff,Plus,Small,AMER,1,6.78,0,0,0,0,neutral,1,Support
ACCT-083,TKT-461996,2024-08-07,2024-08-08 05:01:21,low,Billing,Live Chat,Finance,Basic,Small,EMEA,21,3.08,0,0,0,0,neutral,0,Support
ACCT-073,TKT-228670,2024-09-06,2024-09-08 02:50:00,low,Authentication,Live Chat,DevOps,Plus,Medium,APAC,124,1.96,0,0,0,0,negative,4,Support
ACCT-107,TKT-658739,2024-09-24,2024-09-27 07:56:46,low,Data Pipeline,Live Chat,Support Staff,Plus,Medium,EMEA,78,7.62,0,0,0,0,negative,3,Support
ACCT-041,TKT-806013,2024-03-26,2024-03-27 22:59:28,low,Analytics Dashboard,Email,Support Staff,Basic,Small,APAC,3,0.83,2,0,0,0,neutral,1,Support
ACCT-028,TKT-191549,2023-08-07,2023-08-07 20:44:03,low,Analytics Dashboard,Web Portal,DevOps,Basic,Small,APAC,3,1.51,0,0,0,0,neutral,2,Support
ACCT-037,TKT-180685,2023-08-22,2023-08-23 16:24:11,low,Notifications,Phone,Finance,Plus,Large,AMER,41,5.81,0,0,0,0,negative,6,Support
ACCT-026,TKT-255141,2023-09-20,2023-09-20 18:36:35,low,Authentication,Email,Support Staff,Plus,Small,APAC,3,0.9,0,0,0,0,neutral,0,Support
ACCT-041,TKT-757746,2024-10-21,2024-10-21 17:20:20,low,Analytics Dashboard,Web Portal,Finance,Enterprise,Medium,EMEA,35,0.67,0,0,0,0,negative,3,Support
ACCT-017,TKT-667735,2023-06-24,2023-06-25 06:34:18,low,Mobile App,Email,Support Staff,Plus,Medium,EMEA,40,3.7,0,0,0,0,neutral,5,Support
ACCT-025,TKT-873544,2023-10-14,2023-10-16 01:26:12,low,Billing,Email,Support Staff,Basic,Small,APAC,3,2.64,0,1,0,0,neutral,1,Support
ACCT-024,TKT-940946,2023-06-22,2023-06-23 06:24:40,low,Analytics Dashboard,Live Chat,DevOps,Enterprise,Medium,EMEA,0,0.94,0,0,0,0,positive,6,Support
ACCT-065,TKT-452192,2024-01-24,2024-01-28 05:35:26,low,Notifications,Web Portal,Finance,Plus,Small,AMER,9,4.73,0,0,0,0,neutral,3,Support
ACCT-041,TKT-925045,2024-07-26,2024-07-28 13:54:03,low,Notifications,Web Portal,Support Staff,Basic,Small,APAC,19,3.78,0,0,0,0,neutral,1,Support
ACCT-048,TKT-655919,2024-04-30,2024-05-02 02:49:27,low,Mobile App,Web Portal,Support Staff,Basic,Small,AMER,1,2.77,14,0,0,0,negative,1,Support
ACCT-020,TKT-238364,2024-12-13,2024-12-14 22:15:04,low,Authentication,Email,Support Staff,Enterprise,Medium,EMEA,96,1.32,0,0,0,0,negative,4,Support
ACCT-031,TKT-607765,2024-04-09,2024-04-09 19:14:04,low,Analytics Dashboard,Phone,DevOps,Plus,Medium,APAC,9,2.45,0,0,0,0,,0,Support
ACCT-036,TKT-149617,2024-06-15,2024-06-20 20:01:52,low,Mobile App,Web Portal,Support Staff,Plus,Medium,EMEA,80,2.14,0,0,0,0,negative,2,Support
ACCT-076,TKT-274444,2023-10-30,2023-10-31 12:31:44,low,Authentication,Email,Product Manager,Basic,Small,APAC,10,9.41,0,0,0,0,neutral,4,Support
ACCT-041,TKT-399102,2025-02-23,2025-02-28 02:58:31,low,Analytics Dashboard,Phone,Support Staff,Basic,Small,AMER,2,2.5,0,0,0,1,neutral,2,Support
ACCT-010,TKT-826515,2023-12-04,2023-12-09 21:14:35,low,Notifications,Phone,Support Staff,Plus,Large,AMER,71,9.13,0,0,0,0,neutral,0,Support
ACCT-025,TKT-432006,2023-11-05,2023-11-05 18:17:45,low,Authentication,Web Portal,Support Staff,Basic,Small,AMER,10,6.91,0,0,0,0,positive,2,Support
ACCT-041,TKT-293458,2025-01-09,2025-01-09 15:13:24,low,Analytics Dashboard,Web Portal,Product Manager,Enterprise,Medium,EMEA,10,1.8,0,0,0,0,neutral,2,Support
ACCT-060,TKT-432339,2023-12-28,2023-12-30 11:52:41,low,Analytics Dashboard,Email,Product Manager,Plus,Small,AMER,5,1.75,0,0,0,0,neutral,4,Support
ACCT-043,TKT-270495,2024-05-18,2024-05-18 17:06:46,low,Mobile App,Web Portal,Support Staff,Plus,Medium,AMER,16,1.01,4,0,0,0,neutral,1,Support
ACCT-073,TKT-524214,2024-11-28,2024-11-29 07:23:23,low,Mobile App,Live Chat,Support Staff,Plus,Large,AMER,144,1.1,0,0,0,0,neutral,7,Support
ACCT-076,TKT-435772,2024-10-24,2024-10-27 17:21:14,low,Notifications,Live Chat,Support Staff,Basic,Small,APAC,2,3.47,8,0,0,0,neutral,2,Support
ACCT-083,TKT-632056,2023-11-07,2023-11-07 03:14:25,low,Notifications,Email,Support Staff,Plus,Medium,AMER,13,6.25,5,0,0,0,negative,5,Support
ACCT-072,TKT-403905,2024-05-05,2024-05-07 22:54:51,low,Data Pipeline,Phone,Support Staff,Plus,Medium,EMEA,95,4.43,0,0,0,0,neutral,4,Support
ACCT-053,TKT-863933,2025-01-08,2025-01-11 01:39:22,low,Analytics Dashboard,Email,Support Staff,Plus,Medium,AMER,13,1.99,0,0,0,0,neutral,1,Support
ACCT-072,TKT-602248,2024-08-26,2024-08-27 11:04:12,low,Notifications,Live Chat,Support Staff,Basic,Small,APAC,2,2.46,0,0,0,0,neutral,2,Support
ACCT-041,TKT-423047,2023-07-12,2023-07-12 16:21:36,low,Analytics Dashboard,Live Chat,Product Manager,Basic,Medium,APAC,13,1.44,0,0,0,0,neutral,1,Support
ACCT-041,TKT-567636,2023-06-26,2023-06-27 17:33:16,low,Notifications,Live Chat,Executive,Plus,Medium,AMER,18,5.16,0,0,0,0,neutral,1,Support
ACCT-077,TKT-772465,2024-05-31,2024-05-31 12:16:45,low,Billing,Web Portal,Support Staff,Basic,Small,EMEA,17,1.72,0,0,0,0,neutral,3,Support
ACCT-010,TKT-904357,2023-12-17,2023-12-19 14:29:52,low,Analytics Dashboard,Web Portal,Support Staff,Plus,Medium,EMEA,10,4.67,0,0,0,0,positive,2,Support
ACCT-104,TKT-990714,2024-03-11,2024-03-11 21:24:13,low,Mobile App,Web Portal,Support Staff,Plus,Large,AMER,157,2.11,0,0,0,0,neutral,5,Support
ACCT-055,TKT-636648,2024-08-30,2024-09-02 03:06:29,low,Analytics Dashboard,Web Portal,Support Staff,Plus,Medium,APAC,9,0.56,12,0,0,0,negative,3,Support
ACCT-060,TKT-734470,2024-07-08,2024-07-08 21:17:18,low,Analytics Dashboard,Phone,Support Staff,Basic,Small,AMER,4,1.06,16,0,0,0,neutral,7,Support
ACCT-038,TKT-478603,2024-11-05,2024-11-10 09:06:42,low,Analytics Dashboard,Web Portal,DevOps,Basic,Small,APAC,3,1.44,27,0,0,0,positive,1,Support
ACCT-043,TKT-487585,2024-07-12,2024-07-12 17:06:46,low,Notifications,Live Chat,DevOps,Basic,Small,APAC,21,0.35,0,0,0,0,neutral,4,Support
ACCT-035,TKT-468422,2024-06-30,2024-07-01 14:32:50,low,Analytics Dashboard,Email,Support Staff,Plus,Medium,EMEA,23,0.55,9,0,0,0,neutral,2,Support
ACCT-041,TKT-191853,2024-04-11,2024-04-16 23:29:36,low,Notifications,Web Portal,Support Staff,Plus,Medium,APAC,27,1.07,0,0,0,0,neutral,1,Support
ACCT-060,TKT-535798,2024-01-07,2024-01-10 10:43:31,low,Billing,Live Chat,Product Manager,Basic,Medium,APAC,21,0.0,7,0,0,0,negative,5,Support
ACCT-067,TKT-544420,2024-08-27,2024-08-28 06:07:53,low,Mobile App,Web Portal,Finance,Basic,Small,APAC,17,3.36,1,0,0,0,negative,1,Support
ACCT-031,TKT-190259,2024-07-29,2024-07-29 16:22:22,low,Billing,Email,DevOps,Plus,Small,AMER,16,2.11,2,0,0,0,neutral,3,Support
ACCT-043,TKT-650818,2023-10-26,2023-10-26 22:30:27,low,Analytics Dashboard,Web Portal,Product Manager,Plus,Small,AMER,0,0.4,0,0,0,0,neutral,4,Support
ACCT-038,TKT-892843,2024-05-09,2024-05-09 10:02:00,low,Billing,Live Chat,Support Staff,Basic,Small,EMEA,4,1.23,0,0,0,0,neutral,2,Support
ACCT-056,TKT-386606,2024-06-19,2024-06-19 11:56:01,low,Billing,Phone,Support Staff,Plus,Medium,AMER,63,1.96,0,0,0,0,,3,Support
ACCT-037,TKT-695503,2024-07-29,2024-07-29 19:31:05,low,Mobile App,Web Portal,Support Staff,Enterprise,Medium,EMEA,10,0.96,0,0,0,0,neutral,4,Support
ACCT-020,TKT-403524,2023-10-19,2023-10-19 21:43:36,low,Notifications,Web Portal,Support Staff,Basic,Small,APAC,5,1.18,0,0,0,0,neutral,3,Support
ACCT-076,TKT-416662,2024-12-19,2024-12-21 03:19:53,low,Billing,Live Chat,Finance,Plus,Medium,AMER,13,0.0,0,0,0,0,neutral,1,Support
ACCT-018,TKT-585964,2025-01-20,2025-01-21 07:37:13,low,Analytics Dashboard,Live Chat,Support Staff,Basic,Medium,APAC,13,1.1,0,0,0,0,neutral,2,Support
ACCT-060,TKT-375436,2024-01-16,,low,Billing,Email,Finance,Basic,Medium,APAC,9,2.36,0,0,0,0,neutral,3,Support
ACCT-023,TKT-595495,2024-04-03,2024-04-08 13:43:19,low,Mobile App,Web Portal,Support Staff,Basic,Small,EMEA,1,0.56,0,0,0,0,neutral,7,Support
ACCT-058,TKT-537420,2023-10-06,2023-10-08 23:49:20,low,Mobile App,Phone,Finance,Plus,Medium,AMER,11,5.1,0,0,0,0,neutral,4,Support
ACCT-041,TKT-356639,2023-12-01,2023-12-03 03:28:49,low,Analytics Dashboard,Web Portal,Support Staff,Basic,Small,APAC,17,1.17,0,0,0,0,neutral,3,Support
ACCT-056,TKT-169966,2023-06-30,2023-06-30 14:36:08,low,Analytics Dashboard,Web Portal,Product Manager,Basic,Small,APAC,0,3.81,22,0,0,0,neutral,2,Support
ACCT-041,TKT-693047,2025-02-03,2025-02-06 13:32:49,low,Notifications,Web Portal,DevOps,Basic,Small,AMER,3,9.3,13,0,0,0,positive,6,Support
ACCT-024,TKT-599164,2024-08-20,2024-08-24 12:41:20,low,Notifications,Phone,Support Staff,Enterprise,Medium,EMEA,53,3.86,0,0,0,0,positive,6,Support
ACCT-060,TKT-118397,2023-10-01,2023-10-02 14:35:08,low,Analytics Dashboard,Live Chat,DevOps,Plus,Medium,APAC,10,2.05,15,0,0,0,neutral,5,Support
ACCT-043,TKT-435209,2024-02-21,2024-02-21 18:26:17,low,Mobile App,Live Chat,Support Staff,Basic,Small,AMER,2,1.69,33,0,0,0,neutral,3,Support
ACCT-046,TKT-271241,2024-09-15,2024-09-19 14:58:45,low,Mobile App,Phone,Finance,Plus,Medium,APAC,45,8.34,0,0,0,0,negative,2,Support
ACCT-060,TKT-473276,2023-07-25,2023-07-26 04:35:35,low,Notifications,Web Portal,Support Staff,Basic,Small,EMEA,41,3.33,0,0,0,0,neutral,2,Support
ACCT-035,TKT-180558,2023-07-20,2023-07-21 06:15:00,low,Analytics Dashboard,Web Portal,Support Staff,Basic,Small,AMER,7,1.8,0,0,0,0,neutral,4,Support
ACCT-037,TKT-901834,2024-11-08,2024-11-08 21:13:50,low,Analytics Dashboard,Phone,Finance,Plus,Medium,APAC,14,1.79,0,0,0,0,negative,4,Support
ACCT-026,TKT-438277,2023-09-05,2023-09-07 16:27:26,low,Authentication,Web Portal,Support Staff,Basic,Small,AMER,42,4.05,0,0,0,0,neutral,3,Support
ACCT-036,TKT-415697,2024-04-19,2024-04-23 03:58:32,low,Billing,Web Portal,Finance,Basic,Small,APAC,2,1.68,0,0,0,0,neutral,2,Support
ACCT-028,TKT-200488,2024-03-04,2024-03-07 04:19:17,low,Analytics Dashboard,Live Chat,Finance,Basic,Small,APAC,5,3.36,7,0,0,0,neutral,3,Support
ACCT-041,TKT-113524,2024-11-29,2024-12-01 14:04:12,low,Notifications,Live Chat,Support Staff,Plus,Small,AMER,13,0.3,17,0,0,0,neutral,1,Support
ACCT-112,TKT-608453,2023-10-19,2023-10-21 06:32:03,low,Analytics Dashboard,Live Chat,Support Staff,Basic,Small,EMEA,3,2.34,0,0,0,0,negative,1,Support
ACCT-018,TKT-207392,2024-07-26,2024-07-27 11:14:02,low,Notifications,Live Chat,DevOps,Basic,Medium,APAC,29,2.26,0,0,0,0,negative,2,Support
ACCT-049,TKT-297569,2024-01-10,2024-01-10 17:41:57,low,Notifications,Email,DevOps,Basic,Small,AMER,9,3.07,27,0,0,0,neutral,2,Support
ACCT-041,TKT-651186,2024-12-24,2024-12-26 18:22:02,low,Billing,Live Chat,Finance,Plus,Medium,EMEA,25,8.16,0,0,0,0,negative,1,Support
ACCT-041,TKT-941566,2024-11-26,2024-11-29 08:21:36,low,Billing,Phone,Product Manager,Basic,Medium,APAC,4,1.81,6,0,0,0,neutral,2,Support
ACCT-025,TKT-222227,2023-09-25,2023-09-26 19:13:34,low,Data Pipeline,Email,Support Staff,Enterprise,Medium,EMEA,26,1.6,0,0,0,0,negative,6,Support
ACCT-018,TKT-426708,2023-10-13,2023-10-18 02:45:42,low,Billing,Web Portal,Support Staff,Plus,Medium,EMEA,56,3.17,0,0,0,0,neutral,3,Support
ACCT-077,TKT-726680,2024-06-06,2024-06-06 16:19:27,low,Analytics Dashboard,Web Portal,Support Staff,Basic,Small,APAC,2,1.33,0,0,0,0,neutral,4,Support
ACCT-079,TKT-844378,2024-11-17,2024-11-20 16:31:16,low,Notifications,Live Chat,Support Staff,Plus,Medium,EMEA,30,2.39,0,0,0,0,positive,2,Support
ACCT-107,TKT-333159,2024-04-07,2024-04-07 06:47:53,low,Analytics Dashboard,Phone,Support Staff,Plus,Small,AMER,4,1.29,2,0,0,0,negative,1,Support
ACCT-048,TKT-337580,2023-10-10,2023-10-14 10:08:46,low,Notifications,Email,Support Staff,Plus,Medium,EMEA,26,5.37,0,0,0,0,negative,2,Support
ACCT-035,TKT-182423,2024-04-10,2024-04-10 15:07:29,low,Mobile App,Email,Finance,Basic,Small,APAC,2,4.3,8,0,0,0,positive,1,Support
ACCT-076,TKT-181511,2024-08-09,2024-08-12 05:06:29,low,Notifications,Web Portal,Support Staff,Plus,Small,APAC,3,1.64,11,0,0,0,neutral,0,Support
ACCT-041,TKT-144582,2023-06-20,2023-06-23 18:24:35,low,Notifications,Email,Support Staff,Enterprise,Large,AMER,155,0.72,0,0,0,0,neutral,8,Support
ACCT-041,TKT-638421,2023-12-19,2023-12-19 13:36:02,low,Analytics Dashboard,Web Portal,Support Staff,Basic,Medium,APAC,8,1.11,10,0,0,0,neutral,8,Support
ACCT-076,TKT-365302,2025-01-28,2025-01-28 09:27:18,low,Notifications,Web Portal,Product Manager,Plus,Small,AMER,22,1.97,16,0,0,0,neutral,0,Support
ACCT-102,TKT-891203,2023-07-15,2023-07-15 10:02:40,low,Mobile App,Email,Product Manager,Basic,Small,APAC,10,1.28,0,0,0,0,neutral,3,Support
ACCT-024,TKT-315378,2023-09-07,2023-09-10 19:44:36,low,Analytics Dashboard,Web Portal,DevOps,Basic,Small,APAC,1,1.91,0,0,0,0,neutral,1,Support
ACCT-025,TKT-468609,2025-01-22,2025-01-26 20:36:47,low,Mobile App,Phone,Support Staff,Basic,Medium,APAC,7,3.85,19,0,0,0,neutral,4,Support
ACCT-112,TKT-390849,2023-06-30,2023-06-30 12:08:00,low,Analytics Dashboard,Web Portal,Support Staff,Basic,Small,APAC,2,0.68,9,0,0,0,neutral,5,Support
ACCT-041,TKT-624953,2025-01-14,2025-01-15 11:59:35,low,Analytics Dashboard,Email,Support Staff,Enterprise,Medium,EMEA,10,0.68,3,0,0,0,neutral,1,Support
ACCT-060,TKT-203919,2025-02-17,2025-02-18 01:40:03,low,Mobile App,Web Portal,Support Staff,Basic,Small,AMER,3,5.73,15,0,0,0,positive,1,Support
ACCT-038,TKT-850582,2025-01-13,2025-01-16 16:27:47,low,Billing,Email,Support Staff,Plus,Small,APAC,5,2.18,0,0,0,0,positive,4,Support
ACCT-043,TKT-890645,2023-12-14,2023-12-19 17:05:56,low,Notifications,Email,Support Staff,Plus,Small,AMER,7,11.18,0,0,0,0,positive,2,Support
ACCT-043,TKT-324411,2024-12-02,2024-12-02 03:14:58,low,Billing,Web Portal,Product Manager,Plus,Large,AMER,150,0.68,0,0,0,0,negative,2,Support
ACCT-041,TKT-832045,2024-10-29,2024-11-02 08:57:55,low,Notifications,Live Chat,DevOps,Plus,Large,AMER,395,0.29,0,0,0,0,neutral,7,Support
ACCT-035,TKT-212537,2025-01-24,2025-01-24 20:26:30,low,Authentication,Web Portal,Support Staff,Basic,Small,APAC,25,6.75,0,0,0,0,neutral,0,Support
ACCT-009,TKT-544692,2023-12-03,2023-12-07 05:32:57,low,Notifications,Live Chat,Support Staff,Basic,Small,APAC,11,1.06,23,0,0,0,neutral,3,Support
ACCT-113,TKT-898395,2024-01-06,2024-01-08 06:04:25,low,Notifications,Live Chat,Support Staff,Basic,Small,APAC,5,9.19,0,0,0,0,negative,2,Support
ACCT-022,TKT-242514,2024-04-17,2024-04-17 14:58:25,low,Notifications,Phone,Support Staff,Plus,Large,EMEA,42,1.41,0,0,0,0,neutral,9,Support
ACCT-025,TKT-684195,2024-10-20,2024-10-23 16:18:00,low,Billing,Web Portal,Support Staff,Basic,Small,APAC,2,1.63,7,0,0,0,neutral,3,Support
ACCT-035,TKT-503472,2023-07-12,2023-07-12 11:24:14,low,Notifications,Live Chat,Support Staff,Basic,Small,AMER,3,5.37,39,0,0,0,negative,4,Support
ACCT-041,TKT-820420,2024-03-17,2024-03-18 23:32:27,low,Analytics Dashboard,Phone,Executive,Enterprise,Medium,EMEA,5,1.62,0,0,0,0,negative,4,Support
ACCT-023,TKT-996915,2024-08-28,2024-08-29 00:10:42,low,Analytics Dashboard,Web Portal,Support Staff,Plus,Medium,EMEA,10,2.99,10,0,0,0,neutral,4,Support
ACCT-011,TKT-981913,2024-08-12,2024-08-12 20:46:24,low,Mobile App,Email,Support Staff,Basic,Small,APAC,2,5.94,0,0,0,0,negative,1,Support
ACCT-015,TKT-113406,2024-09-30,2024-10-05 07:39:17,low,Mobile App,Email,Product Manager,Basic,Small,APAC,5,2.31,17,0,0,0,neutral,3,Support
ACCT-055,TKT-648051,2024-10-16,2024-10-19 02:23:47,low,Mobile App,Web Portal,Executive,Plus,Medium,AMER,22,5.05,0,0,0,0,neutral,4,Support
ACCT-041,TKT-828799,2023-08-27,2023-08-27 14:35:25,low,Authentication,Email,Support Staff,Basic,Small,APAC,59,10.81,0,0,0,0,neutral,3,Support
ACCT-041,TKT-276919,2025-01-25,2025-01-30 23:31:09,low,Mobile App,Web Portal,Support Staff,Basic,Small,APAC,3,2.36,0,0,0,0,negative,1,Support
ACCT-043,TKT-309991,2023-08-06,2023-08-07 13:36:34,low,Billing,Web Portal,Executive,Plus,Medium,EMEA,4,4.17,0,0,0,0,neutral,3,Support
ACCT-063,TKT-344181,2025-01-30,2025-02-03 07:26:36,low,Authentication,Web Portal,Product Manager,Plus,Small,APAC,0,6.51,0,0,0,0,neutral,4,Support
ACCT-067,TKT-848152,2024-08-08,2024-08-11 10:18:38,low,Notifications,Email,Product Manager,Plus,Medium,AMER,4,1.05,8,0,0,0,neutral,4,Support
ACCT-062,TKT-939892,2025-01-16,2025-01-18 15:47:59,low,Mobile App,Web Portal,DevOps,Basic,Small,APAC,3,1.89,7,0,0,0,neutral,0,Support
ACCT-041,TKT-524089,2024-07-14,2024-07-15 12:49:54,low,Mobile App,Email,Product Manager,Basic,Small,AMER,8,4.59,2,0,0,0,neutral,2,Support
ACCT-047,TKT-576719,2024-10-09,2024-10-11 05:44:29,low,Analytics Dashboard,Live Chat,Support Staff,Basic,Small,AMER,1,2.0,11,0,0,0,negative,3,Support
ACCT-035,TKT-342034,2023-09-19,2023-09-19 14:50:58,low,Analytics Dashboard,Web Portal,Support Staff,Basic,Small,AMER,1,1.52,0,0,0,0,neutral,2,Support
ACCT-076,TKT-970645,2023-10-16,2023-10-16 06:53:40,low,Analytics Dashboard,Web Portal,Support Staff,Basic,Small,APAC,1,1.16,11,0,0,0,neutral,3,Support
ACCT-045,TKT-287795,2023-08-09,2023-08-11 04:11:56,low,Notifications,Web Portal,Support Staff,Basic,Small,APAC,3,6.57,0,0,0,0,neutral,4,Support
ACCT-041,TKT-417459,2024-06-26,2024-06-28 17:12:40,low,Notifications,Web Portal,Support Staff,Basic,Small,APAC,21,9.89,0,0,0,0,neutral,2,Support
ACCT-079,TKT-793193,2025-02-26,2025-02-28 19:39:51,low,Mobile App,Web Portal,Support Staff,Plus,Small,AMER,5,4.42,5,0,0,0,neutral,3,Support
ACCT-076,TKT-311740,2024-11-14,2024-11-17 17:11:36,low,Authentication,Web Portal,Product Manager,Basic,Small,AMER,1,3.27,0,0,0,0,negative,4,Support
ACCT-037,TKT-374375,2024-03-27,2024-03-30 00:58:46,low,Billing,Email,Product Manager,Basic,Small,AMER,8,1.89,31,0,0,0,neutral,2,Support
ACCT-031,TKT-673172,2024-12-07,2024-12-08 11:33:59,low,Analytics Dashboard,Live Chat,Support Staff,Enterprise,Medium,EMEA,0,1.49,13,0,0,0,neutral,4,Support
ACCT-035,TKT-551313,2023-06-19,2023-06-24 12:24:15,low,Mobile App,Web Portal,Support Staff,Plus,Medium,AMER,30,0.0,0,0,0,0,neutral,2,Support
ACCT-077,TKT-494617,2023-09-30,2023-10-01 15:40:00,low,Analytics Dashboard,Web Portal,Support Staff,Basic,Small,APAC,2,2.47,20,0,0,0,neutral,2,Support
ACCT-037,TKT-683707,2024-08-27,2024-08-28 23:50:30,low,Mobile App,Web Portal,Support Staff,Plus,Small,AMER,5,1.57,33,0,0,0,negative,4,Support
ACCT-062,TKT-551601,2024-04-06,2024-04-10 16:29:41,low,Billing,Email,DevOps,Basic,Small,APAC,3,0.24,25,0,0,0,neutral,4,Support
ACCT-077,TKT-901123,2023-10-16,2023-10-17 08:27:36,low,Mobile App,Live Chat,DevOps,Basic,Small,AMER,3,2.41,20,0,0,0,neutral,1,Support
ACCT-076,TKT-680684,2023-09-21,2023-09-23 12:40:04,low,Notifications,Email,Support Staff,Basic,Small,APAC,0,3.15,0,0,0,0,neutral,3,Support
ACCT-072,TKT-995852,2024-12-04,2024-12-06 13:05:10,low,Notifications,Live Chat,Support Staff,Basic,Small,APAC,25,1.46,0,0,0,0,negative,2,Support
ACCT-041,TKT-618721,2023-11-08,2023-11-10 05:11:23,low,Mobile App,Phone,Support Staff,Basic,Small,AMER,0,12.23,0,0,0,0,,2,Support
ACCT-073,TKT-469899,2025-01-26,2025-01-31 20:06:04,low,Analytics Dashboard,Phone,Finance,Plus,Large,AMER,64,0.11,0,0,0,0,,8,Support
ACCT-072,TKT-147310,2024-03-18,2024-03-19 09:15:11,low,Notifications,Email,Support Staff,Basic,Small,APAC,6,8.73,0,0,0,0,neutral,3,Support
ACCT-023,TKT-878103,2023-10-10,2023-10-14 05:59:29,low,Notifications,Web Portal,Support Staff,Plus,Medium,EMEA,66,1.77,0,0,0,0,neutral,2,Support
ACCT-107,TKT-457833,2025-01-18,2025-01-18 06:36:27,low,Data Pipeline,Phone,Product Manager,Plus,Medium,EMEA,71,1.34,0,0,0,0,neutral,0,Support
ACCT-026,TKT-474725,2024-06-24,2024-06-24 12:41:51,low,Analytics Dashboard,Email,Support Staff,Plus,Medium,EMEA,2,0.64,2,0,0,0,positive,2,Support
ACCT-036,TKT-359642,2024-07-26,2024-07-27 12:20:27,low,Billing,Phone,Product Manager,Plus,Small,AMER,89,4.09,0,0,0,0,,2,Support
ACCT-043,TKT-821411,2024-01-27,2024-01-29 23:01:47,low,Notifications,Web Portal,Support Staff,Basic,Small,EMEA,31,4.05,0,0,0,0,negative,4,Support
ACCT-036,TKT-278026,2023-08-07,2023-08-11 12:49:22,low,Data Pipeline,Email,Support Staff,Plus,Medium,EMEA,41,7.62,0,0,0,0,neutral,3,Support
ACCT-063,TKT-789719,2023-06-21,2023-06-23 08:56:37,low,Analytics Dashboard,Live Chat,DevOps,Plus,Medium,EMEA,35,1.37,0,0,0,0,neutral,6,Support
ACCT-073,TKT-379570,2024-08-06,2024-08-08 12:34:03,low,Notifications,Web Portal,Support Staff,Basic,Small,APAC,1,6.53,0,0,0,0,neutral,2,Support
ACCT-041,TKT-431889,2023-06-21,2023-06-24 05:52:00,low,Authentication,Web Portal,Finance,Enterprise,Medium,EMEA,37,4.76,0,0,0,0,neutral,0,Support
ACCT-050,TKT-202472,2024-06-21,2024-06-23 12:51:16,low,Notifications,Live Chat,Support Staff,Basic,Small,APAC,9,15.4,0,0,0,0,neutral,2,Support
ACCT-041,TKT-452287,2024-10-13,2024-10-13 12:55:50,low,Analytics Dashboard,Web Portal,DevOps,Basic,Small,APAC,9,0.67,2,0,0,0,neutral,2,Support
ACCT-048,TKT-456032,2024-10-21,2024-10-23 04:44:05,low,Analytics Dashboard,Live Chat,Support Staff,Enterprise,Medium,EMEA,47,4.34,0,0,0,0,neutral,2,Support
ACCT-043,TKT-557169,2023-11-18,2023-11-20 18:33:05,low,Notifications,Phone,Support Staff,Basic,Small,AMER,3,9.14,15,0,0,0,positive,1,Support
ACCT-048,TKT-925386,2023-12-24,2023-12-26 04:03:45,low,Analytics Dashboard,Email,Support Staff,Plus,Small,AMER,3,4.18,0,0,0,0,neutral,1,Support
ACCT-073,TKT-401314,2023-08-17,2023-08-21 06:41:33,low,Mobile App,Web Portal,Finance,Plus,Medium,EMEA,32,6.36,0,0,0,0,neutral,4,Support
ACCT-078,TKT-521556,2024-02-27,2024-02-27 08:28:10,low,Analytics Dashboard,Email,DevOps,Plus,Medium,APAC,24,1.73,9,0,0,0,neutral,1,Support
ACCT-035,TKT-852570,2024-01-18,2024-01-20 19:50:34,low,Notifications,Email,DevOps,Plus,Medium,APAC,2,3.89,4,0,0,0,neutral,2,Support
ACCT-024,TKT-170537,2025-01-13,2025-01-13 12:28:21,low,Mobile App,Live Chat,Support Staff,Plus,Medium,AMER,7,4.57,0,0,0,0,neutral,6,Support
ACCT-065,TKT-319927,2025-01-01,2025-01-04 23:06:51,low,Notifications,Email,Support Staff,Basic,Small,APAC,6,4.02,0,0,0,0,neutral,1,Support
ACCT-006,TKT-416509,2024-05-21,2024-05-24 22:06:24,low,Analytics Dashboard,Web Portal,Product Manager,Enterprise,Medium,EMEA,17,2.36,2,0,0,0,negative,1,Support
ACCT-010,TKT-666176,2024-10-29,2024-11-01 23:39:19,low,Notifications,Live Chat,DevOps,Plus,Medium,EMEA,9,3.41,0,0,0,0,negative,3,Support
ACCT-076,TKT-755322,2024-04-16,2024-04-16 21:48:06,low,Analytics Dashboard,Live Chat,Product Manager,Plus,Medium,EMEA,13,1.19,0,0,0,0,negative,6,Support
ACCT-060,TKT-289373,2024-11-09,2024-11-10 23:07:45,low,Notifications,Email,Finance,Basic,Small,EMEA,2,13.07,0,0,0,0,negative,1,Support
ACCT-072,TKT-295600,2023-06-20,2023-06-22 20:16:49,low,Billing,Live Chat,DevOps,Plus,Medium,EMEA,84,1.88,0,0,0,0,negative,4,Support
ACCT-035,TKT-963930,2025-01-11,2025-01-13 04:19:21,low,Analytics Dashboard,Web Portal,Executive,Basic,Small,APAC,5,4.13,0,0,0,0,positive,1,Support
ACCT-023,TKT-948228,2024-09-21,2024-09-22 04:08:24,low,Notifications,Web Portal,Support Staff,Basic,Small,APAC,4,2.16,0,0,0,0,positive,1,Support
ACCT-078,TKT-693616,2025-02-19,2025-02-23 09:16:46,low,Analytics Dashboard,Phone,Support Staff,Plus,Small,AMER,7,0.52,0,0,0,0,neutral,2,Support
ACCT-073,TKT-254920,2023-08-01,2023-08-03 07:01:04,low,Authentication,Web Portal,Executive,Basic,Small,APAC,5,1.45,0,0,0,0,negative,4,Support
ACCT-038,TKT-414861,2024-02-02,2024-02-02 17:20:12,low,Notifications,Live Chat,Product Manager,Plus,Medium,EMEA,100,4.45,0,0,0,0,neutral,4,Support
ACCT-075,TKT-167557,2024-08-19,2024-08-20 18:28:11,low,Mobile App,Web Portal,DevOps,Basic,Small,APAC,6,1.29,0,0,0,0,positive,0,Support
ACCT-020,TKT-400988,2023-12-26,2023-12-30 07:50:44,low,Billing,Web Portal,Support Staff,Enterprise,Medium,EMEA,65,0.67,0,0,0,0,negative,2,Support
ACCT-037,TKT-525581,2023-11-12,2023-11-13 03:02:49,low,Authentication,Web Portal,Support Staff,Enterprise,Medium,EMEA,48,3.98,0,0,0,0,neutral,4,Support
ACCT-041,TKT-357516,2024-01-31,2024-01-31 14:05:54,low,Billing,Phone,Product Manager,Plus,Medium,EMEA,38,1.05,0,0,0,0,neutral,4,Support
ACCT-079,TKT-557318,2024-04-13,2024-04-15 00:20:36,low,Notifications,Email,Support Staff,Basic,Medium,APAC,9,1.88,0,0,0,0,neutral,4,Support
ACCT-036,TKT-267099,2024-08-06,2024-08-08 22:52:11,low,Mobile App,Email,Product Manager,Basic,Small,APAC,7,5.95,8,0,0,0,negative,2,Support
ACCT-048,TKT-942570,2024-03-06,2024-03-06 16:05:48,low,Mobile App,Email,Product Manager,Enterprise,Medium,EMEA,38,1.57,0,0,0,0,negative,1,Support
ACCT-109,TKT-993933,2024-03-11,2024-03-14 00:29:58,low,Mobile App,Web Portal,Support Staff,Plus,Small,AMER,5,1.38,28,0,0,0,positive,1,Support
ACCT-051,TKT-120875,2023-07-14,2023-07-19 16:53:36,low,Mobile App,Web Portal,DevOps,Basic,Small,AMER,1,8.76,0,0,0,0,neutral,2,Support
ACCT-064,TKT-730823,2023-07-27,2023-07-31 10:44:49,low,Analytics Dashboard,Email,Support Staff,Plus,Large,AMER,77,3.87,0,0,0,0,negative,6,Support
ACCT-077,TKT-526777,2024-04-01,2024-04-05 12:25:30,low,Mobile App,Email,DevOps,Basic,Small,APAC,6,1.43,27,0,0,0,neutral,3,Support
ACCT-007,TKT-516174,2024-06-07,2024-06-10 02:20:10,low,Billing,Web Portal,Support Staff,Plus,Small,APAC,10,5.3,15,0,0,0,neutral,3,Support
ACCT-035,TKT-624548,2023-10-22,2023-10-23 01:07:33,low,Mobile App,Email,Product Manager,Basic,Small,AMER,5,0.7,0,0,0,0,neutral,2,Support
ACCT-025,TKT-912767,2023-10-02,2023-10-04 06:58:51,low,Mobile App,Web Portal,Finance,Plus,Large,AMER,8,3.69,6,0,0,0,neutral,11,Support
ACCT-035,TKT-349641,2024-11-19,2024-11-20 02:36:28,low,Analytics Dashboard,Email,Support Staff,Basic,Small,APAC,7,2.43,3,0,0,0,neutral,1,Support
ACCT-083,TKT-445281,2025-02-04,2025-02-04 14:51:25,low,Authentication,Live Chat,Support Staff,Basic,Small,APAC,8,8.19,0,0,0,0,neutral,2,Support
ACCT-035,TKT-880097,2025-01-19,2025-01-22 12:12:29,low,Analytics Dashboard,Web Portal,Support Staff,Plus,Small,AMER,23,2.68,0,0,0,0,negative,4,Support
ACCT-076,TKT-212002,2024-01-28,2024-02-02 06:29:08,low,Billing,Phone,Support Staff,Basic,Small,EMEA,17,2.7,6,0,0,0,neutral,1,Support
ACCT-018,TKT-528212,2023-11-27,2023-11-27 23:05:22,low,Notifications,Email,DevOps,Basic,Small,APAC,4,0.49,0,0,0,0,neutral,3,Support
ACCT-058,TKT-659383,2024-02-16,2024-02-20 11:28:28,low,Analytics Dashboard,Phone,Support Staff,Basic,Small,AMER,3,1.46,15,0,0,0,neutral,6,Support
ACCT-010,TKT-672255,2024-06-18,2024-06-21 06:24:39,low,Mobile App,Web Portal,Support Staff,Basic,Small,APAC,1,6.3,0,0,0,0,negative,3,Support
ACCT-024,TKT-391224,2024-08-07,2024-08-09 01:32:37,low,Analytics Dashboard,Web Portal,DevOps,Basic,Small,EMEA,0,2.83,0,0,0,0,neutral,3,Support
ACCT-016,TKT-961264,2023-10-27,2023-10-28 13:32:11,low,Authentication,Email,Support Staff,Plus,Medium,EMEA,60,5.96,0,0,0,0,positive,3,Support
ACCT-115,TKT-735242,2024-04-11,2024-04-11 05:57:48,low,Analytics Dashboard,Web Portal,Product Manager,Plus,Medium,APAC,39,3.7,0,0,0,0,neutral,6,Support
ACCT-035,TKT-157328,2023-07-06,2023-07-10 06:54:59,low,Analytics Dashboard,Live Chat,Support Staff,Plus,Large,AMER,147,3.22,0,0,0,0,negative,7,Support
ACCT-076,TKT-769986,2024-02-01,2024-02-02 02:43:08,low,Analytics Dashboard,Web Portal,Support Staff,Basic,Small,EMEA,0,0.87,40,0,0,0,neutral,2,Support
ACCT-003,TKT-660894,2024-06-06,2024-06-10 21:07:52,low,Mobile App,Email,Support Staff,Plus,Medium,AMER,167,1.73,0,0,0,0,neutral,1,Support
ACCT-018,TKT-512064,2024-01-29,2024-02-02 10:19:34,low,Authentication,Email,Support Staff,Basic,Small,EMEA,15,4.56,0,0,0,0,negative,4,Support
ACCT-041,TKT-893423,2024-02-17,2024-02-18 07:19:27,low,Mobile App,Phone,Support Staff,Basic,Medium,APAC,43,1.99,0,0,0,0,neutral,3,Support
ACCT-038,TKT-268010,2024-01-28,2024-01-29 06:59:09,low,Notifications,Web Portal,Finance,Plus,Medium,AMER,19,1.03,0,0,0,0,negative,4,Support
ACCT-035,TKT-903986,2024-08-23,2024-08-25 20:45:05,low,Notifications,Web Portal,Support Staff,Basic,Small,APAC,4,0.72,0,0,0,0,negative,6,Support
ACCT-036,TKT-183985,2024-07-21,2024-07-24 20:58:13,low,Authentication,Web Portal,DevOps,Basic,Small,APAC,2,5.28,0,0,0,0,neutral,2,Support
ACCT-083,TKT-982023,2024-10-16,2024-10-18 01:07:12,low,Notifications,Live Chat,DevOps,Plus,Large,AMER,53,4.99,0,0,0,0,neutral,5,Support
ACCT-083,TKT-960085,2024-05-06,2024-05-09 09:06:03,low,Mobile App,Email,DevOps,Basic,Small,AMER,3,0.0,0,0,0,0,positive,3,Support
ACCT-031,TKT-630930,2023-09-11,2023-09-15 03:30:06,low,Notifications,Email,Support Staff,Plus,Medium,EMEA,46,1.57,0,0,0,0,negative,1,Support
ACCT-078,TKT-952941,2023-08-07,2023-08-08 12:24:02,low,Data Pipeline,Email,DevOps,Plus,Medium,EMEA,26,8.17,0,0,0,0,neutral,5,Support
ACCT-075,TKT-128679,2024-12-12,2024-12-15 12:17:45,low,Analytics Dashboard,Web Portal,Product Manager,Plus,Medium,APAC,12,3.1,16,0,0,0,neutral,5,Support
ACCT-041,TKT-564943,2023-07-24,2023-07-26 22:06:34,low,Authentication,Email,Support Staff,Basic,Small,APAC,8,2.21,0,0,0,0,neutral,4,Support
ACCT-076,TKT-420389,2023-10-18,2023-10-18 02:53:46,low,Notifications,Email,DevOps,Basic,Small,APAC,17,2.87,0,0,0,0,neutral,2,Support
ACCT-072,TKT-361728,2024-04-17,2024-04-19 13:32:13,low,Authentication,Email,Support Staff,Plus,Small,APAC,40,6.58,0,0,0,0,neutral,1,Support
ACCT-036,TKT-780715,2024-11-10,2024-11-13 08:30:55,low,Mobile App,Live Chat,Product Manager,Basic,Small,AMER,4,0.41,0,0,0,0,neutral,5,Support
ACCT-036,TKT-931145,2023-10-12,2023-10-16 08:03:10,low,Authentication,Live Chat,Product Manager,Basic,Small,APAC,39,3.84,0,0,0,0,neutral,1,Support
ACCT-074,TKT-239995,2024-04-23,2024-04-24 22:56:14,low,Billing,Web Portal,Support Staff,Plus,Medium,EMEA,32,14.42,0,0,0,0,neutral,1,Support
ACCT-036,TKT-443492,2024-02-22,2024-02-22 19:23:27,low,Billing,Live Chat,Support Staff,Plus,Medium,EMEA,19,3.7,0,0,0,0,negative,4,Support
ACCT-008,TKT-290724,2024-03-15,2024-03-15 21:40:21,low,Mobile App,Email,Support Staff,Plus,Small,APAC,6,2.09,18,0,0,0,neutral,6,Support
ACCT-020,TKT-698097,2024-07-07,2024-07-11 14:31:46,low,Analytics Dashboard,Email,Product Manager,Basic,Small,APAC,5,3.55,0,0,0,0,neutral,3,Support
ACCT-025,TKT-685661,2024-01-16,2024-01-16 05:55:23,low,Analytics Dashboard,Email,Support Staff,Basic,Small,APAC,6,2.99,0,0,0,0,neutral,1,Support
ACCT-114,TKT-584887,2025-02-16,2025-02-18 20:07:02,low,Notifications,Live Chat,Product Manager,Plus,Medium,APAC,16,12.91,0,0,0,0,neutral,2,Support
ACCT-043,TKT-152201,2023-12-21,2023-12-22 03:33:13,low,Billing,Web Portal,DevOps,Basic,Small,EMEA,6,4.44,10,0,0,0,neutral,3,Support
ACCT-076,TKT-256501,2024-07-15,2024-07-17 18:58:14,low,Notifications,Live Chat,Support Staff,Basic,Small,APAC,12,3.47,17,0,0,0,neutral,0,Support
ACCT-076,TKT-694797,2023-08-31,2023-09-05 14:30:47,low,Analytics Dashboard,Email,Finance,Basic,Medium,APAC,3,5.37,0,0,0,0,neutral,4,Support
ACCT-024,TKT-910926,2023-09-29,2023-09-29 05:03:43,low,Mobile App,Email,Product Manager,Plus,Small,AMER,2,3.35,0,0,0,0,neutral,4,Support
ACCT-041,TKT-335388,2024-09-07,2024-09-11 04:03:40,low,Analytics Dashboard,Email,Support Staff,Plus,Small,APAC,5,1.35,0,0,0,0,negative,1,Support
ACCT-076,TKT-920114,2023-12-26,2023-12-26 20:55:59,low,Analytics Dashboard,Live Chat,Finance,Basic,Medium,APAC,7,6.25,8,0,0,0,negative,2,Support
ACCT-041,TKT-236523,2024-02-28,2024-02-29 06:03:59,low,Notifications,Phone,DevOps,Enterprise,Medium,EMEA,2,6.94,0,0,0,0,negative,5,Support
ACCT-072,TKT-964119,2024-08-15,2024-08-19 10:02:35,low,Analytics Dashboard,Email,Support Staff,Basic,Small,APAC,2,0.85,3,0,0,0,neutral,2,Support
ACCT-043,TKT-289131,2024-03-16,2024-03-19 10:32:46,low,Billing,Email,DevOps,Basic,Small,AMER,17,0.0,0,0,0,0,negative,1,Support
ACCT-013,TKT-374516,2024-07-23,2024-07-26 21:31:57,low,Authentication,Web Portal,Support Staff,Enterprise,Medium,EMEA,16,4.84,0,0,0,0,neutral,2,Support
ACCT-041,TKT-487593,2024-01-28,2024-01-30 18:55:40,low,Mobile App,Email,Product Manager,Basic,Small,APAC,9,11.4,0,0,0,0,neutral,1,Support
ACCT-111,TKT-110821,2025-01-17,2025-01-20 04:09:00,low,Authentication,Email,Support Staff,Basic,Small,APAC,5,7.09,0,0,0,0,neutral,7,Support
ACCT-018,TKT-826687,2024-09-23,2024-09-23 15:48:48,low,Authentication,Web Portal,Finance,Basic,Small,APAC,7,0.89,2,0,0,0,neutral,3,Support
ACCT-046,TKT-842866,2024-07-12,2024-07-15 04:31:37,low,Billing,Web Portal,Support Staff,Basic,Small,EMEA,8,2.78,0,1,0,0,neutral,3,Support
ACCT-077,TKT-199907,2024-08-07,2024-08-10 12:01:40,low,Authentication,Phone,Product Manager,Plus,Large,EMEA,259,0.66,0,0,0,0,,6,Support
ACCT-060,TKT-346249,2024-12-22,2024-12-22 09:24:43,low,Notifications,Email,Support Staff,Enterprise,Medium,EMEA,16,13.21,0,0,0,0,negative,2,Support
ACCT-043,TKT-803375,2024-09-25,2024-09-29 22:28:49,low,Analytics Dashboard,Email,Support Staff,Basic,Small,AMER,3,1.54,7,0,0,0,neutral,2,Support
ACCT-060,TKT-105621,2025-02-02,2025-02-05 07:54:24,low,Analytics Dashboard,Web Portal,Support Staff,Plus,Medium,EMEA,22,3.32,0,0,0,0,neutral,0,Support
ACCT-008,TKT-513869,2024-02-15,2024-02-17 04:56:26,low,Mobile App,Live Chat,Support Staff,Basic,Small,AMER,3,1.05,0,0,0,0,neutral,2,Support
ACCT-060,TKT-143122,2024-06-14,2024-06-14 15:43:42,low,Authentication,Phone,Product Manager,Plus,Large,AMER,46,4.22,0,0,0,0,neutral,3,Support
ACCT-074,TKT-616780,2025-01-15,2025-01-15 19:55:18,low,Mobile App,Web Portal,Support Staff,Basic,Medium,APAC,96,4.04,0,0,0,0,positive,1,Support
ACCT-085,TKT-432731,2024-05-13,2024-05-17 14:52:51,low,Analytics Dashboard,Web Portal,Product Manager,Basic,Small,EMEA,3,0.63,0,0,0,0,neutral,1,Support
ACCT-067,TKT-428486,2024-11-25,2024-11-26 20:54:21,low,Billing,Email,Support Staff,Plus,Small,APAC,2,3.47,0,0,0,0,negative,2,Support
ACCT-041,TKT-975355,2023-07-16,2023-07-22 00:02:27,low,Analytics Dashboard,Web Portal,Finance,Plus,Medium,APAC,0,3.14,0,0,0,0,neutral,1,Support
ACCT-060,TKT-396668,2024-03-14,2024-03-17 13:54:49,low,Notifications,Live Chat,Support Staff,Basic,Small,APAC,9,1.7,0,0,0,0,neutral,4,Support
ACCT-113,TKT-376570,2024-02-25,2024-02-27 18:18:07,low,Mobile App,Live Chat,DevOps,Basic,Small,APAC,4,4.36,26,0,0,0,neutral,1,Support
ACCT-041,TKT-430870,2024-11-11,2024-11-12 08:30:51,low,Mobile App,Web Portal,Support Staff,Plus,Medium,AMER,14,3.39,2,0,0,0,neutral,0,Support
ACCT-075,TKT-994470,2024-10-16,2024-10-19 16:32:08,low,Mobile App,Live Chat,Support Staff,Basic,Small,APAC,1,2.85,0,0,0,0,negative,0,Support
ACCT-038,TKT-341026,2024-08-24,2024-08-24 08:56:48,low,Analytics Dashboard,Live Chat,Product Manager,Basic,Small,APAC,5,1.65,6,0,0,0,negative,4,Support
ACCT-026,TKT-840255,2023-12-05,2023-12-05 07:28:29,low,Analytics Dashboard,Phone,DevOps,Plus,Large,AMER,104,4.66,0,0,0,0,neutral,2,Support
ACCT-048,TKT-618951,2024-09-21,2024-09-22 21:17:11,low,Mobile App,Email,Support Staff,Basic,Small,AMER,7,0.14,0,0,0,0,neutral,1,Support
ACCT-038,TKT-688098,2023-07-12,2023-07-13 21:50:30,low,Mobile App,Email,Support Staff,Plus,Small,AMER,2,1.12,0,0,0,0,positive,3,Support
ACCT-011,TKT-854727,2024-10-09,2024-10-10 23:37:52,low,Notifications,Email,Support Staff,Plus,Small,APAC,14,2.3,0,0,0,0,neutral,4,Support
ACCT-041,TKT-397917,2023-10-30,2023-10-30 14:58:38,low,Notifications,Web Portal,Support Staff,Basic,Small,AMER,4,13.99,0,0,0,0,neutral,3,Support
ACCT-001,TKT-962529,2023-12-02,2023-12-06 05:35:30,low,Analytics Dashboard,Email,Finance,Plus,Medium,APAC,31,2.07,0,0,0,0,neutral,1,Support
ACCT-035,TKT-322713,2024-03-06,2024-03-08 11:58:19,low,Authentication,Email,DevOps,Plus,Medium,EMEA,234,1.31,0,0,0,0,negative,1,Support
ACCT-036,TKT-904098,2025-01-18,,low,Analytics Dashboard,Email,Finance,Basic,Medium,APAC,3,4.01,9,0,0,0,neutral,3,Support
ACCT-108,TKT-358114,2025-01-05,2025-01-05 20:01:47,low,Mobile App,Live Chat,Product Manager,Basic,Medium,APAC,17,2.19,0,0,0,0,neutral,2,Support
ACCT-110,TKT-127223,2024-10-23,2024-10-26 03:05:09,low,Mobile App,Email,DevOps,Basic,Small,APAC,7,1.08,29,0,0,0,negative,3,Support
ACCT-043,TKT-513316,2024-03-18,2024-03-21 03:43:17,low,Analytics Dashboard,Live Chat,Support Staff,Basic,Small,AMER,2,5.43,0,0,0,0,neutral,6,Support
ACCT-101,TKT-977634,2024-06-17,2024-06-19 15:22:34,low,Authentication,Web Portal,Support Staff,Plus,Small,APAC,3,7.24,0,0,0,0,negative,2,Support
ACCT-064,TKT-971051,2024-04-27,2024-04-27 17:37:48,low,Notifications,Email,Finance,Plus,Small,AMER,8,1.32,31,0,0,0,neutral,1,Support
ACCT-076,TKT-723068,2024-10-04,2024-10-05 23:13:14,low,Analytics Dashboard,Live Chat,Finance,Plus,Medium,AMER,8,3.26,0,0,0,0,neutral,6,Support
ACCT-041,TKT-752596,2023-06-06,2023-06-07 10:08:34,low,Notifications,Live Chat,Support Staff,Enterprise,Medium,EMEA,19,4.0,0,0,0,0,negative,3,Support
ACCT-043,TKT-869989,2024-09-06,2024-09-07 09:41:36,low,Mobile App,Email,Support Staff,Plus,Small,AMER,5,2.93,7,0,0,0,neutral,3,Support
ACCT-064,TKT-940494,2025-01-03,2025-01-03 15:28:21,low,Analytics Dashboard,Email,Product Manager,Basic,Small,APAC,4,0.82,15,0,0,0,neutral,2,Support
ACCT-032,TKT-174159,2024-03-16,2024-03-17 09:31:11,low,Data Pipeline,Web Portal,Support Staff,Basic,Small,APAC,24,2.42,0,0,0,0,negative,3,Support
ACCT-038,TKT-518233,2024-12-12,2024-12-17 12:08:59,low,Authentication,Email,Support Staff,Basic,Small,APAC,4,2.83,0,0,0,0,neutral,1,Support
ACCT-105,TKT-518295,2024-02-17,2024-02-17 19:47:56,low,Authentication,Email,Support Staff,Plus,Small,AMER,12,4.12,0,0,0,0,positive,4,Support
ACCT-035,TKT-507374,2023-08-31,2023-08-31 05:53:48,low,Mobile App,Web Portal,Product Manager,Basic,Small,APAC,4,0.18,5,0,0,0,neutral,1,Support
ACCT-076,TKT-785836,2024-07-17,2024-07-18 05:46:25,low,Notifications,Web Portal,Support Staff,Basic,Small,APAC,2,1.05,6,0,0,0,neutral,2,Support
ACCT-072,TKT-553360,2023-11-05,2023-11-05 14:42:39,low,Analytics Dashboard,Web Portal,Finance,Plus,Large,EMEA,36,0.43,0,0,0,0,neutral,2,Support
ACCT-035,TKT-476485,2024-04-13,2024-04-17 21:16:58,low,Data Pipeline,Web Portal,Support Staff,Enterprise,Medium,EMEA,63,3.67,0,0,0,0,neutral,3,Support
ACCT-112,TKT-613406,2023-09-07,2023-09-11 05:00:39,low,Authentication,Web Portal,DevOps,Basic,Small,APAC,22,6.28,0,0,0,0,neutral,2,Support
ACCT-059,TKT-690408,2024-08-30,2024-09-03 16:40:00,low,Analytics Dashboard,Web Portal,Finance,Plus,Medium,APAC,65,2.22,0,1,0,0,positive,4,Support
ACCT-062,TKT-950389,2025-02-04,2025-02-05 19:50:26,low,Notifications,Live Chat,Support Staff,Plus,Small,APAC,4,11.27,0,0,0,0,neutral,0,Support
ACCT-058,TKT-546711,2024-06-12,2024-06-14 18:25:30,low,Billing,Live Chat,DevOps,Basic,Small,APAC,9,1.59,0,0,0,0,neutral,2,Support
ACCT-105,TKT-586041,2023-09-04,2023-09-04 07:52:31,low,Mobile App,Live Chat,Support Staff,Plus,Medium,EMEA,20,0.0,0,0,0,0,neutral,3,Support
ACCT-019,TKT-619383,2024-01-16,2024-01-18 22:57:53,low,Analytics Dashboard,Live Chat,Support Staff,Plus,Large,AMER,63,1.19,4,0,0,0,positive,5,Support
ACCT-076,TKT-404824,2024-11-21,2024-11-23 20:30:37,low,Notifications,Email,DevOps,Plus,Medium,APAC,50,3.16,0,0,0,0,neutral,1,Support
ACCT-072,TKT-600811,2024-09-22,2024-09-23 21:23:14,low,Notifications,Live Chat,DevOps,Basic,Small,APAC,12,8.46,0,0,0,0,neutral,1,Support
ACCT-041,TKT-415001,2024-04-03,2024-04-03 17:10:17,low,Analytics Dashboard,Phone,DevOps,Enterprise,Medium,EMEA,16,2.37,0,0,0,0,neutral,5,Support
ACCT-035,TKT-150046,2024-02-10,2024-02-12 07:06:54,low,Authentication,Web Portal,Support Staff,Basic,Small,EMEA,59,2.39,0,0,0,0,negative,3,Support
ACCT-020,TKT-212860,2024-12-16,2024-12-16 10:55:01,low,Analytics Dashboard,Email,Product Manager,Enterprise,Medium,EMEA,10,1.91,0,0,0,0,neutral,2,Support
ACCT-072,TKT-792956,2024-11-04,2024-11-05 20:02:20,low,Billing,Phone,DevOps,Basic,Medium,APAC,22,1.04,3,0,0,0,neutral,2,Support
ACCT-038,TKT-714012,2025-01-03,2025-01-07 01:16:47,low,Notifications,Email,Support Staff,Plus,Medium,AMER,53,0.39,4,0,0,0,neutral,1,Support
ACCT-085,TKT-876487,2023-08-23,,low,Mobile App,Email,Support Staff,Plus,Medium,AMER,16,7.17,0,0,0,0,neutral,2,Support
ACCT-046,TKT-512045,2024-09-16,2024-09-16 19:56:16,low,Notifications,Email,Support Staff,Plus,Small,AMER,15,1.31,0,0,0,0,neutral,2,Support
ACCT-059,TKT-412106,2023-07-17,2023-07-17 11:29:34,low,Mobile App,Email,Product Manager,Basic,Medium,APAC,4,0.0,0,0,0,0,neutral,4,Support
ACCT-043,TKT-802818,2024-04-17,2024-04-19 14:58:37,low,Billing,Phone,Support Staff,Plus,Medium,EMEA,54,2.99,0,0,0,0,,1,Support
ACCT-041,TKT-949352,2024-09-03,2024-09-05 19:44:29,low,Mobile App,Live Chat,Product Manager,Plus,Medium,AMER,26,3.39,0,0,0,0,neutral,1,Support
ACCT-036,TKT-733395,2023-12-09,2023-12-09 22:48:34,low,Mobile App,Web Portal,Support Staff,Basic,Small,APAC,4,1.93,23,0,0,0,neutral,3,Support
ACCT-078,TKT-660333,2024-02-21,2024-02-25 13:25:48,low,Analytics Dashboard,Web Portal,Support Staff,Plus,Medium,APAC,7,2.0,13,0,0,0,neutral,6,Support
ACCT-077,TKT-280077,2023-06-19,2023-06-19 03:36:51,low,Analytics Dashboard,Phone,DevOps,Plus,Large,AMER,66,3.14,0,0,0,0,negative,8,Support
ACCT-015,TKT-789666,2024-10-01,2024-10-02 23:53:53,low,Mobile App,Live Chat,Product Manager,Basic,Small,APAC,2,3.16,0,0,0,0,neutral,3,Support
ACCT-041,TKT-952631,2025-02-06,2025-02-09 10:25:18,low,Authentication,Email,Support Staff,Basic,Medium,APAC,72,6.18,0,0,0,0,neutral,3,Support
ACCT-041,TKT-823825,2025-02-21,2025-02-22 13:18:16,low,Analytics Dashboard,Email,Support Staff,Enterprise,Medium,EMEA,0,2.22,1,0,0,0,neutral,1,Support
ACCT-041,TKT-241677,2024-07-09,2024-07-12 23:45:01,low,Authentication,Email,Product Manager,Basic,Small,APAC,6,19.34,0,0,0,0,positive,4,Support
ACCT-043,TKT-829842,2023-06-15,2023-06-15 20:57:23,low,Notifications,Web Portal,Support Staff,Plus,Medium,EMEA,10,12.54,0,0,0,0,negative,0,Support
ACCT-027,TKT-780130,2023-12-10,2023-12-14 10:37:20,low,Analytics Dashboard,Email,Support Staff,Basic,Medium,APAC,33,2.01,0,0,0,0,neutral,6,Support
ACCT-023,TKT-756470,2023-10-27,2023-10-29 23:15:29,low,Notifications,Email,Support Staff,Basic,Small,APAC,11,5.22,0,0,0,0,neutral,2,Support
ACCT-077,TKT-585936,2024-12-03,2024-12-03 20:58:00,low,Notifications,Live Chat,Support Staff,Plus,Medium,APAC,196,3.5,0,0,0,0,negative,2,Support
ACCT-041,TKT-274174,2023-10-30,2023-11-01 01:26:46,low,Billing,Email,DevOps,Basic,Small,EMEA,2,6.59,18,0,0,0,neutral,6,Support
ACCT-041,TKT-608608,2023-11-04,2023-11-07 12:27:18,low,Authentication,Web Portal,Support Staff,Basic,Small,EMEA,31,2.0,0,0,0,0,neutral,1,Support
ACCT-060,TKT-354415,2024-09-25,2024-09-25 05:47:24,low,Analytics Dashboard,Web Portal,DevOps,Plus,Large,AMER,205,0.26,0,0,0,0,neutral,9,Support
ACCT-078,TKT-510762,2023-12-24,2023-12-25 06:44:00,low,Notifications,Live Chat,Finance,Basic,Medium,APAC,8,0.8,2,0,0,0,neutral,2,Support
ACCT-064,TKT-988803,2023-07-23,2023-07-24 10:35:06,low,Notifications,Email,Support Staff,Basic,Small,APAC,1,10.96,10,0,0,0,neutral,0,Support
ACCT-076,TKT-872882,2024-08-16,2024-08-22 00:35:17,low,Analytics Dashboard,Email,Support Staff,Basic,Small,APAC,2,1.48,5,0,0,0,positive,1,Support
ACCT-041,TKT-404899,2025-01-13,2025-01-15 16:04:51,low,Analytics Dashboard,Web Portal,Finance,Basic,Small,EMEA,7,0.95,16,0,0,0,neutral,2,Support
ACCT-025,TKT-719749,2023-07-08,2023-07-10 02:58:41,low,Notifications,Web Portal,Finance,Basic,Small,EMEA,12,7.01,0,0,0,0,neutral,3,Support
ACCT-041,TKT-611601,2025-02-16,2025-02-21 06:24:54,low,Notifications,Email,DevOps,Basic,Small,APAC,0,2.84,0,0,0,0,neutral,1,Support
ACCT-065,TKT-542503,2024-01-24,2024-01-27 08:37:34,low,Notifications,Web Portal,Support Staff,Basic,Small,APAC,6,0.05,5,0,0,0,neutral,3,Support
ACCT-053,TKT-779792,2025-01-11,2025-01-12 08:47:40,low,Mobile App,Live Chat,Support Staff,Basic,Medium,APAC,50,1.78,0,0,0,0,neutral,2,Support
ACCT-067,TKT-752944,2024-08-01,2024-08-05 17:34:27,low,Mobile App,Live Chat,Support Staff,Plus,Small,AMER,1,0.0,0,0,0,0,neutral,1,Support
ACCT-028,TKT-269170,2024-05-21,2024-05-22 22:35:18,low,Analytics Dashboard,Web Portal,Support Staff,Plus,Medium,APAC,4,2.13,6,0,0,0,neutral,4,Support
ACCT-073,TKT-559392,2024-03-21,2024-03-24 10:28:05,low,Mobile App,Web Portal,Support Staff,Basic,Small,APAC,2,0.0,0,0,0,0,positive,1,Support
ACCT-041,TKT-818247,2024-01-24,2024-01-26 05:18:01,low,Authentication,Web Portal,Product Manager,Basic,Small,AMER,19,7.02,0,0,0,0,negative,1,Support
ACCT-037,TKT-849940,2024-05-13,2024-05-18 02:16:12,low,Notifications,Phone,Executive,Basic,Small,APAC,7,7.46,0,0,0,0,positive,1,Support
ACCT-020,TKT-845941,2024-09-22,2024-09-22 15:38:01,low,Data Pipeline,Live Chat,DevOps,Plus,Medium,EMEA,59,9.46,0,0,0,0,neutral,3,Support
ACCT-011,TKT-805804,2024-07-04,2024-07-09 15:13:38,low,Notifications,Live Chat,Support Staff,Basic,Small,EMEA,14,6.15,0,0,0,0,neutral,0,Support
ACCT-036,TKT-985555,2024-06-03,2024-06-06 22:09:53,low,Authentication,Web Portal,Support Staff,Plus,Small,AMER,38,8.19,0,0,0,0,neutral,5,Support
ACCT-085,TKT-885650,2023-11-13,2023-11-15 19:28:46,low,Analytics Dashboard,Live Chat,Product Manager,Enterprise,Large,AMER,12,1.32,4,0,0,0,neutral,8,Support
ACCT-041,TKT-309174,2023-08-28,2023-08-31 01:40:48,low,Notifications,Email,Support Staff,Basic,Small,EMEA,3,6.82,0,0,0,0,neutral,4,Support
ACCT-043,TKT-536191,2023-11-08,2023-11-10 17:21:46,low,Billing,Web Portal,DevOps,Basic,Small,APAC,2,0.32,5,0,0,0,neutral,4,Support
ACCT-083,TKT-149334,2024-10-18,2024-10-19 07:35:40,low,Analytics Dashboard,Web Portal,Support Staff,Basic,Small,APAC,0,0.72,4,0,0,0,positive,2,Support
ACCT-043,TKT-809810,2023-06-19,2023-06-20 13:06:21,low,Notifications,Phone,Support Staff,Plus,Medium,APAC,16,1.37,28,0,0,0,neutral,1,Support
ACCT-058,TKT-627935,2023-11-10,2023-11-10 19:30:07,low,Mobile App,Email,Support Staff,Plus,Small,AMER,25,0.52,2,0,0,0,neutral,1,Support
ACCT-035,TKT-219505,2023-07-03,2023-07-07 00:09:13,low,Mobile App,Email,Finance,Plus,Medium,EMEA,35,6.17,0,0,0,0,neutral,3,Support
ACCT-041,TKT-609990,2025-02-22,2025-02-23 00:15:15,low,Billing,Web Portal,Support Staff,Basic,Small,APAC,1,0.94,12,0,0,0,negative,4,Support
ACCT-038,TKT-906747,2024-02-20,2024-02-26 10:59:14,low,Analytics Dashboard,Live Chat,DevOps,Plus,Large,AMER,85,1.16,0,0,0,0,neutral,0,Support
ACCT-076,TKT-258522,2023-07-18,2023-07-21 17:37:20,low,Mobile App,Phone,Support Staff,Plus,Small,AMER,3,7.91,0,0,0,0,positive,0,Support
ACCT-007,TKT-152871,2024-11-09,2024-11-11 17:10:22,low,Notifications,Email,Support Staff,Enterprise,Medium,EMEA,36,4.92,0,0,0,0,neutral,2,Support
ACCT-037,TKT-892476,2024-08-22,2024-08-25 22:42:44,low,Authentication,Web Portal,Support Staff,Basic,Small,APAC,8,3.0,0,0,0,0,negative,3,Support
ACCT-104,TKT-739270,2023-09-22,2023-09-27 21:58:44,low,Authentication,Web Portal,Finance,Plus,Small,APAC,19,10.57,0,0,0,0,neutral,2,Support
ACCT-018,TKT-210531,2023-09-13,2023-09-17 03:20:51,low,Notifications,Email,Support Staff,Basic,Small,EMEA,4,0.84,79,0,0,0,neutral,3,Support
ACCT-078,TKT-479205,2023-11-19,2023-11-21 20:33:34,low,Billing,Email,Support Staff,Basic,Small,AMER,10,0.82,0,0,0,0,neutral,4,Support
ACCT-025,TKT-898977,2023-11-08,2023-11-11 10:48:11,low,Mobile App,Phone,Support Staff,Enterprise,Large,EMEA,76,1.78,0,0,0,0,positive,8,Support
ACCT-004,TKT-261790,2024-10-31,2024-11-02 04:13:43,low,Billing,Web Portal,Support Staff,Plus,Small,APAC,13,1.41,0,0,0,0,neutral,2,Support
ACCT-036,TKT-989816,2024-06-07,2024-06-08 10:39:39,low,Mobile App,Live Chat,DevOps,Enterprise,Medium,EMEA,42,4.79,0,0,0,0,negative,3,Support
ACCT-020,TKT-906389,2023-12-24,2023-12-25 21:34:42,low,Mobile App,Phone,Support Staff,Plus,Medium,EMEA,102,5.5,0,0,0,0,neutral,1,Support
ACCT-077,TKT-457900,2023-06-07,2023-06-08 01:59:45,low,Analytics Dashboard,Live Chat,Support Staff,Basic,Medium,APAC,22,3.84,4,0,0,0,neutral,3,Support
ACCT-035,TKT-490527,2024-03-20,2024-03-22 04:59:47,low,Mobile App,Email,Support Staff,Basic,Small,APAC,4,2.02,0,0,0,0,neutral,2,Support
ACCT-025,TKT-258975,2024-07-29,2024-07-30 13:17:44,low,Analytics Dashboard,Web Portal,Finance,Enterprise,Medium,EMEA,15,1.5,0,0,0,0,neutral,4,Support
ACCT-043,TKT-940715,2024-11-24,2024-11-25 19:41:44,low,Data Pipeline,Email,DevOps,Basic,Small,APAC,4,9.29,0,0,0,0,negative,6,Support
ACCT-031,TKT-581037,2024-08-13,2024-08-14 18:48:19,low,Mobile App,Live Chat,Support Staff,Basic,Small,AMER,21,2.01,12,0,0,0,neutral,7,Support
ACCT-060,TKT-131208,2024-11-10,2024-11-13 21:55:06,low,Data Pipeline,Web Portal,DevOps,Plus,Medium,AMER,129,2.97,0,0,0,0,negative,4,Support
ACCT-035,TKT-945411,2024-08-27,,low,Mobile App,Email,Executive,Plus,Medium,EMEA,43,2.18,0,0,0,0,neutral,2,Support
ACCT-026,TKT-430096,2024-11-11,2024-11-16 09:11:40,low,Notifications,Live Chat,Support Staff,Basic,Small,APAC,0,8.55,14,0,0,0,neutral,0,Support
ACCT-038,TKT-164454,2024-07-16,2024-07-22 02:02:08,low,Analytics Dashboard,Email,Support Staff,Plus,Small,AMER,12,6.62,2,0,0,0,neutral,2,Support
ACCT-110,TKT-772625,2024-07-07,2024-07-10 15:47:07,low,Analytics Dashboard,Web Portal,Executive,Plus,Medium,EMEA,31,2.95,0,0,0,0,negative,3,Support
ACCT-011,TKT-762288,2023-11-02,2023-11-06 20:57:42,low,Authentication,Email,Support Staff,Plus,Medium,APAC,57,2.3,0,0,0,0,neutral,1,Support
ACCT-019,TKT-813944,2024-11-14,2024-11-19 20:58:20,low,Notifications,Web Portal,Support Staff,Basic,Small,APAC,1,5.27,68,0,0,0,neutral,2,Support
ACCT-072,TKT-428933,2024-12-18,2024-12-22 13:52:19,low,Authentication,Email,Support Staff,Basic,Small,AMER,23,3.6,0,0,0,0,neutral,1,Support
ACCT-040,TKT-653429,2024-05-18,2024-05-18 04:02:21,low,Mobile App,Web Portal,Support Staff,Basic,Small,AMER,1,3.95,33,0,0,0,neutral,4,Support
ACCT-102,TKT-567863,2025-02-15,2025-02-20 01:53:46,low,Analytics Dashboard,Phone,Support Staff,Basic,Small,AMER,1,0.99,5,0,0,0,negative,1,Support
ACCT-035,TKT-748216,2023-12-28,2024-01-01 17:11:32,low,Notifications,Email,Support Staff,Plus,Small,APAC,13,3.64,6,0,0,0,neutral,4,Support
ACCT-043,TKT-919528,2024-08-26,2024-08-29 06:05:28,low,Analytics Dashboard,Live Chat,Support Staff,Enterprise,Medium,EMEA,46,2.26,0,0,0,0,positive,1,Support
ACCT-043,TKT-188374,2024-07-19,2024-07-22 18:31:54,low,Billing,Email,Support Staff,Plus,Medium,EMEA,12,1.73,0,0,0,0,neutral,0,Support
ACCT-060,TKT-853800,2023-07-08,2023-07-10 08:49:31,low,Authentication,Web Portal,Support Staff,Enterprise,Medium,EMEA,26,5.87,0,0,0,0,neutral,2,Support
ACCT-035,TKT-324116,2023-10-08,2023-10-10 06:48:18,low,Mobile App,Live Chat,Support Staff,Basic,Small,APAC,5,1.64,2,0,0,0,neutral,1,Support
ACCT-036,TKT-457259,2023-09-04,2023-09-06 05:46:17,low,Analytics Dashboard,Web Portal,Support Staff,Plus,Medium,EMEA,96,2.33,0,0,0,0,neutral,3,Support
ACCT-025,TKT-666160,2023-11-11,2023-11-11 06:13:57,low,Notifications,Email,DevOps,Basic,Small,APAC,5,3.54,0,0,0,0,neutral,1,Support
ACCT-043,TKT-418706,2025-01-27,2025-01-28 03:15:35,low,Mobile App,Web Portal,DevOps,Basic,Small,APAC,2,3.94,0,0,0,0,neutral,2,Support
ACCT-072,TKT-162857,2024-08-06,2024-08-12 05:19:47,low,Billing,Live Chat,Support Staff,Basic,Small,APAC,4,1.76,7,0,0,0,neutral,2,Support
ACCT-073,TKT-229827,2024-06-16,2024-06-17 03:21:39,low,Mobile App,Web Portal,Support Staff,Plus,Medium,EMEA,40,1.17,0,0,0,0,neutral,5,Support
ACCT-084,TKT-570534,2023-07-19,2023-07-22 15:20:53,low,Analytics Dashboard,Web Portal,Support Staff,Plus,Small,APAC,0,4.23,0,0,0,0,neutral,0,Support
ACCT-041,TKT-455446,2024-04-01,,low,Notifications,Web Portal,Support Staff,Basic,Small,APAC,9,8.61,0,0,0,0,neutral,6,Support
ACCT-111,TKT-693071,2024-01-28,2024-01-31 23:53:19,low,Authentication,Email,Support Staff,Basic,Small,AMER,11,3.13,4,0,0,0,neutral,5,Support
ACCT-043,TKT-413735,2024-11-28,2024-12-02 07:32:24,low,Mobile App,Email,Product Manager,Plus,Small,AMER,3,0.0,0,0,0,0,neutral,1,Support
ACCT-043,TKT-700588,2024-03-18,2024-03-21 01:39:39,low,Notifications,Email,Support Staff,Plus,Small,AMER,57,7.41,0,0,0,0,neutral,3,Support
ACCT-041,TKT-359662,2023-10-22,2023-10-25 08:38:08,low,Notifications,Email,Support Staff,Basic,Small,APAC,3,4.24,26,0,0,0,neutral,0,Support
ACCT-078,TKT-962813,2023-09-16,2023-09-17 09:59:07,low,Notifications,Web Portal,Support Staff,Plus,Medium,AMER,8,8.98,12,0,0,0,neutral,3,Support
ACCT-078,TKT-546370,2024-06-04,2024-06-05 23:14:55,low,Mobile App,Web Portal,Product Manager,Basic,Small,APAC,8,1.66,0,0,0,0,neutral,2,Support
ACCT-035,TKT-236381,2024-07-26,2024-07-26 11:22:41,low,Billing,Live Chat,Support Staff,Plus,Small,AMER,19,4.1,0,0,0,0,neutral,4,Support
ACCT-008,TKT-809699,2024-09-30,2024-09-30 23:09:06,low,Analytics Dashboard,Web Portal,Support Staff,Plus,Small,AMER,2,0.56,6,0,0,0,neutral,3,Support
ACCT-043,TKT-916656,2024-11-20,2024-11-21 17:40:24,low,Analytics Dashboard,Live Chat,Product Manager,Plus,Medium,EMEA,15,1.79,0,0,0,0,neutral,3,Support
ACCT-036,TKT-767377,2024-07-09,2024-07-13 13:31:16,low,Notifications,Email,DevOps,Plus,Small,AMER,8,2.42,0,0,0,0,neutral,2,Support
ACCT-048,TKT-613321,2024-08-07,2024-08-13 14:20:44,low,Billing,Web Portal,Support Staff,Plus,Small,AMER,8,0.9,23,0,0,0,neutral,2,Support
ACCT-085,TKT-233299,2024-07-31,2024-08-04 03:23:13,low,Notifications,Web Portal,Support Staff,Enterprise,Medium,EMEA,32,3.32,0,0,0,0,neutral,2,Support
ACCT-111,TKT-838747,2024-10-09,2024-10-12 08:08:51,low,Authentication,Live Chat,Support Staff,Plus,Medium,EMEA,3,4.29,21,0,0,0,neutral,0,Support
ACCT-018,TKT-322971,2024-11-07,2024-11-11 11:33:24,low,Analytics Dashboard,Live Chat,Support Staff,Basic,Small,APAC,5,4.54,0,0,0,0,positive,4,Support
ACCT-063,TKT-686181,2024-09-09,2024-09-11 01:22:29,low,Data Pipeline,Phone,Finance,Plus,Medium,EMEA,54,3.98,0,0,0,0,neutral,1,Support
ACCT-043,TKT-993719,2024-06-13,2024-06-18 02:15:32,low,Billing,Email,Support Staff,Basic,Small,APAC,10,1.03,0,0,0,0,neutral,2,Support
ACCT-062,TKT-403657,2024-07-23,2024-07-23 13:49:07,low,Notifications,Phone,Support Staff,Basic,Small,APAC,6,2.89,9,0,0,0,neutral,5,Support
ACCT-056,TKT-419736,2023-07-12,2023-07-14 07:04:40,low,Analytics Dashboard,Web Portal,Support Staff,Plus,Small,APAC,5,1.61,0,0,0,0,negative,2,Support
ACCT-076,TKT-929637,2024-06-18,2024-06-19 07:33:22,low,Analytics Dashboard,Email,Product Manager,Plus,Medium,EMEA,14,2.19,0,0,0,0,negative,3,Support
ACCT-031,TKT-151014,2023-10-25,2023-10-25 16:35:59,low,Authentication,Live Chat,Product Manager,Basic,Small,EMEA,23,6.8,0,0,0,0,positive,3,Support
ACCT-076,TKT-958914,2024-04-08,2024-04-12 17:33:13,low,Authentication,Email,Product Manager,Basic,Small,EMEA,3,4.47,0,0,0,0,neutral,5,Support
ACCT-062,TKT-170846,2024-10-13,2024-10-13 02:33:41,low,Notifications,Email,Support Staff,Enterprise,Medium,EMEA,69,3.78,0,0,0,0,negative,2,Support
ACCT-072,TKT-693246,2023-07-16,2023-07-17 19:15:02,low,Mobile App,Web Portal,Product Manager,Plus,Medium,AMER,38,0.0,3,0,0,0,neutral,1,Support
ACCT-076,TKT-598312,2024-09-06,2024-09-10 20:22:58,low,Mobile App,Web Portal,Support Staff,Plus,Small,AMER,13,1.95,9,0,0,0,neutral,5,Support
ACCT-060,TKT-767376,2025-02-10,2025-02-10 15:46:43,low,Mobile App,Web Portal,DevOps,Enterprise,Medium,EMEA,33,0.9,0,0,0,0,neutral,0,Support
ACCT-106,TKT-256219,2024-09-14,2024-09-17 16:12:02,low,Notifications,Live Chat,Support Staff,Plus,Small,APAC,0,3.08,40,0,0,0,negative,2,Support
ACCT-056,TKT-753880,2024-04-29,2024-04-29 12:00:28,low,Mobile App,Email,Support Staff,Plus,Medium,APAC,49,6.74,0,0,0,0,neutral,1,Support
ACCT-020,TKT-455465,2024-07-24,2024-07-25 16:02:33,low,Notifications,Web Portal,Support Staff,Basic,Small,APAC,10,9.12,0,0,0,0,neutral,0,Support
ACCT-072,TKT-564620,2024-12-05,2024-12-05 08:19:34,low,Mobile App,Web Portal,Product Manager,Plus,Small,AMER,14,6.12,0,0,0,0,neutral,1,Support
ACCT-021,TKT-841561,2024-03-11,2024-03-13 22:43:54,low,Billing,Email,Finance,Enterprise,Medium,EMEA,26,1.34,0,0,0,0,neutral,5,Support
ACCT-026,TKT-841761,2023-06-26,2023-06-28 13:03:33,low,Authentication,Live Chat,Support Staff,Plus,Medium,APAC,178,1.52,0,0,0,0,negative,0,Support
ACCT-020,TKT-686523,2024-04-12,2024-04-14 11:41:59,low,Mobile App,Email,DevOps,Enterprise,Medium,EMEA,19,3.48,0,0,0,0,neutral,4,Support
ACCT-060,TKT-704876,2023-08-27,2023-08-27 21:06:15,low,Billing,Live Chat,Support Staff,Basic,Medium,APAC,16,1.42,12,0,0,0,neutral,1,Support
ACCT-101,TKT-887017,2023-07-25,2023-07-30 14:13:09,low,Authentication,Web Portal,Finance,Basic,Small,AMER,6,2.99,5,0,0,0,neutral,1,Support
ACCT-035,TKT-790229,2024-09-30,,low,Analytics Dashboard,Live Chat,Support Staff,Enterprise,Medium,EMEA,18,5.48,0,0,0,0,positive,0,Support
ACCT-060,TKT-924974,2024-11-26,,low,Analytics Dashboard,Live Chat,Support Staff,Enterprise,Medium,EMEA,22,1.81,0,0,0,0,neutral,6,Support
ACCT-026,TKT-707705,2023-12-28,2023-12-29 01:59:35,low,Authentication,Live Chat,Support Staff,Plus,Medium,APAC,87,0.7,0,0,0,0,neutral,2,Support
ACCT-019,TKT-435996,2024-08-28,2024-08-28 11:36:31,low,Mobile App,Live Chat,DevOps,Enterprise,Medium,EMEA,27,1.04,0,0,0,0,neutral,7,Support
ACCT-038,TKT-124393,2024-07-16,2024-07-18 15:11:30,low,Mobile App,Email,Support Staff,Basic,Small,APAC,0,3.22,0,0,0,0,neutral,0,Support
ACCT-036,TKT-653545,2024-05-14,2024-05-15 21:21:01,low,Billing,Email,Finance,Basic,Small,AMER,0,6.14,0,0,0,0,neutral,0,Support
ACCT-060,TKT-204158,2024-04-20,2024-04-21 15:29:54,low,Billing,Email,Support Staff,Basic,Small,APAC,3,3.68,0,0,0,0,neutral,3,Support
ACCT-036,TKT-367968,2024-12-06,2024-12-06 18:54:47,low,Analytics Dashboard,Web Portal,Support Staff,Basic,Small,APAC,3,1.27,0,0,0,0,neutral,1,Support
ACCT-037,TKT-811572,2023-08-31,2023-08-31 17:40:12,low,Notifications,Email,Support Staff,Plus,Large,AMER,54,1.07,0,0,0,0,positive,11,Support
ACCT-076,TKT-290272,2023-11-21,2023-11-21 09:25:32,low,Mobile App,Email,Product Manager,Plus,Medium,APAC,25,5.01,0,0,0,0,positive,0,Support
ACCT-038,TKT-203540,2023-06-28,2023-07-01 08:28:30,low,Analytics Dashboard,Phone,DevOps,Plus,Small,AMER,19,0.47,2,0,0,0,neutral,1,Support
ACCT-041,TKT-370463,2024-04-23,2024-04-23 16:37:41,low,Analytics Dashboard,Phone,DevOps,Plus,Large,EMEA,53,0.47,0,0,0,0,neutral,8,Support
ACCT-037,TKT-154398,2024-06-19,2024-06-24 08:29:23,low,Mobile App,Email,Support Staff,Enterprise,Medium,EMEA,8,8.21,0,0,0,0,neutral,4,Support
ACCT-035,TKT-347978,2023-12-25,2023-12-26 01:27:40,low,Analytics Dashboard,Web Portal,Support Staff,Basic,Small,APAC,1,1.53,0,0,0,0,neutral,1,Support
ACCT-011,TKT-220671,2024-10-17,2024-10-19 05:24:55,low,Analytics Dashboard,Live Chat,Support Staff,Basic,Small,APAC,8,2.79,12,0,0,0,positive,4,Support
ACCT-041,TKT-526850,2024-03-02,2024-03-02 09:34:13,low,Analytics Dashboard,Email,Support Staff,Basic,Small,APAC,10,4.35,0,0,0,0,neutral,4,Support
ACCT-103,TKT-345094,2023-08-07,2023-08-09 02:35:57,low,Notifications,Web Portal,DevOps,Basic,Small,APAC,3,6.25,0,0,0,0,negative,0,Support
ACCT-072,TKT-807890,2023-06-20,2023-06-21 04:15:25,low,Billing,Web Portal,Product Manager,Enterprise,Medium,EMEA,47,1.75,0,0,0,0,negative,1,Support
ACCT-035,TKT-923356,2023-09-12,2023-09-13 02:05:24,low,Authentication,Email,DevOps,Plus,Medium,EMEA,12,2.97,6,0,0,0,negative,3,Support
ACCT-011,TKT-187984,2023-10-07,2023-10-08 07:41:19,low,Analytics Dashboard,Web Portal,Support Staff,Basic,Small,APAC,3,0.43,26,0,0,0,neutral,2,Support
ACCT-077,TKT-491438,2024-10-25,2024-10-25 22:06:39,low,Billing,Live Chat,Support Staff,Basic,Small,AMER,12,0.0,1,0,0,0,neutral,2,Support
ACCT-020,TKT-663646,2024-12-05,2024-12-11 04:11:13,low,Mobile App,Email,DevOps,Plus,Medium,APAC,21,0.0,12,0,0,0,positive,3,Support
ACCT-036,TKT-143822,2024-08-07,2024-08-12 15:51:53,low,Mobile App,Web Portal,Support Staff,Plus,Small,APAC,4,1.44,55,0,0,0,negative,3,Support
ACCT-025,TKT-750882,2023-06-02,2023-06-06 01:14:44,low,Authentication,Web Portal,Finance,Basic,Small,APAC,2,2.86,0,0,0,0,neutral,3,Support
ACCT-071,TKT-163098,2024-03-23,2024-03-25 23:43:03,low,Notifications,Live Chat,Support Staff,Basic,Small,APAC,2,3.3,0,0,0,0,neutral,2,Support
ACCT-021,TKT-813029,2024-10-06,2024-10-07 04:39:13,low,Authentication,Web Portal,Support Staff,Enterprise,Medium,EMEA,75,0.17,0,0,0,0,negative,6,Support
ACCT-064,TKT-323088,2024-06-24,2024-06-30 19:29:57,low,Mobile App,Email,DevOps,Basic,Small,AMER,3,8.69,0,0,0,0,neutral,0,Support
ACCT-041,TKT-269257,2025-01-20,2025-01-24 06:45:17,low,Mobile App,Live Chat,Support Staff,Plus,Small,AMER,14,3.0,0,0,0,0,neutral,6,Support
ACCT-041,TKT-514507,2024-11-28,2024-11-30 11:57:05,low,Authentication,Email,Product Manager,Plus,Small,APAC,68,2.85,0,0,0,0,positive,5,Support
ACCT-056,TKT-393033,2023-10-04,2023-10-08 04:42:05,low,Analytics Dashboard,Web Portal,Finance,Plus,Large,AMER,293,0.78,0,0,0,0,neutral,5,Support
ACCT-010,TKT-941017,2024-08-16,2024-08-16 22:47:22,low,Analytics Dashboard,Email,Support Staff,Basic,Small,AMER,4,2.56,3,0,0,0,negative,0,Support
ACCT-060,TKT-766023,2024-04-21,2024-04-25 16:18:36,low,Mobile App,Live Chat,DevOps,Plus,Medium,APAC,37,2.3,8,0,0,0,neutral,4,Support
ACCT-018,TKT-386275,2024-02-23,2024-02-29 00:40:33,low,Notifications,Email,Support Staff,Plus,Medium,EMEA,28,4.85,0,0,0,0,neutral,2,Support
ACCT-036,TKT-320855,2024-02-07,2024-02-10 01:00:19,low,Analytics Dashboard,Email,Support Staff,Basic,Small,APAC,5,3.23,21,0,0,0,negative,1,Support
ACCT-011,TKT-825452,2024-09-13,2024-09-18 14:53:54,low,Analytics Dashboard,Live Chat,DevOps,Plus,Medium,EMEA,8,1.71,26,0,0,0,negative,5,Support
ACCT-018,TKT-599676,2023-10-15,,low,Billing,Web Portal,Finance,Basic,Medium,APAC,24,3.77,0,0,0,0,negative,3,Support
ACCT-046,TKT-533232,2023-06-05,2023-06-09 20:41:00,low,Notifications,Phone,Support Staff,Basic,Small,AMER,5,4.0,0,0,0,0,neutral,1,Support
ACCT-056,TKT-899502,2024-12-21,2024-12-25 19:05:59,low,Mobile App,Phone,DevOps,Basic,Small,APAC,6,7.32,19,0,0,0,neutral,0,Support
ACCT-008,TKT-780627,2024-07-07,2024-07-09 08:54:33,low,Mobile App,Email,Support Staff,Plus,Medium,APAC,16,4.34,0,0,0,0,negative,2,Support
ACCT-058,TKT-955697,2023-08-19,2023-08-21 08:58:18,low,Analytics Dashboard,Web Portal,Support Staff,Enterprise,Medium,EMEA,20,1.22,0,0,0,0,neutral,2,Support
ACCT-076,TKT-952262,2024-08-29,2024-09-01 02:25:04,low,Billing,Email,Support Staff,Basic,Small,AMER,12,1.18,1,0,0,0,neutral,2,Support
ACCT-048,TKT-285793,2024-06-20,2024-06-24 04:06:08,low,Mobile App,Email,Support Staff,Basic,Small,EMEA,1,0.93,26,0,0,0,neutral,1,Support
ACCT-085,TKT-302365,2023-06-09,2023-06-09 15:04:27,low,Mobile App,Email,Support Staff,Basic,Small,AMER,3,8.11,17,0,0,0,neutral,1,Support
ACCT-010,TKT-895262,2024-08-29,2024-08-29 04:18:30,low,Notifications,Web Portal,DevOps,Plus,Medium,EMEA,3,0.34,24,0,0,0,neutral,6,Support
ACCT-104,TKT-300814,2024-03-14,2024-03-17 03:36:42,low,Analytics Dashboard,Phone,Support Staff,Enterprise,Medium,EMEA,22,1.35,0,0,0,0,neutral,2,Support
ACCT-072,TKT-947684,2023-09-01,2023-09-05 01:56:09,low,Notifications,Web Portal,DevOps,Basic,Small,APAC,3,2.44,16,0,0,0,neutral,3,Support
ACCT-104,TKT-480632,2024-01-13,2024-01-14 00:57:33,low,Analytics Dashboard,Web Portal,DevOps,Enterprise,Medium,EMEA,23,0.4,5,0,0,0,neutral,7,Support
ACCT-036,TKT-841309,2023-07-08,2023-07-09 05:22:13,low,Notifications,Web Portal,DevOps,Plus,Medium,AMER,42,3.59,0,0,0,0,neutral,5,Support
ACCT-024,TKT-961010,2025-02-10,2025-02-10 22:37:38,low,Analytics Dashboard,Live Chat,Support Staff,Basic,Small,APAC,4,6.65,3,0,0,0,negative,2,Support
ACCT-005,TKT-624629,2024-07-10,2024-07-10 13:52:18,low,Notifications,Web Portal,Support Staff,Basic,Small,APAC,2,14.65,0,0,0,0,neutral,0,Support
ACCT-036,TKT-874703,2024-10-18,2024-10-18 19:07:16,low,Authentication,Web Portal,DevOps,Plus,Medium,APAC,66,5.11,0,0,0,0,neutral,4,Support
ACCT-043,TKT-284055,2024-12-31,2025-01-03 02:24:28,low,Mobile App,Live Chat,Product Manager,Basic,Small,APAC,1,3.5,3,0,0,0,neutral,0,Support
ACCT-076,TKT-233620,2023-08-06,2023-08-08 15:05:56,low,Billing,Web Portal,DevOps,Plus,Small,APAC,6,0.0,19,0,0,0,positive,3,Support
ACCT-035,TKT-648489,2024-02-21,2024-02-26 05:52:01,low,Analytics Dashboard,Email,Executive,Basic,Small,APAC,6,1.64,8,0,0,0,neutral,1,Support
ACCT-041,TKT-826648,2024-03-07,2024-03-07 21:03:07,low,Mobile App,Web Portal,Support Staff,Plus,Medium,EMEA,27,3.6,0,0,0,0,positive,2,Support
ACCT-075,TKT-575976,2024-11-27,2024-11-29 18:30:09,low,Analytics Dashboard,Email,Product Manager,Plus,Medium,EMEA,8,1.24,9,0,0,0,neutral,5,Support
ACCT-041,TKT-781605,2023-06-03,2023-06-08 07:15:43,low,Analytics Dashboard,Web Portal,Support Staff,Basic,Small,APAC,2,3.68,0,0,0,0,positive,2,Support
ACCT-035,TKT-985356,2023-07-24,2023-07-28 09:30:39,low,Notifications,Web Portal,Support Staff,Enterprise,Medium,EMEA,8,7.87,0,0,0,0,neutral,4,Support
ACCT-011,TKT-589251,2024-07-21,2024-07-22 04:43:26,low,Mobile App,Web Portal,Support Staff,Basic,Small,APAC,3,5.4,20,0,0,0,neutral,3,Support
ACCT-041,TKT-856254,2024-10-20,2024-10-21 13:22:49,low,Notifications,Email,Support Staff,Plus,Medium,EMEA,9,2.89,0,0,0,0,neutral,2,Support
ACCT-085,TKT-658272,2024-01-16,2024-01-16 08:25:19,low,Mobile App,Email,DevOps,Basic,Small,APAC,6,5.36,14,0,0,0,neutral,3,Support
ACCT-004,TKT-450964,2024-09-02,2024-09-03 08:50:00,low,Authentication,Web Portal,Support Staff,Basic,Small,AMER,7,4.46,0,0,0,0,neutral,3,Support
ACCT-047,TKT-873266,2023-08-23,2023-08-27 15:23:53,low,Mobile App,Email,DevOps,Basic,Small,AMER,10,2.77,0,0,0,0,neutral,4,Support
ACCT-043,TKT-178056,2024-01-18,2024-01-23 23:48:26,low,Analytics Dashboard,Email,Product Manager,Enterprise,Medium,EMEA,14,2.44,11,0,0,0,neutral,6,Support
ACCT-062,TKT-165896,2024-02-11,2024-02-11 21:30:34,low,Billing,Web Portal,Support Staff,Basic,Small,AMER,6,7.97,0,0,0,0,neutral,2,Support
ACCT-078,TKT-125190,2023-09-08,2023-09-08 06:42:29,low,Billing,Web Portal,Product Manager,Basic,Small,AMER,4,2.01,19,0,0,0,neutral,2,Support
ACCT-041,TKT-981336,2025-01-27,2025-01-30 22:23:28,low,Analytics Dashboard,Live Chat,Support Staff,Plus,Medium,AMER,17,1.57,2,0,0,0,neutral,3,Support
ACCT-111,TKT-457356,2024-02-12,2024-02-13 02:10:08,low,Mobile App,Web Portal,Support Staff,Plus,Small,APAC,9,3.05,0,0,0,0,neutral,3,Support
ACCT-010,TKT-348243,2023-07-26,2023-07-30 02:57:51,low,Mobile App,Web Portal,Product Manager,Plus,Medium,AMER,7,5.07,0,0,0,0,neutral,3,Support
ACCT-043,TKT-901215,2023-08-14,2023-08-17 18:35:31,low,Analytics Dashboard,Live Chat,Support Staff,Enterprise,Medium,EMEA,9,1.28,18,0,0,0,neutral,5,Support
ACCT-064,TKT-189689,2023-09-06,2023-09-08 19:56:47,low,Data Pipeline,Live Chat,Support Staff,Enterprise,Medium,EMEA,2,10.23,0,0,0,1,neutral,2,Support
ACCT-036,TKT-988869,2023-08-02,2023-08-07 00:49:33,low,Analytics Dashboard,Web Portal,DevOps,Plus,Large,EMEA,30,0.33,0,0,0,0,neutral,13,Support
ACCT-033,TKT-941363,2023-08-06,2023-08-09 19:47:30,low,Notifications,Email,Support Staff,Basic,Small,APAC,18,4.47,6,0,0,0,neutral,2,Support
ACCT-113,TKT-552816,2024-08-26,2024-08-26 09:04:42,low,Mobile App,Web Portal,Finance,Basic,Small,APAC,4,4.72,11,0,0,0,neutral,1,Support
ACCT-085,TKT-154738,2023-08-07,2023-08-07 13:05:00,low,Notifications,Email,Product Manager,Basic,Small,APAC,12,3.39,0,0,0,0,neutral,2,Support
ACCT-041,TKT-747288,2024-03-28,2024-04-01 08:40:34,low,Analytics Dashboard,Email,Support Staff,Enterprise,Large,APAC,90,3.39,0,0,0,0,neutral,8,Support
ACCT-057,TKT-791770,2024-07-25,2024-07-26 00:51:08,low,Authentication,Web Portal,Product Manager,Basic,Small,EMEA,21,9.98,0,0,0,0,neutral,2,Support
ACCT-076,TKT-933790,2025-02-28,2025-02-28 04:31:16,low,Billing,Web Portal,Finance,Plus,Medium,EMEA,18,2.12,0,0,0,0,neutral,2,Support
ACCT-036,TKT-456113,2024-08-12,2024-08-16 15:21:37,low,Analytics Dashboard,Live Chat,Support Staff,Enterprise,Medium,EMEA,15,0.09,18,0,0,0,negative,3,Support
ACCT-043,TKT-301831,2023-06-27,2023-06-28 23:13:23,low,Analytics Dashboard,Phone,Support Staff,Enterprise,Medium,EMEA,7,0.89,6,0,0,0,negative,3,Support
ACCT-035,TKT-170825,2023-09-19,2023-09-19 13:09:27,low,Authentication,Email,DevOps,Basic,Small,APAC,87,0.98,0,0,0,0,neutral,1,Support
ACCT-083,TKT-701056,2025-01-28,2025-01-31 20:59:16,low,Notifications,Email,Support Staff,Plus,Medium,EMEA,0,4.64,51,0,0,0,neutral,2,Support
ACCT-011,TKT-541457,2023-10-08,2023-10-10 21:33:50,low,Data Pipeline,Email,DevOps,Plus,Large,EMEA,77,5.59,0,0,0,0,neutral,7,Support
ACCT-043,TKT-354963,2024-10-05,2024-10-08 10:13:14,low,Notifications,Email,Finance,Plus,Medium,EMEA,16,7.86,0,0,0,0,neutral,2,Support
ACCT-076,TKT-426806,2023-10-19,2023-10-22 22:21:20,low,Notifications,Web Portal,DevOps,Basic,Small,APAC,0,6.1,0,0,0,0,neutral,2,Support
ACCT-041,TKT-891018,2025-01-19,2025-01-20 21:13:23,low,Billing,Live Chat,Product Manager,Plus,Large,AMER,651,0.0,0,0,0,0,neutral,7,Support
ACCT-036,TKT-913166,2024-06-01,2024-06-02 08:20:05,low,Notifications,Live Chat,Finance,Basic,Medium,APAC,44,7.88,0,0,0,0,neutral,6,Support
ACCT-072,TKT-459557,2023-10-28,2023-10-28 17:03:55,low,Notifications,Email,Product Manager,Plus,Small,AMER,23,9.37,2,0,0,0,negative,0,Support
ACCT-025,TKT-714926,2024-03-25,,low,Notifications,Email,Support Staff,Plus,Small,AMER,3,2.61,0,0,0,0,neutral,3,Support
ACCT-041,TKT-975744,2023-10-27,2023-10-27 09:17:28,low,Mobile App,Email,Support Staff,Plus,Medium,EMEA,55,6.74,0,0,0,0,neutral,6,Support
ACCT-031,TKT-304899,2024-12-24,2024-12-28 10:33:18,low,Analytics Dashboard,Web Portal,Support Staff,Plus,Small,APAC,8,2.06,0,0,0,0,neutral,3,Support
ACCT-043,TKT-171726,2023-12-23,2023-12-25 21:59:53,low,Notifications,Live Chat,Product Manager,Plus,Medium,APAC,37,3.4,0,0,0,0,neutral,6,Support
ACCT-018,TKT-825447,2024-05-15,2024-05-15 20:49:30,low,Notifications,Live Chat,DevOps,Plus,Medium,EMEA,54,1.49,0,0,0,0,neutral,2,Support
ACCT-024,TKT-706507,2024-09-21,2024-09-23 16:35:11,low,Mobile App,Web Portal,Support Staff,Plus,Small,AMER,3,1.64,0,0,0,0,neutral,2,Support
ACCT-060,TKT-539033,2024-12-31,2025-01-05 16:35:05,low,Notifications,Web Portal,Support Staff,Basic,Small,APAC,7,0.57,0,0,0,0,neutral,4,Support
ACCT-083,TKT-927527,2024-05-02,2024-05-02 18:23:15,low,Mobile App,Web Portal,Support Staff,Basic,Small,APAC,7,3.03,0,0,0,0,neutral,3,Support
ACCT-108,TKT-769795,2023-07-14,2023-07-16 03:56:42,low,Billing,Email,Support Staff,Enterprise,Medium,EMEA,0,2.17,10,0,0,0,neutral,5,Support
ACCT-018,TKT-323491,2024-01-15,2024-01-18 05:27:42,low,Billing,Live Chat,Support Staff,Plus,Medium,EMEA,44,2.83,0,0,0,0,neutral,3,Support
ACCT-046,TKT-954225,2024-01-31,2024-02-02 02:12:36,low,Authentication,Web Portal,Product Manager,Basic,Small,APAC,16,12.47,0,0,0,0,neutral,3,Support
ACCT-041,TKT-519758,2024-05-05,2024-05-09 00:14:18,low,Analytics Dashboard,Email,DevOps,Enterprise,Medium,EMEA,10,0.91,0,0,0,0,neutral,7,Support
ACCT-077,TKT-110372,2023-12-06,,low,Analytics Dashboard,Live Chat,Finance,Basic,Small,APAC,2,1.41,0,0,0,0,negative,1,Support
ACCT-035,TKT-249319,2023-08-15,2023-08-16 13:00:51,low,Analytics Dashboard,Web Portal,Support Staff,Basic,Small,EMEA,7,0.92,8,0,0,0,neutral,2,Support
ACCT-043,TKT-902719,2024-03-24,2024-03-25 21:43:13,low,Mobile App,Phone,Support Staff,Plus,Small,AMER,0,5.0,0,0,0,0,negative,4,Support
ACCT-010,TKT-307434,2024-06-03,2024-06-03 08:09:58,low,Authentication,Phone,Support Staff,Basic,Small,AMER,63,6.34,0,0,0,0,neutral,0,Support
ACCT-067,TKT-853754,2024-03-17,2024-03-17 19:27:03,low,Billing,Web Portal,Support Staff,Basic,Small,EMEA,5,0.65,0,0,0,0,negative,3,Support
ACCT-035,TKT-287214,2023-11-26,2023-11-27 11:11:02,low,Analytics Dashboard,Web Portal,Product Manager,Enterprise,Medium,EMEA,11,1.57,14,0,0,0,neutral,4,Support
ACCT-043,TKT-206105,2023-12-18,2023-12-18 06:00:44,low,Notifications,Email,DevOps,Basic,Small,APAC,2,3.05,17,0,0,0,neutral,2,Support
ACCT-011,TKT-786680,2023-06-22,2023-06-26 04:53:23,low,Notifications,Email,DevOps,Plus,Large,EMEA,135,0.73,0,0,0,0,positive,8,Support
ACCT-038,TKT-578364,2023-09-22,2023-09-23 11:02:23,low,Analytics Dashboard,Live Chat,Support Staff,Basic,Small,APAC,23,1.21,2,0,0,0,negative,0,Support
ACCT-035,TKT-279683,2024-02-01,2024-02-02 14:13:07,low,Billing,Live Chat,DevOps,Basic,Medium,APAC,12,1.43,0,0,0,0,neutral,4,Support
ACCT-104,TKT-554786,2024-11-21,2024-11-26 23:15:52,low,Analytics Dashboard,Web Portal,Finance,Basic,Small,AMER,7,2.46,0,0,0,0,neutral,2,Support
ACCT-048,TKT-237148,2023-08-06,2023-08-06 14:31:38,low,Analytics Dashboard,Web Portal,Support Staff,Basic,Small,APAC,5,2.99,27,0,0,0,negative,4,Support
ACCT-036,TKT-492435,2023-12-12,2023-12-12 21:02:11,low,Notifications,Web Portal,Support Staff,Plus,Medium,AMER,14,13.12,0,0,0,0,negative,5,Support
ACCT-041,TKT-356428,2024-04-21,2024-04-23 16:33:32,low,Authentication,Email,Support Staff,Basic,Small,EMEA,19,6.99,0,0,0,0,neutral,3,Support
ACCT-061,TKT-995940,2023-07-18,2023-07-21 16:26:09,low,Notifications,Web Portal,Support Staff,Basic,Small,APAC,6,8.69,0,0,0,0,negative,1,Support
ACCT-010,TKT-359178,2024-11-30,2024-12-01 06:40:13,low,Billing,Live Chat,DevOps,Plus,Large,AMER,484,0.0,0,0,0,0,neutral,7,Support
ACCT-038,TKT-232601,2023-07-25,2023-07-27 20:29:49,low,Mobile App,Web Portal,Product Manager,Basic,Small,APAC,6,12.36,0,0,0,0,neutral,2,Support
ACCT-043,TKT-319401,2024-11-02,2024-11-07 18:56:06,low,Mobile App,Web Portal,Support Staff,Plus,Medium,APAC,19,2.19,0,0,0,0,negative,1,Support
ACCT-020,TKT-744755,2023-08-23,2023-08-26 20:08:47,low,Notifications,Email,Support Staff,Basic,Medium,APAC,4,11.78,0,0,0,0,neutral,2,Support
ACCT-041,TKT-776406,2023-08-06,2023-08-06 18:50:54,low,Billing,Web Portal,Product Manager,Basic,Small,APAC,21,0.0,0,0,0,0,positive,5,Support
ACCT-041,TKT-287693,2024-11-03,2024-11-04 14:41:44,low,Mobile App,Web Portal,Support Staff,Basic,Small,APAC,3,0.67,0,0,0,0,neutral,1,Support
ACCT-041,TKT-606773,2024-04-25,2024-04-28 08:21:03,low,Mobile App,Web Portal,Support Staff,Plus,Large,AMER,11,1.8,0,0,0,0,neutral,11,Support
ACCT-031,TKT-769102,2024-10-19,2024-10-21 01:25:12,low,Mobile App,Live Chat,Finance,Enterprise,Medium,EMEA,49,4.11,0,0,0,0,neutral,7,Support
ACCT-056,TKT-312861,2025-01-18,2025-01-20 23:15:28,low,Mobile App,Phone,Support Staff,Enterprise,Medium,EMEA,19,2.89,0,0,0,0,,0,Support
ACCT-076,TKT-420863,2024-09-05,2024-09-09 11:32:02,low,Analytics Dashboard,Email,Support Staff,Basic,Small,AMER,5,2.46,5,0,0,0,neutral,1,Support
ACCT-035,TKT-983353,2024-08-09,2024-08-13 17:28:06,low,Analytics Dashboard,Web Portal,Support Staff,Plus,Small,AMER,3,0.33,0,0,0,0,neutral,3,Support
ACCT-045,TKT-888133,2024-06-18,2024-06-19 02:51:55,low,Notifications,Email,Product Manager,Plus,Medium,APAC,9,8.1,0,0,0,0,neutral,3,Support
ACCT-060,TKT-341358,2023-08-26,2023-08-27 06:45:16,low,Mobile App,Email,Support Staff,Basic,Small,APAC,4,9.01,0,0,0,0,negative,2,Support
ACCT-043,TKT-452713,2025-01-18,2025-01-18 07:56:06,low,Mobile App,Email,Support Staff,Plus,Large,AMER,57,0.39,0,0,0,0,negative,7,Support
ACCT-048,TKT-485364,2024-08-10,2024-08-11 22:53:59,low,Notifications,Web Portal,Product Manager,Basic,Small,APAC,1,3.25,21,1,0,0,neutral,1,Support
ACCT-026,TKT-288288,2024-10-22,2024-10-23 08:54:37,low,Mobile App,Email,Support Staff,Basic,Small,APAC,13,0.0,0,0,0,0,neutral,1,Support
ACCT-010,TKT-476536,2024-08-26,2024-08-27 00:54:56,low,Mobile App,Web Portal,Support Staff,Basic,Small,APAC,20,1.54,16,0,0,0,neutral,1,Support
ACCT-076,TKT-673206,2023-08-24,2023-08-25 06:42:10,low,Notifications,Live Chat,DevOps,Plus,Small,APAC,6,3.23,0,0,0,0,negative,2,Support
ACCT-040,TKT-203189,2023-08-20,2023-08-23 20:21:34,low,Notifications,Web Portal,DevOps,Enterprise,Medium,EMEA,19,6.68,0,0,0,0,neutral,4,Support
ACCT-020,TKT-310036,2023-09-30,2023-09-30 10:28:36,low,Data Pipeline,Email,Support Staff,Plus,Medium,EMEA,33,9.04,0,0,0,0,neutral,1,Support
ACCT-079,TKT-417420,2024-05-07,2024-05-07 21:29:18,low,Notifications,Live Chat,Support Staff,Basic,Small,APAC,4,2.83,0,0,0,0,neutral,4,Support
ACCT-020,TKT-244562,2024-03-08,2024-03-08 20:56:31,low,Mobile App,Web Portal,Support Staff,Plus,Small,AMER,4,2.91,22,0,0,0,neutral,1,Support
ACCT-041,TKT-414021,2024-12-08,,low,Data Pipeline,Live Chat,Product Manager,Plus,Medium,APAC,53,11.12,0,0,0,0,neutral,2,Support
ACCT-041,TKT-523426,2024-03-15,2024-03-19 03:05:41,low,Analytics Dashboard,Phone,DevOps,Plus,Large,AMER,229,2.11,0,0,0,0,negative,5,Support
ACCT-062,TKT-112468,2024-07-20,2024-07-24 03:00:29,low,Mobile App,Web Portal,Support Staff,Basic,Small,APAC,6,5.22,25,0,0,0,neutral,2,Support
ACCT-041,TKT-256532,2024-09-26,2024-09-28 23:51:39,low,Notifications,Web Portal,Support Staff,Basic,Medium,APAC,15,1.67,0,0,0,0,positive,3,Support
ACCT-062,TKT-320069,2024-07-12,2024-07-13 00:20:12,low,Notifications,Email,Finance,Plus,Medium,EMEA,11,4.68,0,0,0,0,negative,1,Support
ACCT-085,TKT-679459,2024-09-28,2024-09-29 00:54:33,low,Mobile App,Web Portal,Product Manager,Basic,Small,APAC,1,0.0,0,0,0,0,neutral,2,Support
ACCT-043,TKT-930382,2024-09-22,2024-09-25 09:53:32,low,Notifications,Web Portal,Support Staff,Basic,Small,APAC,13,4.47,0,0,0,0,negative,0,Support
ACCT-073,TKT-907540,2023-08-27,2023-08-28 08:31:14,low,Analytics Dashboard,Web Portal,Executive,Basic,Medium,APAC,9,1.85,0,0,0,0,neutral,1,Support
ACCT-062,TKT-685573,2024-08-01,2024-08-01 22:40:23,low,Analytics Dashboard,Web Portal,Support Staff,Plus,Small,AMER,9,1.09,0,0,0,0,negative,1,Support
ACCT-028,TKT-234580,2023-07-01,2023-07-02 14:44:25,low,Data Pipeline,Email,DevOps,Enterprise,Medium,EMEA,45,1.64,0,0,0,0,positive,2,Support
ACCT-035,TKT-949767,2024-04-08,,low,Mobile App,Email,Support Staff,Basic,Small,APAC,3,0.53,0,0,0,0,neutral,2,Support
ACCT-020,TKT-819074,2024-05-29,2024-05-30 11:11:04,low,Authentication,Email,Support Staff,Basic,Small,EMEA,22,1.68,0,0,0,0,neutral,1,Support
ACCT-035,TKT-414192,2024-07-18,2024-07-21 16:23:43,low,Data Pipeline,Web Portal,Support Staff,Plus,Medium,EMEA,41,9.76,0,0,0,0,negative,2,Support
ACCT-076,TKT-133773,2024-04-29,2024-05-01 14:56:41,low,Analytics Dashboard,Web Portal,DevOps,Enterprise,Medium,EMEA,5,1.74,17,0,0,0,negative,2,Support
ACCT-063,TKT-446292,2023-10-21,2023-10-21 17:37:21,low,Mobile App,Phone,DevOps,Plus,Large,AMER,80,1.14,0,0,0,0,,5,Support
ACCT-048,TKT-737363,2025-01-02,2025-01-04 20:32:52,low,Notifications,Email,DevOps,Basic,Small,EMEA,19,0.85,28,0,0,0,neutral,0,Support
ACCT-038,TKT-314124,2025-01-08,2025-01-12 12:22:27,low,Analytics Dashboard,Web Portal,Support Staff,Basic,Small,APAC,1,0.91,30,0,0,0,neutral,2,Support
ACCT-041,TKT-597840,2024-07-05,2024-07-05 09:49:48,low,Notifications,Email,DevOps,Basic,Small,APAC,7,6.82,0,0,0,0,positive,1,Support
ACCT-020,TKT-770043,2023-09-20,2023-09-21 10:05:04,low,Analytics Dashboard,Live Chat,Support Staff,Basic,Small,AMER,5,1.05,0,0,0,0,neutral,2,Support
ACCT-026,TKT-679764,2024-04-07,2024-04-07 12:20:40,low,Notifications,Web Portal,Executive,Enterprise,Medium,EMEA,25,2.76,0,0,0,0,neutral,2,Support
ACCT-035,TKT-612348,2023-11-29,2023-11-29 07:07:18,low,Analytics Dashboard,Email,DevOps,Plus,Small,APAC,4,5.98,0,0,0,0,positive,1,Support
ACCT-020,TKT-504639,2023-06-28,2023-06-28 20:35:01,low,Mobile App,Web Portal,DevOps,Basic,Small,APAC,5,4.88,0,0,0,0,negative,3,Support
ACCT-031,TKT-649868,2024-03-17,2024-03-17 22:20:02,low,Analytics Dashboard,Web Portal,Product Manager,Plus,Medium,AMER,42,1.48,6,0,0,0,neutral,5,Support
ACCT-060,TKT-111583,2023-08-11,2023-08-12 23:17:16,low,Mobile App,Live Chat,Finance,Basic,Small,APAC,2,1.63,0,0,0,0,negative,5,Support
ACCT-043,TKT-510103,2023-11-23,2023-11-24 09:52:41,low,Analytics Dashboard,Web Portal,Support Staff,Plus,Medium,APAC,26,2.48,3,0,0,0,negative,2,Support
ACCT-041,TKT-538738,2023-11-08,2023-11-14 07:19:34,low,Billing,Live Chat,Finance,Basic,Small,EMEA,13,1.98,0,0,0,0,neutral,1,Support
ACCT-020,TKT-316509,2024-10-02,2024-10-05 13:09:19,low,Billing,Web Portal,Support Staff,Basic,Small,EMEA,7,2.0,0,0,0,0,neutral,0,Support
ACCT-112,TKT-957626,2023-10-12,2023-10-16 13:09:52,low,Mobile App,Email,Product Manager,Plus,Medium,EMEA,59,0.0,0,0,0,0,neutral,3,Support
ACCT-045,TKT-425387,2024-09-29,2024-09-29 18:04:31,low,Mobile App,Live Chat,Support Staff,Plus,Small,AMER,7,0.0,10,0,0,0,neutral,3,Support
ACCT-062,TKT-581250,2025-01-22,2025-01-22 22:03:59,low,Analytics Dashboard,Live Chat,DevOps,Plus,Large,AMER,6,1.15,7,0,0,0,neutral,5,Support
ACCT-017,TKT-567383,2024-03-09,2024-03-09 21:57:01,low,Analytics Dashboard,Web Portal,Product Manager,Basic,Small,APAC,3,2.71,0,0,0,0,positive,5,Support
ACCT-038,TKT-358830,2023-08-05,2023-08-09 03:32:13,low,Authentication,Web Portal,Product Manager,Basic,Small,APAC,27,4.24,0,0,0,0,neutral,2,Support
ACCT-025,TKT-614807,2024-11-20,2024-11-21 10:05:22,low,Analytics Dashboard,Email,Support Staff,Plus,Small,AMER,2,0.13,16,0,0,0,neutral,0,Support
ACCT-043,TKT-195528,2024-09-14,2024-09-16 00:10:48,low,Mobile App,Web Portal,Executive,Plus,Medium,APAC,33,6.85,0,0,0,0,neutral,3,Support
ACCT-041,TKT-463627,2024-03-21,2024-03-23 22:47:03,low,Mobile App,Live Chat,DevOps,Enterprise,Medium,EMEA,13,0.0,0,0,0,0,negative,6,Support
ACCT-018,TKT-991125,2024-03-31,2024-04-01 16:26:45,low,Analytics Dashboard,Live Chat,DevOps,Basic,Small,AMER,1,0.45,0,0,0,0,negative,1,Support
ACCT-043,TKT-747743,2023-11-27,2023-11-28 18:58:51,low,Analytics Dashboard,Web Portal,Support Staff,Plus,Small,AMER,15,0.71,0,0,0,0,neutral,3,Support
ACCT-010,TKT-292355,2024-08-16,2024-08-17 23:38:19,low,Notifications,Live Chat,Support Staff,Plus,Large,AMER,112,4.54,0,0,0,0,neutral,9,Support
ACCT-035,TKT-145785,2025-01-03,2025-01-03 12:32:29,low,Mobile App,Web Portal,Product Manager,Plus,Small,AMER,6,2.4,0,0,0,0,neutral,1,Support
ACCT-041,TKT-758592,2024-02-01,2024-02-05 16:41:52,low,Authentication,Web Portal,DevOps,Enterprise,Medium,EMEA,25,5.07,0,0,0,0,neutral,2,Support
ACCT-010,TKT-831952,2024-12-02,2024-12-03 06:26:50,low,Analytics Dashboard,Email,Support Staff,Plus,Medium,APAC,23,0.42,0,0,0,0,neutral,3,Support
ACCT-043,TKT-898868,2024-01-09,2024-01-13 22:37:05,low,Analytics Dashboard,Email,DevOps,Plus,Medium,APAC,4,0.1,0,0,0,0,neutral,2,Support
ACCT-036,TKT-892091,2024-12-18,2024-12-18 14:45:56,low,Mobile App,Email,Support Staff,Basic,Small,APAC,5,3.87,0,0,0,0,neutral,2,Support
ACCT-041,TKT-530016,2023-09-16,2023-09-18 04:55:25,low,Analytics Dashboard,Web Portal,Product Manager,Enterprise,Medium,EMEA,12,0.07,33,0,0,0,neutral,3,Support
ACCT-035,TKT-146803,2024-09-04,2024-09-04 18:36:58,low,Mobile App,Live Chat,Support Staff,Plus,Small,AMER,13,0.0,0,0,0,0,negative,6,Support
ACCT-035,TKT-808441,2024-09-16,2024-09-16 06:35:19,low,Notifications,Live Chat,Finance,Plus,Small,APAC,15,1.72,0,0,0,0,neutral,0,Support
ACCT-058,TKT-997343,2024-09-15,2024-09-16 15:24:34,low,Analytics Dashboard,Live Chat,Support Staff,Plus,Small,AMER,30,5.91,0,0,0,0,negative,2,Support
ACCT-009,TKT-220253,2023-12-17,,low,Billing,Email,Product Manager,Plus,Small,APAC,3,0.4,0,0,0,0,neutral,3,Support
ACCT-020,TKT-608306,2023-10-18,2023-10-19 09:54:42,low,Notifications,Web Portal,Support Staff,Basic,Small,APAC,8,3.25,52,0,0,0,neutral,5,Support
ACCT-028,TKT-354063,2024-09-15,2024-09-15 10:12:47,low,Authentication,Web Portal,Support Staff,Basic,Small,AMER,7,7.07,0,0,0,0,neutral,1,Support
ACCT-025,TKT-982442,2024-08-22,2024-08-22 16:26:01,low,Analytics Dashboard,Web Portal,Support Staff,Plus,Large,AMER,161,0.39,2,0,0,0,negative,2,Support
ACCT-062,TKT-205397,2023-11-13,,low,Mobile App,Web Portal,Finance,Basic,Small,APAC,0,5.69,0,0,0,0,neutral,4,Support
ACCT-053,TKT-509835,2023-11-29,2023-11-30 06:39:59,low,Notifications,Email,Support Staff,Plus,Small,AMER,7,7.96,0,0,0,0,negative,2,Support
ACCT-078,TKT-810287,2023-11-20,2023-11-20 11:00:23,low,Analytics Dashboard,Web Portal,Finance,Plus,Small,AMER,4,4.32,8,0,0,0,neutral,5,Support
ACCT-036,TKT-327197,2024-03-06,2024-03-06 17:36:18,low,Billing,Email,Support Staff,Basic,Small,APAC,6,1.73,0,0,0,0,negative,0,Support
ACCT-113,TKT-563531,2023-07-06,2023-07-10 18:27:07,low,Notifications,Web Portal,DevOps,Basic,Small,APAC,4,1.55,0,0,0,0,neutral,5,Support
ACCT-076,TKT-772149,2023-07-19,2023-07-23 05:54:14,low,Authentication,Live Chat,DevOps,Basic,Small,AMER,17,11.17,0,0,0,0,positive,2,Support
ACCT-058,TKT-154961,2023-09-14,2023-09-15 16:23:47,low,Notifications,Email,Support Staff,Plus,Medium,EMEA,105,1.64,0,0,0,0,neutral,2,Support
ACCT-041,TKT-904377,2025-02-02,2025-02-02 03:20:07,low,Analytics Dashboard,Live Chat,Executive,Plus,Medium,EMEA,23,0.98,0,0,0,0,neutral,4,Support
ACCT-041,TKT-350127,2023-12-24,2023-12-29 04:23:20,low,Mobile App,Web Portal,Support Staff,Plus,Small,APAC,7,14.25,0,0,0,0,neutral,0,Support
ACCT-038,TKT-115267,2023-12-22,2023-12-22 12:11:07,low,Authentication,Web Portal,Support Staff,Plus,Small,AMER,42,8.51,0,0,0,0,neutral,3,Support
ACCT-072,TKT-166240,2024-05-11,2024-05-15 02:45:00,low,Billing,Web Portal,Support Staff,Plus,Small,APAC,4,0.44,45,0,0,0,negative,5,Support
ACCT-018,TKT-975964,2024-01-12,2024-01-17 14:47:55,low,Authentication,Web Portal,DevOps,Plus,Small,APAC,26,14.53,0,0,0,0,neutral,0,Support
ACCT-035,TKT-637395,2023-11-19,2023-11-22 10:07:32,low,Mobile App,Live Chat,DevOps,Basic,Small,APAC,2,1.31,10,0,0,0,neutral,2,Support
ACCT-077,TKT-757233,2023-09-19,2023-09-23 01:48:39,low,Mobile App,Live Chat,Product Manager,Basic,Small,AMER,1,6.5,0,0,0,0,positive,3,Support
ACCT-062,TKT-514254,2023-12-12,2023-12-14 19:51:23,low,Authentication,Web Portal,Product Manager,Basic,Small,APAC,27,7.79,0,0,0,0,negative,3,Support
ACCT-104,TKT-473897,2024-08-12,2024-08-12 14:43:43,low,Analytics Dashboard,Live Chat,DevOps,Enterprise,Medium,EMEA,2,1.26,0,0,0,0,neutral,1,Support
ACCT-113,TKT-431601,2024-04-27,2024-04-27 19:24:13,low,Analytics Dashboard,Web Portal,Support Staff,Plus,Medium,APAC,13,3.29,8,0,0,0,negative,5,Support
ACCT-041,TKT-169223,2023-06-13,2023-06-14 16:14:47,low,Analytics Dashboard,Live Chat,DevOps,Plus,Medium,EMEA,69,0.23,0,0,0,0,neutral,2,Support
ACCT-038,TKT-170601,2024-03-12,2024-03-14 23:17:11,low,Mobile App,Phone,Product Manager,Plus,Large,AMER,32,5.25,0,0,0,0,,6,Support
ACCT-042,TKT-623843,2024-01-10,2024-01-11 18:33:31,low,Notifications,Live Chat,DevOps,Basic,Small,APAC,8,0.24,40,0,0,0,positive,2,Support
ACCT-077,TKT-991777,2023-09-13,2023-09-16 08:21:27,low,Notifications,Web Portal,Product Manager,Basic,Small,AMER,43,2.38,0,0,0,0,neutral,0,Support
ACCT-035,TKT-729006,2025-01-03,2025-01-03 19:12:34,low,Analytics Dashboard,Live Chat,Product Manager,Enterprise,Medium,EMEA,19,0.27,15,0,0,0,neutral,2,Support
ACCT-072,TKT-810830,2024-04-28,2024-05-04 01:42:58,low,Mobile App,Live Chat,Support Staff,Plus,Small,AMER,5,0.82,7,0,0,0,neutral,2,Support
ACCT-041,TKT-821027,2023-10-15,2023-10-16 10:24:16,low,Billing,Web Portal,Support Staff,Basic,Small,APAC,7,2.26,7,0,0,0,neutral,4,Support
ACCT-011,TKT-170793,2024-04-21,2024-04-26 23:45:59,low,Analytics Dashboard,Live Chat,Support Staff,Plus,Medium,EMEA,80,0.37,0,0,0,0,neutral,1,Support
ACCT-036,TKT-570717,2024-05-09,2024-05-09 05:32:31,low,Analytics Dashboard,Live Chat,Support Staff,Plus,Large,AMER,67,6.07,0,0,0,0,neutral,5,Support
ACCT-031,TKT-627874,2024-06-26,2024-06-28 05:41:45,low,Notifications,Email,Finance,Basic,Small,EMEA,3,0.92,0,0,0,0,negative,2,Support
ACCT-049,TKT-122243,2025-01-22,,low,Mobile App,Live Chat,Product Manager,Plus,Medium,EMEA,84,0.0,8,0,0,0,neutral,1,Support
ACCT-020,TKT-347879,2025-02-21,2025-02-24 15:44:36,low,Analytics Dashboard,Web Portal,Support Staff,Basic,Small,AMER,5,2.43,0,0,0,0,neutral,0,Support
ACCT-020,TKT-162833,2024-08-12,2024-08-15 15:27:42,low,Mobile App,Email,Support Staff,Plus,Medium,APAC,30,4.0,3,0,0,0,neutral,4,Support
ACCT-025,TKT-259038,2023-10-19,2023-10-20 14:43:20,low,Notifications,Phone,Support Staff,Plus,Small,AMER,3,2.88,28,0,0,0,neutral,2,Support
ACCT-041,TKT-860541,2024-06-19,2024-06-19 22:11:45,low,Mobile App,Email,Support Staff,Basic,Small,APAC,13,5.81,0,0,0,0,positive,0,Support
ACCT-055,TKT-444656,2025-02-02,2025-02-08 06:30:35,low,Mobile App,Email,Support Staff,Plus,Medium,APAC,61,2.05,0,0,0,0,negative,2,Support
ACCT-058,TKT-897435,2023-10-16,2023-10-17 05:07:01,low,Analytics Dashboard,Live Chat,DevOps,Plus,Small,APAC,4,3.37,0,0,0,0,positive,1,Support
ACCT-043,TKT-779525,2023-07-11,2023-07-13 06:51:10,low,Billing,Web Portal,Finance,Basic,Small,EMEA,24,0.5,0,0,0,0,neutral,2,Support
ACCT-076,TKT-868473,2024-03-22,2024-03-25 14:21:31,low,Mobile App,Live Chat,Support Staff,Basic,Small,APAC,7,0.26,49,0,0,0,neutral,1,Support
ACCT-075,TKT-156700,2024-05-05,2024-05-06 11:28:37,low,Analytics Dashboard,Web Portal,Support Staff,Plus,Small,AMER,16,0.31,0,0,0,0,positive,1,Support
ACCT-024,TKT-333249,2024-02-10,2024-02-13 23:09:47,low,Notifications,Web Portal,Support Staff,Basic,Small,EMEA,6,3.42,0,0,0,0,neutral,3,Support
ACCT-036,TKT-292461,2025-02-12,2025-02-16 13:40:45,low,Billing,Phone,DevOps,Basic,Small,EMEA,13,0.0,0,0,0,0,neutral,1,Support
ACCT-036,TKT-615524,2024-08-26,2024-08-28 20:32:25,low,Billing,Live Chat,Support Staff,Enterprise,Medium,EMEA,14,0.53,0,0,0,0,neutral,1,Support
ACCT-007,TKT-248407,2023-08-11,2023-08-16 12:48:44,low,Notifications,Web Portal,Support Staff,Basic,Small,APAC,2,1.87,0,0,0,0,neutral,0,Support
ACCT-102,TKT-675507,2023-12-27,2023-12-27 15:08:37,low,Mobile App,Web Portal,Support Staff,Basic,Small,APAC,4,9.2,0,0,0,0,neutral,1,Support
ACCT-077,TKT-860206,2023-12-27,2023-12-28 01:09:04,low,Notifications,Web Portal,Support Staff,Plus,Large,EMEA,211,1.57,0,0,0,0,neutral,6,Support
ACCT-064,TKT-356822,2024-09-21,2024-09-22 08:21:42,low,Mobile App,Phone,Support Staff,Basic,Small,APAC,2,1.13,31,0,0,0,neutral,4,Support
ACCT-035,TKT-399214,2024-08-08,2024-08-08 19:39:25,low,Billing,Web Portal,Support Staff,Basic,Small,APAC,6,1.74,0,0,0,0,neutral,1,Support
ACCT-078,TKT-385066,2025-01-11,2025-01-12 22:34:57,low,Notifications,Web Portal,Support Staff,Plus,Medium,APAC,102,3.26,0,0,0,0,neutral,3,Support
ACCT-038,TKT-517589,2024-10-05,2024-10-05 11:12:48,low,Billing,Email,Support Staff,Basic,Small,APAC,9,1.19,0,0,0,0,negative,0,Support
ACCT-109,TKT-629837,2024-06-21,2024-06-21 18:52:41,low,Notifications,Web Portal,DevOps,Plus,Medium,AMER,15,3.04,0,0,0,0,neutral,4,Support
ACCT-035,TKT-959416,2025-02-14,2025-02-17 11:50:27,low,Notifications,Web Portal,Support Staff,Basic,Small,APAC,3,2.36,23,0,0,0,neutral,1,Support
ACCT-038,TKT-995528,2024-10-06,2024-10-06 05:48:44,low,Authentication,Phone,Support Staff,Enterprise,Large,AMER,57,1.63,0,0,0,0,negative,12,Support
ACCT-031,TKT-724094,2023-08-25,2023-08-28 15:43:47,low,Notifications,Web Portal,Support Staff,Basic,Small,AMER,14,3.84,0,0,0,0,neutral,2,Support
ACCT-058,TKT-369789,2024-12-02,2024-12-02 17:32:35,low,Analytics Dashboard,Email,Support Staff,Plus,Small,AMER,23,2.11,3,0,0,0,negative,2,Support
ACCT-035,TKT-493370,2024-06-24,2024-06-26 00:17:12,low,Notifications,Web Portal,Finance,Basic,Small,EMEA,0,2.76,53,0,0,0,negative,0,Support
ACCT-076,TKT-243294,2024-12-27,2024-12-29 17:23:55,low,Billing,Web Portal,Support Staff,Basic,Small,APAC,6,1.46,42,0,0,0,positive,4,Support
ACCT-016,TKT-104383,2024-09-23,2024-09-23 21:24:13,low,Mobile App,Live Chat,DevOps,Plus,Small,AMER,2,4.07,0,0,0,0,neutral,2,Support
ACCT-059,TKT-492437,2023-06-14,2023-06-18 11:12:01,low,Analytics Dashboard,Email,Product Manager,Enterprise,Medium,EMEA,20,0.65,16,0,0,0,neutral,4,Support
ACCT-073,TKT-513820,2024-10-16,2024-10-17 17:51:50,low,Analytics Dashboard,Web Portal,Support Staff,Plus,Small,APAC,3,1.43,0,0,0,0,neutral,1,Support
ACCT-021,TKT-716886,2024-06-17,2024-06-18 15:42:33,low,Analytics Dashboard,Email,Product Manager,Enterprise,Medium,EMEA,2,4.39,8,0,0,0,neutral,2,Support
ACCT-026,TKT-230524,2023-08-12,2023-08-13 18:18:47,low,Analytics Dashboard,Live Chat,Support Staff,Basic,Medium,APAC,7,1.34,6,0,0,0,negative,4,Support
ACCT-072,TKT-900011,2024-06-29,2024-07-04 05:24:53,low,Analytics Dashboard,Web Portal,Support Staff,Basic,Small,APAC,4,0.76,13,0,0,0,neutral,4,Support
ACCT-021,TKT-888086,2024-08-20,2024-08-25 14:08:30,low,Analytics Dashboard,Web Portal,Support Staff,Basic,Small,APAC,10,2.59,0,0,0,0,neutral,4,Support
ACCT-025,TKT-821933,2024-05-22,2024-05-24 05:31:49,low,Notifications,Web Portal,Support Staff,Basic,Small,APAC,13,3.96,0,0,0,0,neutral,4,Support
ACCT-083,TKT-544638,2024-06-12,2024-06-15 05:56:25,low,Analytics Dashboard,Web Portal,Support Staff,Plus,Medium,APAC,11,0.46,0,0,0,0,neutral,2,Support
ACCT-037,TKT-952624,2024-02-08,2024-02-09 01:43:02,low,Analytics Dashboard,Phone,Finance,Plus,Medium,EMEA,14,1.84,0,0,0,0,positive,5,Support
ACCT-035,TKT-831351,2024-06-05,2024-06-07 20:41:51,low,Analytics Dashboard,Web Portal,Product Manager,Basic,Small,AMER,12,2.12,24,0,0,0,neutral,2,Support
ACCT-060,TKT-814149,2023-10-30,2023-10-31 03:30:38,low,Mobile App,Email,Support Staff,Plus,Medium,AMER,26,10.07,0,0,0,0,neutral,0,Support
ACCT-038,TKT-794791,2023-10-29,2023-10-30 02:50:33,low,Analytics Dashboard,Live Chat,DevOps,Plus,Medium,APAC,31,1.58,0,0,0,0,negative,6,Support
ACCT-035,TKT-775699,2023-11-13,2023-11-13 04:47:51,low,Mobile App,Web Portal,Support Staff,Basic,Small,APAC,0,0.0,0,0,0,0,negative,1,Support
ACCT-041,TKT-184251,2024-06-28,2024-06-29 17:08:11,low,Notifications,Live Chat,Support Staff,Basic,Small,APAC,1,4.02,3,0,0,0,neutral,2,Support
ACCT-041,TKT-273878,2024-11-12,2024-11-16 22:56:50,low,Analytics Dashboard,Web Portal,Finance,Basic,Small,AMER,17,0.19,0,0,0,0,positive,3,Support
ACCT-035,TKT-659102,2024-08-11,2024-08-12 02:42:30,low,Mobile App,Web Portal,Finance,Basic,Small,AMER,5,0.53,14,0,0,0,negative,2,Support
ACCT-073,TKT-889013,2024-06-26,2024-06-28 14:50:01,low,Mobile App,Email,Product Manager,Plus,Medium,APAC,104,2.18,0,0,0,0,neutral,1,Support
ACCT-036,TKT-936274,2023-08-31,2023-08-31 13:43:36,low,Data Pipeline,Live Chat,Support Staff,Enterprise,Medium,EMEA,7,4.29,0,0,0,0,neutral,4,Support
ACCT-010,TKT-319703,2024-05-18,2024-05-22 01:32:44,low,Notifications,Phone,Support Staff,Plus,Medium,APAC,15,5.91,0,0,0,0,neutral,2,Support
ACCT-011,TKT-276578,2024-07-12,,low,Notifications,Web Portal,Support Staff,Basic,Small,APAC,2,3.17,0,0,0,0,negative,0,Support
ACCT-041,TKT-830140,2024-10-16,2024-10-16 02:21:30,low,Notifications,Email,Support Staff,Basic,Small,APAC,8,3.53,7,0,0,0,neutral,4,Support
ACCT-104,TKT-868650,2024-08-01,2024-08-03 07:20:12,low,Analytics Dashboard,Live Chat,Support Staff,Enterprise,Medium,EMEA,57,2.13,0,0,0,0,neutral,4,Support
ACCT-021,TKT-838246,2024-08-15,2024-08-15 19:08:07,low,Mobile App,Email,Support Staff,Basic,Small,APAC,2,1.44,16,0,0,0,neutral,1,Support
ACCT-036,TKT-215593,2023-10-16,2023-10-16 21:36:50,low,Billing,Live Chat,Support Staff,Plus,Medium,EMEA,18,2.62,0,0,0,0,negative,1,Support
ACCT-037,TKT-310701,2024-09-04,2024-09-06 12:26:55,low,Mobile App,Email,Support Staff,Basic,Small,APAC,14,4.92,0,0,0,0,neutral,5,Support
ACCT-038,TKT-301205,2023-07-31,2023-08-03 14:15:17,low,Analytics Dashboard,Web Portal,Support Staff,Basic,Small,AMER,3,6.59,0,0,0,0,neutral,1,Support
ACCT-064,TKT-562139,2024-02-21,2024-02-27 02:39:14,low,Analytics Dashboard,Live Chat,DevOps,Basic,Small,APAC,4,3.43,7,0,0,0,neutral,1,Support
ACCT-041,TKT-407364,2023-09-20,2023-09-24 12:41:33,low,Mobile App,Email,Support Staff,Plus,Medium,APAC,17,0.0,0,0,0,0,neutral,3,Support
ACCT-060,TKT-458772,2023-08-27,2023-08-28 15:03:14,low,Notifications,Web Portal,Product Manager,Basic,Small,APAC,2,9.24,6,0,0,0,neutral,1,Support
ACCT-077,TKT-805486,2023-07-01,2023-07-03 14:46:43,low,Authentication,Web Portal,Support Staff,Basic,Small,AMER,0,3.9,0,0,0,0,neutral,3,Support
ACCT-041,TKT-107577,2023-09-12,2023-09-12 04:20:01,low,Mobile App,Live Chat,Finance,Basic,Small,APAC,3,0.0,0,0,0,0,neutral,1,Support
ACCT-042,TKT-321321,2025-01-17,2025-01-20 20:57:02,low,Mobile App,Email,DevOps,Basic,Small,APAC,1,2.18,0,0,0,0,neutral,0,Support
ACCT-041,TKT-645337,2024-11-16,2024-11-19 21:24:40,low,Analytics Dashboard,Live Chat,Support Staff,Plus,Medium,APAC,108,0.53,0,0,0,0,neutral,7,Support
ACCT-035,TKT-453401,2024-02-28,2024-03-04 05:24:51,low,Notifications,Web Portal,Support Staff,Basic,Small,AMER,0,10.46,14,0,0,0,neutral,1,Support
ACCT-106,TKT-459742,2025-02-08,2025-02-09 20:31:45,low,Notifications,Live Chat,Support Staff,Plus,Medium,EMEA,16,4.01,0,0,0,0,negative,0,Support
ACCT-062,TKT-797385,2024-04-18,2024-04-22 02:02:38,low,Analytics Dashboard,Web Portal,DevOps,Plus,Small,APAC,6,0.46,14,0,0,0,neutral,3,Support
ACCT-010,TKT-473323,2024-07-13,2024-07-14 15:07:37,low,Billing,Email,Support Staff,Basic,Small,APAC,5,4.5,0,0,0,0,neutral,4,Support
ACCT-060,TKT-832229,2024-05-04,,low,Mobile App,Phone,Support Staff,Basic,Small,APAC,12,7.28,11,0,0,0,neutral,4,Support
ACCT-041,TKT-245608,2024-07-16,2024-07-19 10:18:49,low,Analytics Dashboard,Web Portal,Finance,Enterprise,Medium,EMEA,0,0.38,12,0,0,0,neutral,7,Support
ACCT-018,TKT-393042,2023-06-27,2023-06-29 16:51:51,low,Authentication,Web Portal,Product Manager,Plus,Medium,AMER,89,3.39,0,0,0,0,neutral,1,Support
ACCT-041,TKT-790881,2024-02-10,2024-02-11 14:05:38,low,Mobile App,Live Chat,Support Staff,Plus,Medium,AMER,15,4.0,4,0,0,0,neutral,5,Support
ACCT-026,TKT-103281,2024-09-29,2024-10-01 06:09:05,low,Authentication,Web Portal,Support Staff,Basic,Small,APAC,19,4.06,6,0,0,0,negative,4,Support
ACCT-025,TKT-147976,2024-04-25,2024-04-25 05:24:33,low,Analytics Dashboard,Email,Finance,Plus,Medium,APAC,26,2.39,7,0,0,0,neutral,2,Support
ACCT-035,TKT-608072,2024-04-29,2024-05-02 03:13:58,low,Analytics Dashboard,Web Portal,DevOps,Plus,Medium,AMER,25,0.86,0,0,0,0,positive,3,Support
ACCT-076,TKT-465254,2024-07-14,2024-07-17 12:31:21,low,Mobile App,Email,Support Staff,Basic,Small,AMER,3,0.0,12,0,0,0,neutral,2,Support
ACCT-041,TKT-599250,2024-08-12,2024-08-17 07:39:20,low,Notifications,Web Portal,Support Staff,Basic,Small,APAC,2,12.76,7,0,0,0,neutral,2,Support
ACCT-048,TKT-304553,2023-09-11,2023-09-14 11:44:16,low,Billing,Email,DevOps,Plus,Medium,APAC,40,0.61,0,0,0,0,negative,5,Support
ACCT-017,TKT-922987,2023-10-25,2023-10-29 13:01:50,low,Notifications,Live Chat,DevOps,Plus,Medium,EMEA,5,0.76,0,0,0,0,neutral,1,Support
ACCT-043,TKT-191320,2024-10-29,2024-10-29 07:05:30,low,Mobile App,Email,Support Staff,Basic,Small,EMEA,29,3.64,2,0,0,0,neutral,2,Support
ACCT-079,TKT-589478,2024-04-04,2024-04-08 05:04:15,low,Authentication,Web Portal,Support Staff,Basic,Small,APAC,34,2.89,0,0,0,0,neutral,1,Support
ACCT-072,TKT-605590,2023-11-20,2023-11-24 19:23:18,low,Analytics Dashboard,Web Portal,DevOps,Basic,Small,APAC,2,5.55,12,0,0,0,negative,5,Support
ACCT-031,TKT-889842,2024-12-05,2024-12-06 01:34:52,low,Analytics Dashboard,Live Chat,Support Staff,Plus,Small,AMER,12,0.37,9,0,0,0,neutral,0,Support
ACCT-041,TKT-130641,2023-08-31,2023-08-31 13:23:51,low,Mobile App,Web Portal,DevOps,Basic,Small,APAC,8,9.88,4,0,0,0,neutral,1,Support
ACCT-112,TKT-502118,2023-11-12,2023-11-17 04:26:42,low,Authentication,Web Portal,Support Staff,Basic,Small,APAC,7,6.36,0,0,0,0,neutral,2,Support
ACCT-022,TKT-599439,2024-03-14,2024-03-14 23:40:06,low,Mobile App,Web Portal,Finance,Basic,Small,APAC,2,0.93,15,0,0,0,neutral,0,Support
ACCT-067,TKT-764323,2023-10-05,2023-10-08 01:27:23,low,Analytics Dashboard,Live Chat,DevOps,Enterprise,Medium,EMEA,21,1.2,0,0,0,0,negative,1,Support
ACCT-076,TKT-334677,2024-10-16,2024-10-16 12:06:16,low,Mobile App,Live Chat,Support Staff,Plus,Medium,APAC,16,3.09,0,0,0,0,neutral,2,Support
ACCT-076,TKT-775268,2025-01-10,2025-01-13 16:59:03,low,Analytics Dashboard,Web Portal,Finance,Plus,Medium,APAC,97,1.69,0,0,0,0,neutral,3,Support
ACCT-042,TKT-871754,2024-05-17,2024-05-18 14:58:46,low,Analytics Dashboard,Email,Support Staff,Enterprise,Medium,EMEA,10,2.73,4,0,0,0,positive,2,Support
ACCT-058,TKT-997728,2024-06-25,2024-06-27 23:50:14,low,Analytics Dashboard,Live Chat,Product Manager,Plus,Medium,EMEA,12,2.09,0,0,0,0,negative,4,Support
ACCT-023,TKT-221309,2024-08-21,2024-08-25 00:27:28,low,Authentication,Web Portal,Support Staff,Plus,Small,APAC,36,0.63,0,0,0,0,neutral,2,Support
ACCT-102,TKT-876555,2024-03-24,2024-03-24 11:52:05,low,Analytics Dashboard,Phone,Support Staff,Basic,Small,AMER,3,6.64,7,0,0,0,neutral,3,Support
ACCT-083,TKT-221746,2025-01-27,2025-02-01 07:02:23,low,Analytics Dashboard,Email,DevOps,Basic,Small,APAC,0,0.45,0,0,0,0,neutral,3,Support
ACCT-072,TKT-498663,2025-01-07,2025-01-08 14:01:22,low,Authentication,Email,DevOps,Basic,Small,APAC,23,9.05,0,0,0,0,neutral,3,Support
ACCT-036,TKT-718722,2025-01-11,2025-01-14 12:09:27,low,Analytics Dashboard,Web Portal,Support Staff,Basic,Small,APAC,1,4.48,13,0,0,0,neutral,2,Support
ACCT-043,TKT-544280,2024-11-30,2024-11-30 20:52:14,low,Mobile App,Phone,Support Staff,Plus,Medium,AMER,13,4.44,0,0,0,0,positive,4,Support
ACCT-021,TKT-935259,2024-04-23,2024-04-26 17:49:28,low,Mobile App,Live Chat,Product Manager,Plus,Large,EMEA,257,0.0,0,0,0,0,neutral,2,Support
ACCT-038,TKT-332932,2023-10-08,2023-10-10 06:43:13,low,Authentication,Email,Product Manager,Basic,Small,APAC,10,2.68,0,0,0,0,neutral,3,Support
ACCT-060,TKT-582977,2023-09-18,2023-09-19 16:53:19,low,Mobile App,Email,DevOps,Plus,Medium,EMEA,9,3.54,0,0,0,0,neutral,4,Support
ACCT-060,TKT-977885,2024-04-19,2024-04-19 16:49:33,low,Notifications,Live Chat,DevOps,Plus,Large,AMER,193,1.93,0,0,0,0,neutral,2,Support
ACCT-073,TKT-730682,2024-01-11,2024-01-13 04:23:42,low,Billing,Web Portal,Product Manager,Basic,Small,APAC,8,8.11,0,0,0,0,positive,2,Support
ACCT-053,TKT-940215,2024-03-17,2024-03-17 16:55:45,low,Mobile App,Web Portal,DevOps,Plus,Medium,APAC,41,6.61,0,0,0,0,neutral,4,Support
ACCT-062,TKT-822049,2023-07-06,2023-07-08 16:28:21,low,Billing,Email,Support Staff,Plus,Small,AMER,14,2.36,0,0,0,0,neutral,0,Support
ACCT-073,TKT-701853,2023-10-05,2023-10-06 04:40:05,low,Analytics Dashboard,Email,DevOps,Basic,Small,AMER,1,1.06,25,0,0,1,neutral,3,Support
ACCT-024,TKT-405654,2024-10-02,2024-10-04 20:42:52,low,Analytics Dashboard,Web Portal,DevOps,Plus,Medium,EMEA,37,0.35,20,0,0,0,neutral,2,Support
ACCT-023,TKT-260119,2024-06-20,2024-06-20 09:25:01,low,Billing,Email,Finance,Basic,Medium,APAC,8,6.5,0,0,0,0,negative,4,Support
ACCT-106,TKT-336004,2024-01-02,2024-01-06 08:17:06,low,Mobile App,Web Portal,Support Staff,Plus,Medium,EMEA,52,0.0,0,0,0,0,neutral,1,Support
ACCT-078,TKT-998397,2023-07-24,2023-07-29 02:41:15,low,Analytics Dashboard,Email,Support Staff,Plus,Medium,EMEA,23,1.28,0,0,0,0,neutral,1,Support
ACCT-065,TKT-954602,2024-10-12,2024-10-15 10:39:13,low,Billing,Email,DevOps,Plus,Medium,EMEA,32,0.5,0,0,0,0,negative,3,Support
ACCT-063,TKT-453800,2023-11-11,2023-11-17 08:32:49,low,Billing,Web Portal,Support Staff,Basic,Medium,APAC,2,2.05,0,0,0,0,positive,3,Support
ACCT-041,TKT-894520,2024-08-06,2024-08-09 03:13:42,low,Mobile App,Web Portal,Finance,Plus,Large,AMER,368,0.56,0,0,0,0,neutral,10,Support
ACCT-085,TKT-396788,2024-07-05,2024-07-06 16:26:34,low,Billing,Email,Support Staff,Basic,Small,APAC,7,9.14,0,0,0,0,neutral,3,Support
ACCT-063,TKT-997845,2024-03-16,2024-03-19 05:55:43,low,Billing,Email,Product Manager,Basic,Small,EMEA,2,4.47,15,0,0,0,negative,0,Support
ACCT-020,TKT-888808,2024-12-13,2024-12-14 16:43:37,low,Mobile App,Web Portal,Support Staff,Basic,Small,APAC,1,10.73,0,0,0,0,neutral,6,Support
ACCT-031,TKT-844056,2025-01-15,2025-01-19 12:07:50,low,Mobile App,Phone,Support Staff,Basic,Medium,APAC,9,2.34,11,0,0,0,negative,6,Support
ACCT-018,TKT-244243,2024-04-07,2024-04-08 23:36:21,low,Notifications,Web Portal,Support Staff,Enterprise,Medium,EMEA,32,1.5,0,0,0,0,neutral,2,Support
ACCT-024,TKT-251857,2024-08-26,2024-08-29 05:51:58,low,Notifications,Live Chat,DevOps,Basic,Small,APAC,3,0.67,0,0,0,0,positive,1,Support
ACCT-036,TKT-871037,2024-01-01,2024-01-01 23:27:41,low,Analytics Dashboard,Web Portal,Support Staff,Plus,Small,AMER,4,2.69,1,0,0,0,neutral,1,Support
ACCT-031,TKT-206900,2023-06-10,2023-06-11 13:27:27,low,Data Pipeline,Web Portal,Support Staff,Enterprise,Medium,EMEA,24,2.44,0,0,0,0,neutral,5,Support
ACCT-051,TKT-812449,2023-10-30,2023-10-31 14:55:56,low,Data Pipeline,Web Portal,Product Manager,Enterprise,Large,AMER,16,6.2,0,0,0,0,negative,5,Support
ACCT-043,TKT-596894,2023-11-20,2023-11-25 03:31:44,low,Authentication,Web Portal,Support Staff,Basic,Small,APAC,9,8.6,0,0,0,0,negative,1,Support
ACCT-043,TKT-640472,2023-12-01,2023-12-06 09:41:12,low,Mobile App,Live Chat,DevOps,Plus,Medium,EMEA,56,3.15,0,0,0,0,neutral,1,Support
ACCT-113,TKT-757428,2024-05-12,2024-05-14 15:46:00,low,Mobile App,Email,Product Manager,Basic,Small,EMEA,6,3.31,0,0,0,0,neutral,1,Support
ACCT-105,TKT-515912,2024-07-18,2024-07-19 01:57:58,low,Analytics Dashboard,Email,DevOps,Basic,Small,APAC,0,3.48,0,0,0,0,neutral,3,Support
ACCT-049,TKT-280865,2024-10-13,2024-10-14 07:30:01,low,Authentication,Email,Product Manager,Basic,Small,APAC,5,10.57,0,0,0,0,neutral,0,Support
ACCT-031,TKT-803317,2024-06-19,2024-06-22 18:36:34,low,Notifications,Email,Support Staff,Basic,Small,APAC,3,2.4,14,0,0,0,negative,2,Support
ACCT-083,TKT-781900,2023-08-31,2023-09-03 18:56:05,low,Mobile App,Email,Support Staff,Basic,Small,APAC,2,1.33,0,0,0,0,neutral,2,Support
ACCT-053,TKT-485166,2024-06-26,2024-06-27 04:50:14,low,Notifications,Email,Finance,Basic,Medium,APAC,16,2.8,0,0,0,0,neutral,4,Support
ACCT-043,TKT-612982,2023-06-12,2023-06-12 14:39:30,low,Notifications,Email,Support Staff,Basic,Small,APAC,21,5.7,7,0,0,0,neutral,0,Support
ACCT-072,TKT-700446,2024-11-03,2024-11-04 00:05:28,low,Mobile App,Email,Finance,Basic,Small,APAC,4,2.32,15,0,0,0,neutral,2,Support
ACCT-041,TKT-932929,2024-10-04,2024-10-05 04:41:39,low,Analytics Dashboard,Email,Support Staff,Plus,Small,AMER,8,1.52,0,0,0,0,neutral,0,Support
ACCT-059,TKT-775908,2025-01-28,2025-01-28 20:04:38,low,Mobile App,Live Chat,Support Staff,Basic,Small,APAC,4,1.01,0,0,0,0,neutral,1,Support
ACCT-021,TKT-441027,2024-08-18,2024-08-19 07:04:39,low,Mobile App,Email,DevOps,Plus,Medium,AMER,9,6.52,0,0,0,0,neutral,3,Support
ACCT-102,TKT-663621,2023-08-05,2023-08-08 08:32:47,low,Mobile App,Live Chat,Support Staff,Plus,Medium,APAC,8,0.9,13,0,0,0,neutral,1,Support
ACCT-020,TKT-512925,2023-12-07,2023-12-08 17:56:46,low,Notifications,Live Chat,Product Manager,Basic,Small,APAC,5,0.58,0,0,0,0,neutral,0,Support
ACCT-060,TKT-655837,2024-12-21,2024-12-25 02:09:41,low,Mobile App,Web Portal,Support Staff,Basic,Small,APAC,1,8.26,15,0,0,0,negative,5,Support
ACCT-053,TKT-665163,2024-10-13,2024-10-13 09:50:56,low,Mobile App,Email,Executive,Plus,Medium,EMEA,0,4.27,13,0,0,0,neutral,2,Support
ACCT-020,TKT-790573,2023-10-06,2023-10-09 14:50:39,low,Analytics Dashboard,Live Chat,Product Manager,Plus,Large,AMER,124,3.19,0,0,0,0,neutral,5,Support
ACCT-020,TKT-288678,2023-09-29,2023-09-29 20:02:18,low,Analytics Dashboard,Phone,Product Manager,Enterprise,Medium,EMEA,11,2.24,0,0,0,0,neutral,2,Support
ACCT-060,TKT-229022,2023-06-06,2023-06-08 10:55:22,low,Data Pipeline,Live Chat,Finance,Enterprise,Medium,EMEA,12,3.37,0,0,0,0,neutral,3,Support
ACCT-078,TKT-269041,2023-07-11,2023-07-11 15:25:42,low,Analytics Dashboard,Email,Support Staff,Plus,Medium,AMER,6,0.92,0,0,0,0,neutral,0,Support
ACCT-010,TKT-136705,2023-08-29,2023-08-31 11:52:45,low,Notifications,Web Portal,Support Staff,Basic,Small,AMER,2,7.31,41,0,0,0,neutral,3,Support
ACCT-077,TKT-481219,2023-08-26,2023-09-01 00:50:29,low,Analytics Dashboard,Email,Support Staff,Plus,Small,AMER,19,1.53,0,0,0,0,neutral,5,Support
ACCT-077,TKT-790130,2024-12-09,2024-12-09 19:13:20,low,Notifications,Live Chat,DevOps,Plus,Medium,EMEA,19,1.0,16,0,0,0,neutral,4,Support
ACCT-076,TKT-644675,2023-06-01,2023-06-02 02:16:49,low,Analytics Dashboard,Live Chat,Product Manager,Enterprise,Medium,EMEA,71,0.3,0,0,0,0,neutral,5,Support
ACCT-085,TKT-705103,2024-03-27,2024-03-30 00:34:03,low,Mobile App,Live Chat,Support Staff,Basic,Small,APAC,2,1.08,0,0,0,0,negative,3,Support
ACCT-041,TKT-469221,2024-10-15,2024-10-18 05:44:23,low,Mobile App,Email,Support Staff,Basic,Small,APAC,2,0.23,0,0,0,0,neutral,4,Support
ACCT-053,TKT-203818,2025-02-10,2025-02-12 08:55:07,low,Mobile App,Email,Support Staff,Plus,Small,APAC,4,4.02,15,0,0,0,negative,2,Support
ACCT-041,TKT-414267,2023-07-16,2023-07-17 01:13:30,low,Analytics Dashboard,Live Chat,Support Staff,Basic,Small,AMER,5,6.31,16,0,0,0,positive,2,Support
ACCT-041,TKT-326534,2024-01-07,2024-01-12 14:16:14,low,Notifications,Web Portal,Support Staff,Basic,Small,APAC,0,1.86,0,0,0,0,negative,3,Support
ACCT-101,TKT-752542,2025-01-26,2025-01-27 13:08:04,low,Notifications,Phone,Support Staff,Plus,Small,APAC,31,0.98,7,0,0,0,,2,Support
ACCT-025,TKT-500327,2024-08-06,2024-08-06 10:43:56,low,Analytics Dashboard,Web Portal,Support Staff,Basic,Small,EMEA,4,0.59,1,0,0,0,neutral,1,Support
ACCT-019,TKT-366526,2023-11-15,2023-11-16 17:23:19,low,Notifications,Live Chat,Support Staff,Plus,Medium,AMER,70,3.0,0,0,0,0,neutral,0,Support
ACCT-023,TKT-313660,2024-08-09,2024-08-14 08:01:35,low,Notifications,Web Portal,Support Staff,Basic,Small,APAC,9,4.02,0,0,0,0,neutral,0,Support
ACCT-007,TKT-763874,2023-08-12,2023-08-14 20:30:41,low,Notifications,Web Portal,DevOps,Basic,Small,AMER,3,1.82,0,0,0,0,neutral,3,Support
ACCT-041,TKT-779237,2023-12-15,2023-12-18 08:38:59,low,Authentication,Email,DevOps,Basic,Small,APAC,26,6.85,0,0,0,0,neutral,4,Support
ACCT-035,TKT-260947,2024-11-05,2024-11-07 17:15:29,low,Authentication,Live Chat,Finance,Plus,Small,APAC,32,3.88,0,0,0,0,neutral,5,Support
ACCT-058,TKT-127168,2024-04-19,2024-04-25 09:47:44,low,Analytics Dashboard,Live Chat,Finance,Plus,Large,EMEA,225,1.44,0,0,0,0,neutral,2,Support
ACCT-076,TKT-657286,2025-02-08,2025-02-09 02:12:04,low,Mobile App,Phone,Product Manager,Plus,Medium,AMER,57,0.78,2,0,0,0,positive,2,Support
ACCT-038,TKT-445356,2023-09-21,2023-09-24 04:06:30,low,Analytics Dashboard,Web Portal,DevOps,Plus,Small,AMER,5,0.57,4,0,0,0,neutral,0,Support
ACCT-040,TKT-386526,2023-08-31,2023-09-01 13:31:06,low,Notifications,Web Portal,Support Staff,Basic,Small,APAC,3,7.4,29,0,0,0,neutral,1,Support
ACCT-046,TKT-110342,2023-10-28,2023-11-01 12:48:13,low,Notifications,Web Portal,DevOps,Basic,Medium,APAC,26,1.44,0,0,0,0,neutral,2,Support
ACCT-036,TKT-497024,2023-09-09,2023-09-10 14:59:40,low,Analytics Dashboard,Web Portal,DevOps,Plus,Medium,APAC,15,1.67,7,0,0,0,neutral,3,Support
ACCT-072,TKT-652049,2023-09-16,2023-09-19 19:48:25,low,Mobile App,Web Portal,Support Staff,Plus,Small,AMER,19,4.19,4,0,0,0,negative,5,Support
ACCT-041,TKT-200181,2024-04-09,2024-04-11 15:10:59,low,Mobile App,Web Portal,DevOps,Basic,Medium,APAC,4,11.34,0,0,0,0,negative,4,Support
ACCT-041,TKT-395694,2024-11-23,2024-11-24 12:06:03,low,Authentication,Live Chat,Support Staff,Basic,Small,AMER,2,9.56,10,0,0,0,neutral,1,Support
ACCT-041,TKT-150293,2024-12-16,2024-12-17 04:26:18,low,Notifications,Web Portal,DevOps,Plus,Medium,AMER,21,1.18,0,0,0,0,neutral,0,Support
ACCT-072,TKT-289448,2023-11-22,2023-11-23 09:00:24,low,Mobile App,Web Portal,Product Manager,Basic,Small,APAC,9,2.74,4,0,0,0,neutral,1,Support
ACCT-072,TKT-927061,2024-05-19,2024-05-23 00:01:04,low,Analytics Dashboard,Email,Finance,Basic,Small,APAC,8,1.75,21,0,0,0,negative,2,Support
ACCT-036,TKT-522210,2024-11-26,2024-11-28 10:32:59,low,Analytics Dashboard,Web Portal,Finance,Basic,Small,AMER,2,1.49,0,0,0,0,positive,0,Support
ACCT-021,TKT-820013,2024-10-01,2024-10-03 15:37:41,low,Billing,Web Portal,DevOps,Basic,Small,EMEA,4,1.16,0,0,0,0,negative,2,Support
ACCT-076,TKT-249600,2024-11-07,2024-11-10 08:27:47,low,Analytics Dashboard,Email,Support Staff,Basic,Small,AMER,0,3.35,0,0,0,0,neutral,2,Support
ACCT-038,TKT-860657,2024-06-22,2024-06-24 12:30:24,low,Authentication,Web Portal,Finance,Basic,Small,EMEA,42,8.37,0,0,0,0,neutral,2,Support
ACCT-084,TKT-738271,2024-06-14,2024-06-17 07:35:40,low,Analytics Dashboard,Live Chat,Support Staff,Enterprise,Large,EMEA,137,0.65,0,0,0,0,negative,3,Support
ACCT-073,TKT-471197,2024-08-02,2024-08-05 07:29:11,low,Notifications,Email,Product Manager,Basic,Small,APAC,2,4.66,10,0,0,0,neutral,2,Support
ACCT-024,TKT-548544,2024-09-22,2024-09-24 04:40:20,low,Mobile App,Phone,DevOps,Enterprise,Medium,EMEA,10,0.0,43,0,0,0,neutral,3,Support
ACCT-077,TKT-953565,2024-11-15,2024-11-20 08:31:24,low,Notifications,Web Portal,Support Staff,Plus,Small,APAC,3,10.78,0,0,0,0,neutral,3,Support
ACCT-020,TKT-420509,2024-01-21,2024-01-22 07:44:42,low,Analytics Dashboard,Live Chat,Support Staff,Plus,Small,APAC,11,1.24,0,0,0,0,positive,2,Support
ACCT-021,TKT-765506,2024-07-21,2024-07-24 17:42:17,low,Mobile App,Web Portal,DevOps,Enterprise,Medium,EMEA,46,4.23,0,0,0,0,neutral,2,Support
ACCT-025,TKT-198181,2023-08-21,2023-08-21 10:55:50,low,Data Pipeline,Phone,Support Staff,Enterprise,Medium,EMEA,5,2.91,18,0,0,0,,1,Support
ACCT-025,TKT-399736,2023-11-17,2023-11-19 13:28:30,low,Mobile App,Email,Product Manager,Enterprise,Medium,EMEA,18,0.0,19,0,0,0,negative,2,Support
ACCT-083,TKT-111214,2024-12-19,2024-12-24 04:37:30,low,Data Pipeline,Web Portal,Support Staff,Plus,Medium,EMEA,23,13.62,0,0,0,0,neutral,1,Support
ACCT-020,TKT-243055,2024-08-08,2024-08-11 03:06:14,low,Mobile App,Web Portal,DevOps,Basic,Small,APAC,2,7.9,0,0,0,0,neutral,2,Support
ACCT-060,TKT-809649,2024-10-04,2024-10-06 04:09:40,low,Notifications,Web Portal,Support Staff,Basic,Small,APAC,6,2.15,0,0,0,0,neutral,3,Support
ACCT-036,TKT-746223,2024-11-27,2024-11-30 06:09:08,low,Data Pipeline,Email,Support Staff,Plus,Large,AMER,225,2.23,0,0,0,0,positive,4,Support
ACCT-058,TKT-848851,2023-12-12,2023-12-16 23:12:11,low,Mobile App,Email,Support Staff,Enterprise,Medium,EMEA,50,2.67,0,0,0,0,negative,3,Support
ACCT-041,TKT-356089,2024-08-09,2024-08-12 06:51:19,low,Analytics Dashboard,Email,Support Staff,Basic,Small,APAC,2,0.38,7,0,0,0,neutral,1,Support
ACCT-054,TKT-570445,2024-11-22,2024-11-25 04:07:21,low,Analytics Dashboard,Phone,Support Staff,Plus,Large,AMER,201,2.79,0,0,0,0,neutral,2,Support
ACCT-109,TKT-648946,2023-11-20,2023-11-23 02:44:36,low,Authentication,Web Portal,Support Staff,Plus,Small,AMER,38,11.13,0,0,0,0,negative,0,Support
ACCT-077,TKT-239794,2024-01-17,2024-01-17 19:30:39,low,Mobile App,Email,Product Manager,Plus,Medium,EMEA,4,2.18,0,0,0,0,negative,4,Support
ACCT-043,TKT-619577,2024-11-08,2024-11-09 12:32:47,low,Analytics Dashboard,Web Portal,Support Staff,Basic,Small,APAC,1,3.07,0,0,0,0,neutral,3,Support
ACCT-060,TKT-454375,2024-06-23,2024-06-23 19:07:19,low,Notifications,Live Chat,DevOps,Plus,Medium,AMER,15,4.28,0,0,0,0,negative,0,Support
ACCT-036,TKT-999474,2024-02-11,2024-02-15 04:56:44,low,Analytics Dashboard,Email,Product Manager,Plus,Large,AMER,117,1.27,0,0,0,0,neutral,16,Support
ACCT-020,TKT-377611,2023-09-29,2023-09-30 06:16:13,low,Mobile App,Web Portal,Finance,Basic,Small,AMER,1,3.13,0,0,0,0,neutral,2,Support
ACCT-072,TKT-512742,2024-01-05,2024-01-05 02:36:58,low,Notifications,Web Portal,Support Staff,Basic,Small,AMER,6,3.5,0,0,0,0,negative,1,Support
ACCT-043,TKT-774206,2024-01-09,2024-01-14 02:39:27,low,Mobile App,Phone,Product Manager,Basic,Small,EMEA,17,3.42,0,0,0,0,neutral,3,Support
ACCT-041,TKT-585550,2024-11-09,2024-11-13 03:45:39,low,Authentication,Phone,Product Manager,Plus,Medium,EMEA,75,2.58,0,0,0,0,neutral,5,Support
ACCT-040,TKT-106177,2025-02-22,2025-02-26 08:20:39,low,Notifications,Web Portal,Support Staff,Basic,Small,APAC,5,3.34,28,0,0,0,neutral,2,Support
ACCT-076,TKT-212369,2025-02-20,2025-02-21 23:55:09,low,Mobile App,Web Portal,DevOps,Plus,Small,AMER,4,3.25,0,0,0,0,neutral,1,Support
ACCT-041,TKT-521598,2023-06-06,2023-06-07 12:11:02,low,Analytics Dashboard,Email,Finance,Basic,Small,APAC,19,0.46,0,0,0,0,neutral,3,Support
ACCT-043,TKT-307140,2024-05-29,2024-05-29 04:13:08,low,Notifications,Web Portal,Support Staff,Basic,Small,APAC,2,3.02,0,0,1,0,neutral,2,Support
ACCT-035,TKT-530670,2023-08-26,2023-08-28 07:49:41,low,Mobile App,Email,DevOps,Enterprise,Medium,EMEA,53,4.55,0,0,0,0,negative,4,Support
ACCT-020,TKT-906824,2023-10-05,,low,Notifications,Web Portal,Support Staff,Basic,Small,APAC,7,7.61,11,0,0,0,negative,2,Support
ACCT-060,TKT-413823,2024-02-12,2024-02-13 00:11:56,low,Notifications,Web Portal,Support Staff,Basic,Small,APAC,3,6.74,26,0,0,0,neutral,1,Support
ACCT-038,TKT-950965,2024-06-08,2024-06-09 20:24:32,low,Notifications,Web Portal,Support Staff,Plus,Small,APAC,5,1.26,0,0,0,0,neutral,1,Support
ACCT-058,TKT-980130,2024-03-02,2024-03-02 13:40:36,low,Mobile App,Web Portal,Product Manager,Basic,Small,APAC,5,4.12,0,0,0,0,neutral,0,Support
ACCT-020,TKT-555040,2024-08-23,2024-08-23 18:20:52,low,Authentication,Live Chat,Support Staff,Plus,Small,APAC,25,4.65,0,0,0,0,neutral,2,Support
ACCT-059,TKT-308105,2023-06-06,2023-06-07 13:09:07,low,Billing,Email,Finance,Basic,Small,EMEA,50,2.75,0,0,0,0,negative,2,Support
ACCT-026,TKT-513711,2023-09-22,2023-09-22 20:50:39,low,Mobile App,Email,Support Staff,Basic,Small,APAC,3,3.46,6,0,0,0,neutral,4,Support
ACCT-062,TKT-268099,2024-08-05,2024-08-08 13:16:53,low,Analytics Dashboard,Phone,DevOps,Basic,Small,AMER,1,1.84,3,0,0,0,negative,2,Support
ACCT-077,TKT-378711,2023-12-21,2023-12-26 10:51:35,low,Billing,Email,Support Staff,Enterprise,Medium,EMEA,92,0.65,0,0,0,0,negative,2,Support
ACCT-104,TKT-938672,2023-09-30,2023-10-01 19:37:41,low,Notifications,Live Chat,Support Staff,Basic,Small,APAC,13,1.84,0,0,0,0,neutral,3,Support
ACCT-031,TKT-519300,2023-10-09,2023-10-10 09:41:26,low,Analytics Dashboard,Phone,Finance,Plus,Large,EMEA,148,2.78,0,0,0,0,neutral,10,Support
ACCT-031,TKT-965745,2024-10-26,2024-10-29 10:26:04,low,Analytics Dashboard,Web Portal,Product Manager,Enterprise,Large,APAC,108,0.69,0,0,0,0,neutral,14,Support
ACCT-010,TKT-931219,2024-07-03,2024-07-03 15:39:23,low,Analytics Dashboard,Phone,Support Staff,Plus,Large,EMEA,326,0.33,0,0,0,0,neutral,5,Support
ACCT-025,TKT-114311,2023-06-22,2023-06-22 15:11:34,low,Mobile App,Live Chat,Support Staff,Basic,Small,APAC,1,3.3,0,0,0,0,neutral,1,Support
ACCT-041,TKT-550536,2024-01-29,2024-01-29 08:50:51,low,Notifications,Email,Support Staff,Plus,Medium,AMER,1,1.06,0,0,0,0,neutral,1,Support
ACCT-020,TKT-403527,2025-02-01,2025-02-04 12:14:22,low,Analytics Dashboard,Phone,Support Staff,Enterprise,Large,AMER,94,0.42,0,0,0,0,neutral,5,Support
ACCT-035,TKT-359781,2024-03-15,2024-03-17 02:47:57,low,Authentication,Web Portal,Support Staff,Basic,Small,APAC,8,14.18,0,0,0,0,neutral,4,Support
ACCT-072,TKT-361584,2025-02-22,2025-02-22 17:30:59,low,Analytics Dashboard,Live Chat,Support Staff,Basic,Medium,APAC,17,2.65,21,0,0,0,negative,7,Support
ACCT-041,TKT-835005,2024-03-14,2024-03-17 17:03:01,low,Mobile App,Live Chat,DevOps,Plus,Small,AMER,31,6.53,0,0,0,0,neutral,1,Support
ACCT-077,TKT-596912,2024-02-09,2024-02-12 01:34:38,low,Authentication,Phone,Product Manager,Basic,Small,AMER,8,1.99,0,0,0,0,negative,2,Support
ACCT-038,TKT-289989,2023-09-14,2023-09-17 06:38:20,medium,Billing,Email,Product Manager,Basic,Small,EMEA,62,3.14,0,1,0,0,positive,4,Support
ACCT-041,TKT-765297,2023-12-11,2023-12-17 09:53:33,medium,Authentication,Email,DevOps,Enterprise,Medium,EMEA,91,5.07,0,0,0,0,negative,4,Support
ACCT-062,TKT-140230,2023-10-31,2023-11-01 00:30:17,medium,Notifications,Web Portal,DevOps,Basic,Small,APAC,5,8.8,26,0,0,0,neutral,1,Support
ACCT-035,TKT-547011,2024-03-07,2024-03-13 07:58:58,medium,Authentication,Live Chat,Product Manager,Plus,Large,EMEA,968,5.21,0,0,0,0,neutral,12,Support
ACCT-109,TKT-153430,2023-06-19,2023-06-21 18:46:03,medium,Billing,Email,Support Staff,Plus,Large,EMEA,1597,2.59,0,0,0,0,neutral,12,Support
ACCT-042,TKT-764073,2024-06-24,2024-06-25 18:09:17,medium,Notifications,Live Chat,Finance,Plus,Large,EMEA,93,1.94,36,0,0,0,neutral,4,Support
ACCT-043,TKT-164329,2024-01-23,2024-01-23 23:47:53,medium,Analytics Dashboard,Live Chat,Support Staff,Plus,Medium,AMER,51,2.57,17,0,0,0,neutral,5,Support
ACCT-041,TKT-215400,2024-11-04,2024-11-05 20:16:19,medium,Data Pipeline,Phone,Support Staff,Plus,Medium,EMEA,42,3.41,33,0,0,0,neutral,0,Support
ACCT-041,TKT-846151,2024-03-02,2024-03-03 13:35:45,medium,Billing,Email,Executive,Plus,Medium,EMEA,63,0.57,19,0,0,0,negative,3,Support
ACCT-036,TKT-290580,2024-08-02,2024-08-03 02:09:05,medium,Analytics Dashboard,Web Portal,Executive,Basic,Small,APAC,13,1.21,12,0,0,0,neutral,1,Support
ACCT-010,TKT-437263,2023-07-12,2023-07-12 01:47:29,medium,Data Pipeline,Live Chat,Support Staff,Plus,Medium,APAC,97,16.97,0,0,0,0,neutral,4,Support
ACCT-064,TKT-735984,2024-01-04,2024-01-05 05:48:37,medium,Billing,Web Portal,Support Staff,Basic,Small,APAC,16,12.94,38,0,0,0,neutral,2,Support
ACCT-038,TKT-615151,2023-09-12,2023-09-13 20:41:12,medium,Mobile App,Web Portal,Support Staff,Basic,Small,APAC,12,9.01,7,0,0,0,neutral,1,Support
ACCT-058,TKT-801442,2024-06-07,2024-06-08 10:37:42,medium,Mobile App,Live Chat,Executive,Enterprise,Medium,EMEA,29,3.56,0,0,0,0,neutral,4,Support
ACCT-058,TKT-236637,2023-06-14,2023-06-17 03:57:37,medium,Data Pipeline,Live Chat,Support Staff,Plus,Large,AMER,484,2.2,0,0,0,0,positive,9,Support
ACCT-083,TKT-879020,2024-05-05,2024-05-06 13:17:17,medium,Notifications,Phone,DevOps,Plus,Large,AMER,178,2.59,18,0,0,0,neutral,5,Support
ACCT-062,TKT-781834,2025-01-24,2025-01-26 07:48:00,medium,Mobile App,Live Chat,Finance,Enterprise,Medium,EMEA,51,3.05,6,0,0,0,negative,1,Support
ACCT-036,TKT-211532,2024-03-09,2024-03-09 22:42:51,medium,Mobile App,Live Chat,Finance,Enterprise,Medium,EMEA,4,3.94,37,0,0,0,negative,4,Support
ACCT-065,TKT-143032,2023-10-12,2023-10-14 20:30:37,medium,Authentication,Email,Product Manager,Enterprise,Medium,EMEA,57,2.43,47,0,0,0,neutral,5,Support
ACCT-078,TKT-957115,2025-01-21,2025-01-26 18:54:36,medium,Analytics Dashboard,Live Chat,Product Manager,Enterprise,Large,EMEA,107,1.25,9,0,0,0,neutral,9,Support
ACCT-056,TKT-203428,2023-12-13,2023-12-13 21:08:59,medium,Authentication,Email,Support Staff,Plus,Small,APAC,15,41.41,0,0,0,0,negative,5,Support
ACCT-024,TKT-416120,2023-08-16,2023-08-21 08:34:16,medium,Mobile App,Phone,Product Manager,Enterprise,Large,AMER,724,4.86,0,0,0,0,neutral,5,Support
ACCT-060,TKT-855781,2024-09-28,2024-10-04 07:21:56,medium,Analytics Dashboard,Phone,Support Staff,Plus,Large,EMEA,257,0.6,2,0,0,0,neutral,8,Support
ACCT-041,TKT-677236,2023-11-05,2023-11-05 08:09:29,medium,Mobile App,Live Chat,DevOps,Plus,Medium,APAC,27,6.88,22,0,0,0,neutral,2,Support
ACCT-101,TKT-987187,2024-02-14,2024-02-18 18:10:40,medium,Authentication,Web Portal,Support Staff,Plus,Small,APAC,9,1.35,32,0,0,0,neutral,1,Support
ACCT-035,TKT-570267,2024-12-25,2024-12-30 22:13:10,medium,Data Pipeline,Email,DevOps,Plus,Large,AMER,530,4.1,0,0,0,0,neutral,7,Support
ACCT-083,TKT-539357,2023-09-29,2023-10-03 23:11:35,medium,Authentication,Live Chat,Product Manager,Plus,Large,AMER,330,7.9,0,0,0,0,neutral,3,Support
ACCT-083,TKT-122937,2024-11-18,2024-11-23 05:09:55,medium,Notifications,Web Portal,DevOps,Enterprise,Medium,EMEA,19,4.74,22,0,0,0,neutral,0,Support
ACCT-079,TKT-235197,2023-11-18,2023-11-20 16:30:28,medium,Billing,Email,Support Staff,Plus,Medium,APAC,47,2.37,9,0,0,0,neutral,6,Support
ACCT-020,TKT-932978,2024-03-23,2024-03-23 08:17:41,medium,Notifications,Live Chat,Support Staff,Plus,Large,AMER,711,2.91,6,0,0,0,neutral,2,Support
ACCT-072,TKT-817953,2023-12-12,2023-12-15 12:45:53,medium,Authentication,Live Chat,Support Staff,Enterprise,Medium,EMEA,29,0.52,14,0,0,0,neutral,4,Support
ACCT-043,TKT-273558,2024-11-27,2024-12-01 13:07:14,medium,Analytics Dashboard,Email,DevOps,Enterprise,Medium,EMEA,25,4.95,15,0,0,0,neutral,2,Support
ACCT-035,TKT-917230,2024-08-22,2024-08-25 14:23:16,medium,Analytics Dashboard,Email,Support Staff,Plus,Large,AMER,406,2.22,9,0,0,0,neutral,5,Support
ACCT-035,TKT-293007,2024-07-04,2024-07-05 17:28:19,medium,Analytics Dashboard,Web Portal,Support Staff,Enterprise,Large,AMER,315,0.16,0,0,0,0,neutral,7,Support
ACCT-023,TKT-830565,2023-06-04,2023-06-04 18:11:03,medium,Notifications,Live Chat,DevOps,Plus,Large,EMEA,356,1.56,14,0,0,0,negative,3,Support
ACCT-036,TKT-577564,2023-06-10,2023-06-14 15:10:33,medium,Data Pipeline,Web Portal,Support Staff,Enterprise,Medium,EMEA,47,2.85,36,0,0,0,negative,6,Support
ACCT-058,TKT-418148,2024-10-28,2024-10-31 07:37:57,medium,Mobile App,Web Portal,DevOps,Basic,Medium,APAC,44,0.0,29,0,0,0,neutral,3,Support
ACCT-041,TKT-224888,2024-01-12,2024-01-13 06:52:57,medium,Billing,Email,Finance,Enterprise,Medium,EMEA,169,1.9,0,0,0,0,neutral,7,Support
ACCT-059,TKT-406019,2023-11-23,2023-11-23 23:59:52,medium,Authentication,Email,Finance,Enterprise,Medium,EMEA,143,11.5,0,0,0,0,negative,4,Support
ACCT-020,TKT-391248,2023-07-11,2023-07-13 21:52:12,medium,Billing,Live Chat,DevOps,Plus,Large,AMER,588,1.8,10,0,0,0,negative,11,Support
ACCT-078,TKT-773618,2023-10-15,2023-10-16 04:22:44,medium,Authentication,Web Portal,Support Staff,Enterprise,Medium,EMEA,164,4.7,0,0,0,0,negative,4,Support
ACCT-078,TKT-221828,2024-02-10,2024-02-16 07:16:44,medium,Mobile App,Web Portal,Support Staff,Plus,Large,EMEA,869,1.75,0,0,0,0,negative,8,Support
ACCT-010,TKT-487040,2023-06-02,2023-06-04 23:06:26,medium,Authentication,Web Portal,Finance,Basic,Small,APAC,25,13.6,51,0,0,0,neutral,0,Support
ACCT-076,TKT-675956,2024-04-28,2024-04-28 11:29:20,medium,Authentication,Live Chat,Support Staff,Basic,Medium,APAC,55,8.55,23,0,0,0,positive,2,Support
ACCT-036,TKT-741185,2024-02-26,2024-02-29 09:49:32,medium,Mobile App,Email,Support Staff,Basic,Medium,APAC,25,0.83,20,0,0,0,neutral,5,Support
ACCT-076,TKT-955556,2024-03-28,2024-03-29 09:39:55,medium,Notifications,Live Chat,Support Staff,Basic,Small,APAC,3,7.47,37,0,0,0,neutral,4,Support
ACCT-067,TKT-393276,2023-06-11,2023-06-15 03:24:37,medium,Analytics Dashboard,Email,Finance,Plus,Large,EMEA,217,2.27,0,0,0,0,negative,8,Support
ACCT-025,TKT-789247,2023-11-28,,medium,Mobile App,Live Chat,Support Staff,Enterprise,Medium,EMEA,200,2.12,0,0,0,0,negative,5,Support
ACCT-035,TKT-500536,2025-01-18,2025-01-18 13:28:54,medium,Authentication,Email,Support Staff,Plus,Large,EMEA,289,2.96,0,0,0,0,neutral,4,Support
ACCT-020,TKT-677637,2024-02-19,2024-02-23 13:04:06,medium,Mobile App,Phone,Support Staff,Plus,Large,AMER,101,1.03,16,0,0,0,neutral,6,Support
ACCT-079,TKT-381850,2023-12-29,2024-01-02 02:02:38,medium,Authentication,Phone,Support Staff,Basic,Small,AMER,12,2.76,44,0,0,0,,3,Support
ACCT-076,TKT-889470,2023-12-26,2023-12-28 14:16:27,medium,Mobile App,Web Portal,DevOps,Enterprise,Large,AMER,1238,0.0,0,0,0,0,negative,14,Support
ACCT-027,TKT-861566,2024-07-09,2024-07-09 17:47:45,medium,Authentication,Email,Finance,Plus,Large,EMEA,997,9.48,0,0,0,0,negative,8,Support
ACCT-062,TKT-198242,2024-08-18,2024-08-19 14:06:56,medium,Analytics Dashboard,Email,Product Manager,Enterprise,Medium,EMEA,20,0.42,11,0,0,0,neutral,1,Support
ACCT-048,TKT-284665,2024-10-20,2024-10-20 20:06:54,medium,Mobile App,Web Portal,Finance,Enterprise,Large,EMEA,220,3.01,0,0,0,0,neutral,8,Support
ACCT-062,TKT-289170,2023-12-11,2023-12-13 12:46:04,medium,Analytics Dashboard,Web Portal,DevOps,Plus,Large,AMER,285,1.18,8,0,0,0,neutral,7,Support
ACCT-025,TKT-286367,2024-03-15,2024-03-15 05:57:36,medium,Authentication,Email,DevOps,Plus,Small,AMER,28,1.37,8,0,1,0,neutral,1,Support
ACCT-076,TKT-250494,2024-07-08,2024-07-11 04:36:07,medium,Notifications,Web Portal,Finance,Basic,Small,AMER,5,1.39,67,0,0,0,neutral,2,Support
ACCT-076,TKT-776456,2023-08-13,2023-08-14 20:11:55,medium,Authentication,Email,Support Staff,Basic,Small,APAC,32,7.1,20,0,0,0,negative,3,Support
ACCT-072,TKT-862067,2024-07-17,2024-07-17 12:56:45,medium,Notifications,Phone,DevOps,Plus,Large,EMEA,27,13.62,33,0,0,0,neutral,4,Support
ACCT-035,TKT-121722,2023-06-13,2023-06-15 17:02:37,medium,Billing,Phone,Support Staff,Enterprise,Large,AMER,389,0.0,0,0,0,0,positive,7,Support
ACCT-063,TKT-775788,2023-09-21,2023-09-25 03:55:28,medium,Authentication,Email,Support Staff,Basic,Small,APAC,13,16.32,25,0,0,0,negative,4,Support
ACCT-032,TKT-380658,2023-07-15,2023-07-15 15:43:24,medium,Analytics Dashboard,Live Chat,DevOps,Enterprise,Medium,EMEA,36,2.66,19,0,0,0,neutral,5,Support
ACCT-041,TKT-930892,2023-10-25,2023-10-30 07:29:42,medium,Authentication,Web Portal,DevOps,Plus,Small,AMER,82,5.75,0,0,0,0,neutral,2,Support
ACCT-041,TKT-871889,2023-06-10,2023-06-15 14:20:52,medium,Notifications,Email,DevOps,Plus,Large,AMER,113,0.81,11,0,0,0,positive,5,Support
ACCT-011,TKT-245993,2024-05-12,2024-05-16 09:16:04,medium,Billing,Live Chat,Product Manager,Basic,Medium,APAC,10,3.99,21,0,0,0,neutral,2,Support
ACCT-048,TKT-955076,2024-10-04,2024-10-07 15:51:55,medium,Mobile App,Web Portal,Support Staff,Plus,Large,AMER,442,8.97,0,0,0,0,positive,3,Support
ACCT-020,TKT-355652,2023-11-15,2023-11-16 07:57:38,medium,Data Pipeline,Email,Support Staff,Plus,Medium,EMEA,65,6.82,69,0,0,0,negative,2,Support
ACCT-057,TKT-670019,2023-07-28,2023-07-30 09:33:36,medium,Mobile App,Phone,DevOps,Enterprise,Large,EMEA,192,1.8,0,0,0,0,negative,10,Support
ACCT-063,TKT-671098,2023-10-05,2023-10-05 05:58:44,medium,Authentication,Email,DevOps,Plus,Large,EMEA,1177,5.56,0,0,0,0,neutral,13,Support
ACCT-048,TKT-535457,2024-03-30,2024-03-30 13:08:49,medium,Data Pipeline,Phone,Support Staff,Plus,Medium,EMEA,76,6.32,4,0,0,0,neutral,1,Support
ACCT-043,TKT-337686,2023-10-24,2023-10-24 02:11:22,medium,Data Pipeline,Web Portal,DevOps,Plus,Large,EMEA,469,20.62,0,0,0,0,negative,5,Support
ACCT-072,TKT-400780,2024-08-11,2024-08-12 15:50:58,medium,Billing,Web Portal,Support Staff,Plus,Small,AMER,117,9.99,15,0,0,0,negative,3,Support
ACCT-018,TKT-820126,2024-01-18,2024-01-23 02:15:25,medium,Notifications,Web Portal,Product Manager,Plus,Medium,EMEA,79,10.71,0,0,0,0,neutral,1,Support
ACCT-029,TKT-335428,2023-09-24,2023-09-26 03:28:22,medium,Notifications,Web Portal,Support Staff,Plus,Medium,AMER,29,2.79,15,0,0,0,neutral,2,Support
ACCT-060,TKT-179995,2023-09-13,2023-09-18 13:53:38,medium,Notifications,Live Chat,DevOps,Enterprise,Medium,EMEA,63,0.71,20,0,0,0,positive,1,Support
ACCT-020,TKT-188923,2025-02-20,2025-02-21 10:34:21,medium,Notifications,Web Portal,DevOps,Enterprise,Large,APAC,203,0.13,0,0,0,0,neutral,10,Support
ACCT-076,TKT-656249,2023-07-15,2023-07-17 17:12:04,medium,Analytics Dashboard,Phone,Finance,Enterprise,Large,EMEA,190,1.64,1,0,0,0,positive,4,Support
ACCT-018,TKT-257517,2024-05-08,2024-05-10 16:34:01,medium,Analytics Dashboard,Live Chat,Finance,Plus,Large,EMEA,97,1.21,4,0,0,0,neutral,7,Support
ACCT-036,TKT-208970,2024-04-04,2024-04-06 19:52:04,medium,Authentication,Live Chat,Product Manager,Basic,Small,AMER,15,8.82,40,0,0,0,neutral,2,Support
ACCT-078,TKT-378293,2024-03-04,2024-03-09 00:41:24,medium,Analytics Dashboard,Live Chat,Support Staff,Enterprise,Large,AMER,228,2.2,0,0,0,0,negative,4,Support
ACCT-041,TKT-255863,2023-08-18,2023-08-21 20:53:17,medium,Data Pipeline,Web Portal,Support Staff,Enterprise,Medium,EMEA,82,9.41,0,0,0,0,neutral,6,Support
ACCT-041,TKT-856383,2023-10-29,2023-10-30 09:13:50,medium,Mobile App,Email,Finance,Basic,Small,APAC,2,12.45,14,0,0,1,neutral,1,Support
ACCT-102,TKT-548217,2024-10-02,2024-10-06 01:37:32,medium,Authentication,Web Portal,DevOps,Plus,Medium,EMEA,275,9.54,0,0,0,0,neutral,1,Support
ACCT-102,TKT-233730,2024-03-12,2024-03-12 16:49:22,medium,Data Pipeline,Email,Support Staff,Enterprise,Large,APAC,126,24.49,0,0,0,0,neutral,3,Support
ACCT-036,TKT-618213,2023-12-04,2023-12-07 17:11:14,medium,Authentication,Phone,Support Staff,Plus,Small,APAC,9,4.17,60,0,0,0,positive,2,Support
ACCT-024,TKT-730973,2024-08-08,2024-08-10 02:16:17,medium,Data Pipeline,Email,DevOps,Enterprise,Medium,EMEA,51,11.52,0,0,0,0,neutral,1,Support
ACCT-013,TKT-357853,2024-05-07,2024-05-07 16:15:15,medium,Analytics Dashboard,Web Portal,Support Staff,Plus,Large,EMEA,355,1.73,4,0,0,0,neutral,4,Support
ACCT-020,TKT-659699,2024-06-27,2024-06-28 19:22:00,medium,Data Pipeline,Live Chat,Support Staff,Plus,Medium,EMEA,119,6.99,6,0,0,0,neutral,5,Support
ACCT-056,TKT-503310,2024-10-17,2024-10-19 08:13:52,medium,Data Pipeline,Email,Executive,Basic,Medium,APAC,43,2.48,22,0,0,0,neutral,3,Support
ACCT-018,TKT-705947,2023-08-25,2023-08-27 14:11:08,medium,Data Pipeline,Phone,Support Staff,Plus,Large,AMER,618,6.13,0,0,0,0,neutral,7,Support
ACCT-026,TKT-103005,2024-01-11,2024-01-14 06:55:50,medium,Notifications,Phone,Support Staff,Enterprise,Large,AMER,45,0.8,5,0,0,0,negative,9,Support
ACCT-043,TKT-685498,2023-12-26,,medium,Billing,Web Portal,Product Manager,Enterprise,Large,AMER,184,0.63,0,0,0,0,positive,9,Support
ACCT-025,TKT-162471,2024-09-28,2024-10-03 14:20:50,medium,Mobile App,Web Portal,DevOps,Enterprise,Large,AMER,337,1.34,0,0,0,0,neutral,9,Support
ACCT-063,TKT-916470,2024-05-23,2024-05-24 13:19:03,medium,Billing,Email,Support Staff,Basic,Small,APAC,28,0.0,31,0,0,0,neutral,2,Support
ACCT-025,TKT-994762,2023-10-21,2023-10-22 06:43:13,medium,Analytics Dashboard,Email,DevOps,Plus,Large,EMEA,403,1.13,0,0,0,0,neutral,4,Support
ACCT-038,TKT-354276,2024-12-16,2024-12-21 20:33:34,medium,Authentication,Phone,DevOps,Basic,Medium,APAC,81,4.44,22,0,0,0,neutral,2,Support
ACCT-109,TKT-244495,2024-01-02,2024-01-06 04:10:20,medium,Analytics Dashboard,Email,Support Staff,Plus,Medium,APAC,16,3.68,24,0,0,0,neutral,4,Support
ACCT-043,TKT-495796,2023-09-29,2023-10-04 16:09:25,medium,Mobile App,Phone,DevOps,Plus,Large,EMEA,335,4.29,6,0,0,0,neutral,9,Support
ACCT-079,TKT-156710,2023-06-27,2023-06-30 05:53:28,medium,Data Pipeline,Email,Product Manager,Enterprise,Large,APAC,521,4.68,0,0,0,0,negative,5,Support
ACCT-076,TKT-978116,2023-09-17,2023-09-20 01:04:17,medium,Authentication,Email,Support Staff,Enterprise,Medium,EMEA,34,9.92,28,0,0,0,positive,3,Support
ACCT-011,TKT-482986,2025-01-29,2025-02-02 13:10:15,medium,Authentication,Email,Support Staff,Basic,Medium,APAC,66,2.12,0,0,1,0,negative,3,Support
ACCT-064,TKT-696831,2023-10-23,2023-10-23 11:07:35,medium,Notifications,Phone,Support Staff,Basic,Small,APAC,16,7.86,10,0,0,0,neutral,2,Support
ACCT-036,TKT-879677,2024-07-31,2024-07-31 17:16:11,medium,Analytics Dashboard,Email,Support Staff,Basic,Medium,APAC,57,7.4,10,0,0,0,neutral,2,Support
ACCT-038,TKT-414056,2023-10-22,2023-10-25 13:57:35,medium,Data Pipeline,Email,DevOps,Plus,Medium,APAC,283,7.29,0,0,0,0,negative,3,Support
ACCT-078,TKT-919354,2024-09-24,2024-09-25 18:36:14,medium,Data Pipeline,Email,DevOps,Plus,Medium,APAC,91,4.9,26,0,0,0,neutral,3,Support
ACCT-058,TKT-773662,2023-06-14,2023-06-15 05:57:03,medium,Authentication,Email,Support Staff,Basic,Small,APAC,28,8.24,62,0,0,0,neutral,3,Support
ACCT-043,TKT-268137,2023-07-03,2023-07-05 17:09:28,medium,Billing,Web Portal,Support Staff,Plus,Medium,EMEA,36,1.53,20,0,0,0,negative,7,Support
ACCT-041,TKT-576364,2023-06-12,2023-06-13 17:00:07,medium,Authentication,Live Chat,Support Staff,Enterprise,Medium,EMEA,78,2.75,0,0,0,0,neutral,3,Support
ACCT-026,TKT-699853,2024-12-19,2024-12-22 08:11:11,medium,Mobile App,Email,Finance,Enterprise,Large,AMER,400,3.2,0,0,0,0,neutral,8,Support
ACCT-035,TKT-264417,2024-10-26,2024-10-27 07:49:41,medium,Billing,Web Portal,Support Staff,Plus,Medium,EMEA,65,2.73,19,0,0,0,neutral,3,Support
ACCT-040,TKT-231211,2024-03-05,2024-03-10 21:12:04,medium,Billing,Web Portal,Support Staff,Plus,Medium,EMEA,203,0.45,38,0,0,0,neutral,5,Support
ACCT-043,TKT-511346,2024-01-03,2024-01-04 17:25:29,medium,Data Pipeline,Live Chat,Support Staff,Plus,Medium,EMEA,263,6.19,0,0,0,0,neutral,3,Support
ACCT-037,TKT-734475,2023-12-06,2023-12-10 03:07:58,medium,Mobile App,Email,DevOps,Plus,Medium,APAC,44,11.82,7,0,0,0,positive,3,Support
ACCT-020,TKT-428403,2023-08-19,2023-08-23 01:59:20,medium,Mobile App,Live Chat,Support Staff,Enterprise,Large,EMEA,323,3.8,4,0,0,0,negative,10,Support
ACCT-106,TKT-942362,2024-07-19,2024-07-23 04:03:37,medium,Authentication,Email,DevOps,Basic,Medium,APAC,94,4.94,0,0,0,0,neutral,3,Support
ACCT-041,TKT-213666,2024-06-15,2024-06-17 22:49:55,medium,Authentication,Web Portal,Support Staff,Enterprise,Medium,EMEA,36,2.62,23,0,0,0,neutral,5,Support
ACCT-109,TKT-987734,2023-09-15,2023-09-15 11:01:32,medium,Analytics Dashboard,Web Portal,Product Manager,Plus,Large,EMEA,231,6.18,12,0,0,0,neutral,7,Support
ACCT-025,TKT-667875,2024-05-09,2024-05-09 06:43:34,medium,Analytics Dashboard,Phone,Executive,Plus,Large,AMER,310,6.4,3,0,0,0,negative,7,Support
ACCT-010,TKT-893270,2023-09-18,2023-09-18 09:57:58,medium,Notifications,Web Portal,Finance,Plus,Medium,EMEA,13,4.24,48,0,0,0,neutral,4,Support
ACCT-073,TKT-133939,2024-04-12,2024-04-12 20:40:44,medium,Authentication,Live Chat,Executive,Enterprise,Large,EMEA,87,7.68,0,0,0,0,positive,6,Support
ACCT-060,TKT-692232,2024-02-02,2024-02-03 04:15:28,medium,Data Pipeline,Email,Support Staff,Enterprise,Medium,EMEA,95,1.46,17,0,0,0,neutral,4,Support
ACCT-037,TKT-147899,2023-07-16,2023-07-18 12:01:58,medium,Mobile App,Live Chat,Finance,Basic,Medium,APAC,31,5.16,23,0,0,0,neutral,3,Support
ACCT-043,TKT-108890,2023-07-20,2023-07-21 08:40:09,medium,Notifications,Live Chat,DevOps,Plus,Medium,AMER,42,2.21,12,0,0,0,positive,2,Support
ACCT-058,TKT-624514,2024-05-31,2024-06-03 14:32:37,medium,Mobile App,Email,DevOps,Plus,Medium,EMEA,86,10.47,0,0,0,0,negative,0,Support
ACCT-076,TKT-473122,2023-12-17,2023-12-18 08:39:30,medium,Mobile App,Email,Product Manager,Enterprise,Large,AMER,200,2.18,2,0,0,0,neutral,8,Support
ACCT-063,TKT-527070,2023-10-11,2023-10-14 06:51:54,medium,Data Pipeline,Web Portal,DevOps,Enterprise,Medium,EMEA,39,9.21,0,0,0,0,neutral,4,Support
ACCT-065,TKT-257482,2024-10-28,2024-10-28 13:00:44,medium,Authentication,Live Chat,Support Staff,Plus,Large,AMER,1786,8.02,0,0,0,0,negative,9,Support
ACCT-060,TKT-714841,2023-06-25,2023-06-27 14:58:22,medium,Authentication,Live Chat,Product Manager,Enterprise,Large,AMER,323,10.61,0,0,0,0,negative,3,Support
ACCT-076,TKT-585602,2023-07-09,2023-07-10 06:16:32,medium,Notifications,Live Chat,Product Manager,Enterprise,Large,EMEA,282,0.51,0,0,0,0,neutral,6,Support
ACCT-108,TKT-853362,2023-08-20,2023-08-24 16:36:58,medium,Data Pipeline,Live Chat,Support Staff,Enterprise,Medium,EMEA,19,5.82,52,0,0,0,neutral,2,Support
ACCT-052,TKT-785999,2024-01-24,2024-01-28 16:25:23,medium,Notifications,Web Portal,Support Staff,Plus,Large,EMEA,24,2.24,51,0,0,0,neutral,6,Support
ACCT-043,TKT-625986,2023-10-23,2023-10-26 17:24:22,medium,Mobile App,Live Chat,Support Staff,Plus,Small,AMER,11,4.82,27,0,0,0,neutral,1,Support
ACCT-072,TKT-648706,2024-11-10,2024-11-16 09:38:11,medium,Authentication,Live Chat,Support Staff,Basic,Small,AMER,7,7.43,28,0,0,0,neutral,1,Support
ACCT-030,TKT-404969,2024-05-15,2024-05-16 22:29:44,medium,Authentication,Live Chat,DevOps,Enterprise,Medium,EMEA,141,2.1,0,0,0,0,negative,1,Support
ACCT-011,TKT-141956,2024-06-03,2024-06-05 19:41:46,medium,Notifications,Web Portal,Support Staff,Basic,Small,APAC,4,12.51,41,0,0,0,neutral,0,Support
ACCT-036,TKT-736356,2024-07-01,2024-07-02 01:24:47,medium,Analytics Dashboard,Web Portal,DevOps,Plus,Medium,APAC,67,1.84,7,0,0,0,neutral,5,Support
ACCT-043,TKT-621690,2023-08-16,2023-08-21 14:30:23,medium,Mobile App,Email,DevOps,Basic,Medium,APAC,25,4.19,7,0,0,0,positive,5,Support
ACCT-053,TKT-424578,2023-09-08,2023-09-11 23:45:58,medium,Analytics Dashboard,Email,Product Manager,Enterprise,Large,AMER,244,5.86,0,0,0,0,neutral,10,Support
ACCT-085,TKT-191401,2024-12-12,2024-12-16 12:30:22,medium,Mobile App,Web Portal,DevOps,Plus,Large,EMEA,236,0.0,34,0,0,0,negative,7,Support
ACCT-043,TKT-409967,2024-10-23,2024-10-23 12:25:10,medium,Authentication,Email,Support Staff,Basic,Small,AMER,9,8.12,54,0,0,0,neutral,2,Support
ACCT-058,TKT-470533,2023-11-13,2023-11-13 10:12:24,medium,Billing,Web Portal,Support Staff,Basic,Small,APAC,5,4.92,6,1,0,0,negative,2,Support
ACCT-024,TKT-583122,2023-08-31,2023-08-31 10:27:30,medium,Authentication,Web Portal,Support Staff,Basic,Small,APAC,8,6.16,46,0,0,0,negative,6,Support
ACCT-004,TKT-900216,2024-02-20,2024-02-26 04:45:29,medium,Authentication,Web Portal,DevOps,Basic,Small,APAC,62,9.26,0,0,0,0,negative,3,Support
ACCT-023,TKT-229988,2024-08-26,2024-08-28 23:20:04,medium,Data Pipeline,Web Portal,Finance,Plus,Medium,AMER,24,13.28,49,0,0,0,neutral,2,Support
ACCT-072,TKT-400548,2025-01-03,2025-01-05 03:03:55,medium,Authentication,Web Portal,Support Staff,Basic,Small,AMER,5,21.77,16,0,0,0,negative,3,Support
ACCT-041,TKT-813644,2024-07-15,2024-07-16 18:20:21,medium,Notifications,Live Chat,Product Manager,Enterprise,Large,AMER,543,2.58,0,0,0,0,neutral,8,Support
ACCT-083,TKT-754974,2023-10-11,2023-10-12 21:45:58,medium,Authentication,Web Portal,Support Staff,Plus,Medium,APAC,51,3.51,17,0,0,0,negative,3,Support
ACCT-115,TKT-630519,2024-04-17,2024-04-18 14:38:07,medium,Authentication,Email,Support Staff,Basic,Small,AMER,14,5.42,20,0,0,0,neutral,1,Support
ACCT-037,TKT-815711,2024-09-03,2024-09-04 03:39:11,medium,Billing,Email,Support Staff,Enterprise,Medium,EMEA,35,3.63,20,0,0,0,neutral,2,Support
ACCT-058,TKT-877039,2023-07-14,2023-07-16 19:18:58,medium,Analytics Dashboard,Phone,Support Staff,Plus,Large,EMEA,47,0.8,23,0,0,0,,4,Support
ACCT-076,TKT-262070,2024-02-06,2024-02-09 06:25:47,medium,Mobile App,Email,DevOps,Plus,Small,AMER,12,3.57,25,0,0,0,neutral,3,Support
ACCT-080,TKT-518675,2023-09-16,2023-09-17 06:19:41,medium,Authentication,Web Portal,Support Staff,Plus,Medium,APAC,67,3.7,19,0,0,0,negative,1,Support
ACCT-104,TKT-801655,2023-08-14,2023-08-14 23:54:59,medium,Billing,Email,Support Staff,Basic,Small,APAC,13,6.93,36,0,0,0,positive,4,Support
ACCT-078,TKT-661109,2023-09-04,2023-09-05 12:06:16,medium,Authentication,Email,Finance,Basic,Small,APAC,11,3.79,22,0,0,0,neutral,3,Support
ACCT-082,TKT-213611,2024-09-19,2024-09-19 13:42:48,medium,Analytics Dashboard,Web Portal,Executive,Plus,Medium,EMEA,7,2.38,23,0,0,0,positive,5,Support
ACCT-041,TKT-444688,2024-07-11,2024-07-14 17:18:10,medium,Analytics Dashboard,Email,Product Manager,Enterprise,Medium,EMEA,67,1.09,9,0,0,0,negative,3,Support
ACCT-060,TKT-609917,2023-08-06,2023-08-07 08:56:11,medium,Analytics Dashboard,Live Chat,Product Manager,Plus,Large,EMEA,61,1.09,14,0,0,0,neutral,3,Support
ACCT-018,TKT-391897,2024-01-04,2024-01-07 06:48:37,medium,Data Pipeline,Web Portal,DevOps,Enterprise,Medium,EMEA,192,11.78,0,0,0,0,positive,3,Support
ACCT-059,TKT-592796,2024-09-08,2024-09-08 07:41:22,medium,Notifications,Email,Support Staff,Basic,Medium,APAC,22,14.53,16,0,0,0,neutral,4,Support
ACCT-078,TKT-132844,2023-10-28,2023-10-30 21:57:07,medium,Authentication,Web Portal,Support Staff,Enterprise,Medium,EMEA,179,6.28,0,0,0,0,neutral,4,Support
ACCT-060,TKT-947808,2025-02-05,2025-02-08 18:19:34,medium,Data Pipeline,Live Chat,Support Staff,Enterprise,Large,EMEA,144,6.31,0,0,0,0,neutral,6,Support
ACCT-018,TKT-323787,2024-06-05,2024-06-08 21:00:48,medium,Notifications,Email,Support Staff,Basic,Small,APAC,4,5.32,37,0,0,0,neutral,5,Support
ACCT-053,TKT-895466,2023-07-26,2023-07-26 22:50:55,medium,Billing,Phone,Support Staff,Enterprise,Medium,EMEA,50,2.5,0,1,0,0,,1,Support
ACCT-062,TKT-187651,2024-08-07,2024-08-08 04:19:22,medium,Authentication,Live Chat,DevOps,Plus,Medium,EMEA,3,13.04,17,0,0,0,neutral,4,Support
ACCT-020,TKT-412828,2023-10-24,2023-10-24 10:17:58,medium,Mobile App,Live Chat,Support Staff,Basic,Medium,APAC,145,2.02,11,0,0,0,positive,2,Support
ACCT-041,TKT-802173,2024-09-05,2024-09-09 13:21:20,medium,Data Pipeline,Web Portal,Support Staff,Enterprise,Medium,EMEA,189,3.83,0,0,0,0,negative,3,Support
ACCT-041,TKT-549350,2024-02-21,2024-02-21 20:20:48,medium,Analytics Dashboard,Web Portal,DevOps,Plus,Medium,APAC,45,1.05,13,0,0,0,neutral,1,Support
ACCT-064,TKT-308252,2024-05-16,2024-05-21 16:42:47,medium,Data Pipeline,Email,DevOps,Plus,Large,EMEA,1134,9.73,0,0,0,0,neutral,1,Support
ACCT-045,TKT-661519,2024-05-23,2024-05-28 08:36:47,medium,Analytics Dashboard,Live Chat,DevOps,Plus,Large,EMEA,132,1.17,21,0,0,0,negative,10,Support
ACCT-041,TKT-826559,2023-11-12,2023-11-17 17:40:39,medium,Billing,Web Portal,Product Manager,Plus,Small,AMER,8,2.53,27,0,0,0,negative,6,Support
ACCT-041,TKT-921110,2025-01-05,,medium,Billing,Web Portal,Support Staff,Plus,Small,AMER,17,3.91,0,1,0,0,negative,2,Support
ACCT-043,TKT-706590,2025-02-01,2025-02-01 21:39:47,medium,Notifications,Live Chat,DevOps,Plus,Medium,AMER,30,3.42,26,0,0,0,neutral,3,Support
ACCT-076,TKT-963506,2025-02-21,2025-02-21 16:49:06,medium,Analytics Dashboard,Email,Support Staff,Plus,Large,AMER,477,0.5,5,0,0,0,neutral,10,Support
ACCT-101,TKT-254650,2024-04-20,2024-04-20 05:04:20,medium,Analytics Dashboard,Email,Product Manager,Enterprise,Medium,EMEA,51,1.36,10,0,0,0,negative,4,Support
ACCT-038,TKT-806682,2024-10-24,2024-10-28 11:47:05,medium,Billing,Live Chat,DevOps,Basic,Small,APAC,49,0.26,29,0,0,0,neutral,1,Support
ACCT-025,TKT-572445,2024-07-21,2024-07-22 03:39:02,medium,Mobile App,Email,Support Staff,Plus,Small,AMER,50,1.15,41,0,0,0,neutral,2,Support
ACCT-021,TKT-706472,2023-10-07,2023-10-09 21:08:53,medium,Authentication,Live Chat,DevOps,Plus,Small,AMER,111,2.87,20,0,0,0,neutral,2,Support
ACCT-041,TKT-296772,2023-09-08,2023-09-08 07:31:51,medium,Authentication,Phone,Finance,Enterprise,Large,AMER,488,1.72,0,0,0,0,neutral,9,Support
ACCT-076,TKT-730134,2024-08-04,2024-08-07 05:56:20,medium,Authentication,Email,Finance,Plus,Medium,EMEA,138,1.54,17,0,0,0,neutral,0,Support
ACCT-078,TKT-300444,2024-06-21,2024-06-21 23:16:36,medium,Analytics Dashboard,Email,Executive,Plus,Large,EMEA,314,0.9,3,0,0,0,neutral,4,Support
ACCT-053,TKT-481466,2025-01-11,2025-01-16 13:21:52,medium,Authentication,Web Portal,DevOps,Enterprise,Large,AMER,18,16.97,0,0,0,0,neutral,11,Support
ACCT-020,TKT-958837,2023-06-17,2023-06-18 07:25:39,medium,Notifications,Web Portal,Executive,Plus,Medium,EMEA,50,8.5,0,0,0,0,negative,1,Support
ACCT-025,TKT-578148,2023-10-06,2023-10-09 06:21:57,medium,Authentication,Web Portal,Support Staff,Plus,Medium,EMEA,184,4.74,7,0,0,0,neutral,2,Support
ACCT-073,TKT-668817,2024-07-28,2024-07-29 18:28:59,medium,Data Pipeline,Web Portal,Product Manager,Plus,Medium,APAC,97,8.95,0,0,0,0,neutral,3,Support
ACCT-035,TKT-218887,2024-08-10,2024-08-12 07:07:27,medium,Notifications,Live Chat,Support Staff,Plus,Medium,APAC,33,8.16,4,0,0,0,negative,3,Support
ACCT-043,TKT-679604,2023-11-28,2023-11-29 23:44:57,medium,Analytics Dashboard,Live Chat,Product Manager,Enterprise,Large,AMER,156,1.08,7,0,0,0,neutral,8,Support
ACCT-077,TKT-398873,2025-01-30,2025-01-30 18:25:16,medium,Mobile App,Email,Product Manager,Enterprise,Medium,EMEA,58,2.93,6,0,0,0,neutral,4,Support
ACCT-038,TKT-998626,2024-08-21,2024-08-23 21:07:22,medium,Analytics Dashboard,Web Portal,Support Staff,Enterprise,Medium,EMEA,125,0.41,3,0,0,0,neutral,4,Support
ACCT-034,TKT-208854,2023-09-10,2023-09-16 12:52:09,medium,Data Pipeline,Web Portal,Support Staff,Basic,Small,APAC,10,3.06,9,0,0,1,neutral,5,Support
ACCT-083,TKT-531257,2023-08-31,2023-09-02 23:14:32,medium,Billing,Web Portal,Support Staff,Plus,Large,EMEA,309,5.85,0,0,0,0,neutral,9,Support
ACCT-076,TKT-671194,2023-09-15,2023-09-17 03:59:59,medium,Analytics Dashboard,Live Chat,DevOps,Plus,Medium,APAC,36,4.55,13,0,0,0,neutral,3,Support
ACCT-032,TKT-945016,2023-09-11,2023-09-13 21:02:39,medium,Data Pipeline,Live Chat,Finance,Plus,Large,AMER,1620,4.16,0,0,0,0,negative,10,Support
ACCT-074,TKT-322162,2023-07-04,2023-07-07 01:46:21,medium,Billing,Web Portal,Support Staff,Plus,Medium,EMEA,160,3.17,13,0,0,0,negative,1,Support
ACCT-076,TKT-220063,2024-01-15,2024-01-18 18:47:15,medium,Authentication,Web Portal,Support Staff,Basic,Small,APAC,25,3.6,6,0,0,0,negative,2,Support
ACCT-024,TKT-467645,2023-12-18,2023-12-22 10:02:39,medium,Mobile App,Web Portal,Support Staff,Basic,Small,EMEA,14,10.12,25,0,0,0,negative,3,Support
ACCT-072,TKT-838024,2024-09-18,2024-09-19 18:45:16,medium,Billing,Email,DevOps,Enterprise,Large,AMER,884,0.0,0,0,0,0,positive,8,Support
ACCT-026,TKT-334814,2024-07-10,2024-07-10 03:58:54,medium,Mobile App,Live Chat,DevOps,Plus,Large,EMEA,477,4.64,0,0,0,0,neutral,5,Support
ACCT-031,TKT-377347,2024-11-01,2024-11-02 05:38:42,medium,Data Pipeline,Live Chat,Product Manager,Plus,Medium,EMEA,150,10.77,0,0,0,0,negative,4,Support
ACCT-018,TKT-534861,2024-04-10,2024-04-14 06:18:21,medium,Notifications,Live Chat,Support Staff,Plus,Large,AMER,237,1.72,20,0,0,0,neutral,6,Support
ACCT-021,TKT-134261,2024-02-03,2024-02-03 03:12:16,medium,Data Pipeline,Live Chat,DevOps,Plus,Large,AMER,525,13.01,0,0,0,0,negative,6,Support
ACCT-104,TKT-981610,2023-06-16,2023-06-16 06:32:21,medium,Mobile App,Phone,DevOps,Enterprise,Large,AMER,280,8.56,0,0,0,0,,2,Support
ACCT-041,TKT-451367,2024-11-13,2024-11-17 02:39:19,medium,Analytics Dashboard,Live Chat,DevOps,Enterprise,Medium,EMEA,63,4.2,8,0,0,0,neutral,2,Support
ACCT-048,TKT-353578,2023-11-22,2023-11-27 14:57:58,medium,Mobile App,Web Portal,DevOps,Enterprise,Large,AMER,266,1.93,0,0,0,0,negative,2,Support
ACCT-076,TKT-775738,2024-12-21,2024-12-26 21:23:07,medium,Data Pipeline,Email,Product Manager,Plus,Medium,EMEA,72,1.37,10,0,0,0,neutral,3,Support
ACCT-021,TKT-705923,2024-07-07,2024-07-11 04:18:56,medium,Notifications,Email,Support Staff,Plus,Medium,APAC,59,9.69,3,0,0,0,neutral,1,Support
ACCT-009,TKT-863481,2024-08-13,2024-08-13 15:26:00,medium,Authentication,Web Portal,Support Staff,Basic,Small,APAC,7,14.01,22,0,0,0,neutral,1,Support
ACCT-018,TKT-266140,2023-11-25,2023-11-26 17:42:43,medium,Notifications,Email,Support Staff,Enterprise,Medium,EMEA,49,10.61,22,0,0,0,neutral,4,Support
ACCT-035,TKT-232466,2024-08-21,2024-08-22 00:39:09,medium,Notifications,Live Chat,Support Staff,Basic,Small,APAC,25,8.52,33,0,0,0,negative,4,Support
ACCT-085,TKT-511054,2024-10-29,2024-10-29 14:31:00,medium,Authentication,Live Chat,Support Staff,Enterprise,Large,AMER,519,1.9,0,0,0,0,neutral,7,Support
ACCT-041,TKT-438065,2024-02-22,2024-02-26 06:04:23,medium,Notifications,Web Portal,Support Staff,Basic,Medium,APAC,21,5.16,7,0,0,0,negative,5,Support
ACCT-101,TKT-112098,2023-12-26,2023-12-26 12:20:44,medium,Billing,Live Chat,Support Staff,Enterprise,Medium,EMEA,50,1.45,14,0,0,0,neutral,8,Support
ACCT-024,TKT-670081,2025-01-28,2025-01-28 17:33:55,medium,Mobile App,Live Chat,Support Staff,Plus,Large,EMEA,202,2.19,12,0,0,0,neutral,2,Support
ACCT-041,TKT-869832,2023-08-20,2023-08-22 13:02:03,medium,Analytics Dashboard,Email,Support Staff,Plus,Large,AMER,1590,0.44,0,0,0,0,neutral,12,Support
ACCT-072,TKT-915361,2023-10-12,2023-10-18 02:56:53,medium,Authentication,Web Portal,DevOps,Basic,Small,APAC,15,8.12,49,0,0,0,positive,2,Support
ACCT-025,TKT-332527,2024-06-01,2024-06-01 20:34:16,medium,Billing,Email,DevOps,Basic,Small,APAC,24,0.71,9,1,0,0,neutral,2,Support
ACCT-076,TKT-861593,2024-03-31,2024-03-31 21:13:54,medium,Billing,Web Portal,Product Manager,Basic,Small,EMEA,8,6.99,17,0,0,0,neutral,2,Support
ACCT-060,TKT-388321,2024-06-22,2024-06-25 17:40:22,medium,Authentication,Web Portal,Support Staff,Basic,Small,AMER,15,4.62,51,0,0,0,neutral,2,Support
ACCT-107,TKT-769396,2023-08-24,2023-08-29 06:19:02,medium,Mobile App,Email,DevOps,Enterprise,Large,AMER,280,1.64,0,0,0,0,neutral,10,Support
ACCT-076,TKT-724840,2025-01-14,2025-01-18 12:22:22,medium,Analytics Dashboard,Phone,DevOps,Enterprise,Large,AMER,27,2.53,13,0,0,0,neutral,4,Support
ACCT-064,TKT-289401,2023-10-04,2023-10-04 13:32:12,medium,Authentication,Email,Support Staff,Basic,Small,EMEA,17,5.87,25,0,0,0,neutral,3,Support
ACCT-020,TKT-979037,2023-09-04,2023-09-04 10:59:21,medium,Mobile App,Phone,Finance,Plus,Large,AMER,177,4.79,0,0,0,0,neutral,7,Support
ACCT-037,TKT-123023,2023-12-30,2023-12-31 16:24:55,medium,Authentication,Web Portal,Product Manager,Plus,Large,EMEA,780,7.07,0,0,0,0,neutral,4,Support
ACCT-039,TKT-180019,2024-07-28,2024-07-28 10:39:56,medium,Analytics Dashboard,Email,Support Staff,Enterprise,Medium,EMEA,75,0.8,12,0,0,0,negative,1,Support
ACCT-041,TKT-428817,2024-01-02,2024-01-05 04:35:51,medium,Billing,Web Portal,Support Staff,Enterprise,Large,AMER,45,2.37,0,1,0,0,negative,5,Support
ACCT-041,TKT-110632,2024-09-04,2024-09-08 00:28:36,medium,Data Pipeline,Web Portal,DevOps,Enterprise,Medium,EMEA,8,1.7,80,0,0,0,neutral,4,Support
ACCT-048,TKT-996332,2023-11-30,2023-12-03 00:38:20,medium,Authentication,Web Portal,Support Staff,Basic,Small,APAC,6,7.9,21,0,0,0,neutral,3,Support
ACCT-044,TKT-463629,2023-07-03,2023-07-03 14:24:55,medium,Billing,Web Portal,DevOps,Enterprise,Large,APAC,129,1.04,0,0,0,0,neutral,7,Support
ACCT-013,TKT-105258,2024-10-08,2024-10-14 12:20:41,medium,Mobile App,Email,Executive,Plus,Medium,EMEA,55,4.4,0,0,0,0,neutral,2,Support
ACCT-041,TKT-227500,2023-11-10,2023-11-12 06:57:22,medium,Mobile App,Live Chat,DevOps,Enterprise,Medium,EMEA,6,17.13,19,0,0,0,neutral,3,Support
ACCT-035,TKT-643157,2023-12-15,2023-12-17 17:24:35,medium,Notifications,Email,Support Staff,Basic,Small,APAC,41,6.5,42,0,0,0,neutral,3,Support
ACCT-024,TKT-482615,2024-11-06,2024-11-09 16:04:49,medium,Analytics Dashboard,Web Portal,Product Manager,Plus,Large,AMER,35,0.9,12,0,0,0,neutral,10,Support
ACCT-083,TKT-245295,2023-09-26,2023-09-30 19:56:27,medium,Notifications,Web Portal,Finance,Plus,Medium,AMER,41,3.95,2,0,0,0,neutral,0,Support
ACCT-060,TKT-232729,2024-01-12,2024-01-12 11:30:21,medium,Authentication,Email,DevOps,Enterprise,Medium,EMEA,34,10.99,0,0,0,0,neutral,1,Support
ACCT-035,TKT-196437,2024-03-01,2024-03-02 04:41:19,medium,Billing,Live Chat,Support Staff,Enterprise,Medium,EMEA,131,1.24,14,0,0,0,negative,4,Support
ACCT-035,TKT-589730,2024-05-22,2024-05-25 07:40:56,medium,Billing,Web Portal,Executive,Basic,Small,AMER,0,9.51,39,0,0,0,neutral,1,Support
ACCT-036,TKT-302432,2024-10-20,2024-10-21 21:14:47,medium,Mobile App,Email,DevOps,Enterprise,Large,AMER,127,2.63,0,0,0,0,positive,4,Support
ACCT-063,TKT-852244,2024-02-12,2024-02-12 19:20:39,medium,Authentication,Web Portal,DevOps,Basic,Small,AMER,29,7.63,25,0,0,0,neutral,4,Support
ACCT-077,TKT-931681,2024-03-14,2024-03-19 16:04:52,medium,Data Pipeline,Phone,Executive,Plus,Large,AMER,14,7.28,9,0,0,0,neutral,5,Support
ACCT-036,TKT-857135,2025-01-22,2025-01-23 08:22:25,medium,Data Pipeline,Live Chat,Executive,Enterprise,Medium,EMEA,106,7.29,0,0,0,0,negative,4,Support
ACCT-006,TKT-725297,2024-10-12,2024-10-13 20:57:53,medium,Data Pipeline,Email,DevOps,Plus,Large,EMEA,695,3.42,0,0,0,0,negative,6,Support
ACCT-025,TKT-736795,2024-03-05,2024-03-09 01:51:42,medium,Notifications,Live Chat,Product Manager,Plus,Small,APAC,2,7.39,74,0,0,0,neutral,1,Support
ACCT-035,TKT-492125,2024-06-27,2024-06-28 20:30:50,medium,Billing,Live Chat,Finance,Basic,Small,APAC,4,0.0,9,1,0,0,neutral,2,Support
ACCT-060,TKT-636196,2023-08-05,2023-08-06 22:42:25,medium,Analytics Dashboard,Phone,Support Staff,Basic,Medium,APAC,52,0.81,21,0,0,0,neutral,0,Support
ACCT-059,TKT-966843,2024-02-15,2024-02-17 14:56:02,medium,Data Pipeline,Web Portal,Support Staff,Plus,Large,AMER,794,6.6,0,0,0,0,neutral,6,Support
ACCT-020,TKT-288643,2024-11-25,2024-11-26 12:26:27,medium,Billing,Web Portal,DevOps,Enterprise,Large,AMER,841,0.0,0,0,0,0,neutral,3,Support
ACCT-010,TKT-357234,2024-04-26,2024-04-27 20:31:19,medium,Billing,Web Portal,Product Manager,Plus,Medium,EMEA,54,0.21,21,0,0,0,neutral,2,Support
ACCT-035,TKT-252085,2023-08-14,2023-08-14 23:11:19,medium,Authentication,Web Portal,Finance,Basic,Small,AMER,23,21.33,0,0,0,0,neutral,3,Support
ACCT-036,TKT-111430,2024-04-17,2024-04-17 14:51:33,medium,Notifications,Email,DevOps,Plus,Medium,EMEA,31,2.38,61,0,0,0,neutral,1,Support
ACCT-060,TKT-437181,2024-05-02,2024-05-02 23:03:31,medium,Data Pipeline,Live Chat,Support Staff,Plus,Medium,AMER,16,6.7,30,0,0,0,neutral,3,Support
ACCT-010,TKT-731035,2024-01-25,2024-01-27 11:46:24,medium,Billing,Live Chat,Support Staff,Basic,Medium,APAC,20,1.14,49,0,0,0,positive,2,Support
ACCT-035,TKT-391554,2024-01-04,2024-01-06 07:36:35,medium,Notifications,Web Portal,Executive,Plus,Medium,APAC,4,8.51,21,0,0,0,negative,2,Support
ACCT-020,TKT-803956,2025-02-12,2025-02-17 10:06:36,medium,Billing,Email,DevOps,Enterprise,Medium,EMEA,31,3.29,27,0,0,0,positive,4,Support
ACCT-017,TKT-815267,2023-08-16,2023-08-18 13:18:13,medium,Authentication,Live Chat,DevOps,Plus,Medium,EMEA,50,5.52,47,0,0,0,neutral,3,Support
ACCT-020,TKT-306698,2024-08-19,2024-08-20 08:59:08,medium,Authentication,Email,Finance,Enterprise,Large,APAC,296,7.66,0,0,0,0,neutral,7,Support
ACCT-115,TKT-387745,2023-07-21,2023-07-24 23:23:49,medium,Notifications,Email,Support Staff,Enterprise,Large,AMER,128,12.52,0,0,0,0,neutral,8,Support
ACCT-036,TKT-730645,2024-08-05,2024-08-05 14:35:38,medium,Mobile App,Phone,DevOps,Enterprise,Large,AMER,559,2.58,0,0,0,0,positive,11,Support
ACCT-041,TKT-122301,2024-04-30,2024-05-02 15:28:56,medium,Mobile App,Web Portal,Support Staff,Plus,Large,EMEA,87,3.21,3,0,0,0,neutral,4,Support
ACCT-072,TKT-703726,2024-03-18,2024-03-18 05:33:58,medium,Analytics Dashboard,Web Portal,Support Staff,Basic,Medium,APAC,116,1.65,10,0,0,0,negative,6,Support
ACCT-011,TKT-982526,2023-06-05,2023-06-09 23:24:39,medium,Mobile App,Email,Product Manager,Plus,Medium,EMEA,33,2.55,8,0,0,0,negative,3,Support
ACCT-041,TKT-653138,2024-07-17,2024-07-17 07:34:38,medium,Notifications,Phone,Support Staff,Enterprise,Medium,EMEA,19,12.23,14,0,0,0,neutral,2,Support
ACCT-053,TKT-592718,2023-07-11,,medium,Authentication,Email,DevOps,Plus,Large,EMEA,605,1.92,10,0,0,0,neutral,10,Support
ACCT-060,TKT-415619,2023-09-06,2023-09-10 04:34:22,medium,Authentication,Web Portal,DevOps,Plus,Medium,EMEA,547,12.53,0,0,0,0,neutral,1,Support
ACCT-078,TKT-183641,2024-03-08,2024-03-09 08:55:37,medium,Authentication,Web Portal,DevOps,Basic,Small,EMEA,12,2.66,29,0,0,0,positive,2,Support
ACCT-035,TKT-149359,2024-12-21,2024-12-24 18:23:46,medium,Authentication,Web Portal,Product Manager,Basic,Small,EMEA,45,4.58,24,0,0,0,neutral,5,Support
ACCT-076,TKT-617300,2024-07-07,2024-07-08 07:05:07,medium,Analytics Dashboard,Email,Product Manager,Plus,Large,EMEA,329,2.91,0,0,0,0,neutral,3,Support
ACCT-077,TKT-207734,2023-10-03,2023-10-07 07:14:47,medium,Analytics Dashboard,Email,Finance,Basic,Medium,APAC,37,1.25,22,0,0,0,neutral,2,Support
ACCT-004,TKT-245473,2023-06-30,2023-07-01 00:00:20,medium,Mobile App,Live Chat,Support Staff,Plus,Large,AMER,265,0.6,6,0,0,0,negative,10,Support
ACCT-043,TKT-859434,2023-09-16,2023-09-22 10:51:43,medium,Notifications,Web Portal,Support Staff,Plus,Large,EMEA,788,1.51,16,0,0,0,neutral,4,Support
ACCT-114,TKT-859282,2024-08-20,2024-08-21 00:13:18,medium,Analytics Dashboard,Email,Support Staff,Plus,Large,EMEA,266,4.37,0,0,0,0,negative,10,Support
ACCT-083,TKT-105181,2024-06-12,2024-06-16 01:54:37,medium,Authentication,Web Portal,DevOps,Basic,Small,APAC,8,17.86,17,0,0,0,neutral,0,Support
ACCT-043,TKT-216185,2023-07-24,2023-07-25 03:21:16,medium,Authentication,Email,DevOps,Plus,Large,EMEA,758,0.59,9,0,0,0,neutral,1,Support
ACCT-034,TKT-445326,2023-07-20,2023-07-25 10:25:10,medium,Billing,Email,Support Staff,Enterprise,Medium,EMEA,32,6.18,30,0,0,0,positive,5,Support
ACCT-112,TKT-832603,2025-02-17,2025-02-20 21:22:58,medium,Mobile App,Web Portal,Finance,Basic,Small,APAC,8,7.6,31,0,0,0,neutral,1,Support
ACCT-072,TKT-225725,2023-11-22,2023-11-27 03:11:30,medium,Authentication,Email,Support Staff,Plus,Small,APAC,5,5.12,43,0,0,0,neutral,2,Support
ACCT-060,TKT-712505,2023-10-08,2023-10-09 09:08:21,medium,Mobile App,Live Chat,Support Staff,Plus,Medium,AMER,36,5.79,19,0,0,0,neutral,1,Support
ACCT-076,TKT-647108,2024-07-28,2024-07-30 21:30:05,medium,Notifications,Live Chat,Product Manager,Basic,Small,AMER,8,2.65,32,0,0,0,neutral,4,Support
ACCT-110,TKT-613911,2024-11-22,2024-11-23 01:32:44,medium,Data Pipeline,Web Portal,Product Manager,Basic,Medium,APAC,92,8.05,3,0,0,0,neutral,3,Support
ACCT-076,TKT-336800,2024-03-14,2024-03-15 09:23:41,medium,Notifications,Phone,Support Staff,Plus,Medium,EMEA,38,0.66,27,0,0,0,neutral,2,Support
ACCT-018,TKT-186816,2023-09-03,2023-09-04 03:44:48,medium,Data Pipeline,Web Portal,Support Staff,Plus,Medium,APAC,110,2.9,10,0,0,0,neutral,1,Support
ACCT-041,TKT-791515,2024-05-27,2024-05-29 11:23:18,medium,Analytics Dashboard,Web Portal,Executive,Enterprise,Medium,EMEA,115,1.18,0,0,0,0,neutral,5,Support
ACCT-022,TKT-618631,2023-12-28,2023-12-31 05:43:10,medium,Authentication,Web Portal,Support Staff,Basic,Small,AMER,20,7.31,45,0,0,0,negative,3,Support
ACCT-075,TKT-590891,2023-08-01,2023-08-01 22:56:20,medium,Notifications,Live Chat,DevOps,Plus,Large,AMER,45,1.0,14,0,0,0,neutral,3,Support
ACCT-035,TKT-318797,2024-06-29,2024-06-29 20:41:40,medium,Authentication,Live Chat,Support Staff,Basic,Small,APAC,6,9.38,13,0,0,0,neutral,2,Support
ACCT-041,TKT-428580,2025-01-25,2025-01-28 16:11:16,medium,Data Pipeline,Live Chat,Support Staff,Enterprise,Medium,EMEA,195,5.7,0,0,0,0,negative,3,Support
ACCT-036,TKT-988990,2024-04-15,2024-04-18 07:44:50,medium,Authentication,Phone,Support Staff,Plus,Large,AMER,261,6.46,0,0,0,0,,3,Support
ACCT-041,TKT-481308,2024-10-29,2024-10-29 13:24:51,medium,Billing,Phone,Finance,Enterprise,Medium,EMEA,122,1.8,0,0,0,0,neutral,2,Support
ACCT-041,TKT-638406,2024-06-29,2024-07-04 22:11:15,medium,Mobile App,Web Portal,DevOps,Plus,Medium,AMER,44,8.2,19,0,0,0,positive,1,Support
ACCT-083,TKT-391334,2023-12-25,2023-12-28 19:19:58,medium,Notifications,Live Chat,Product Manager,Plus,Small,AMER,13,9.25,33,0,0,0,negative,4,Support
ACCT-011,TKT-705282,2024-08-07,2024-08-07 18:33:31,medium,Notifications,Live Chat,DevOps,Plus,Large,EMEA,231,1.39,22,0,0,0,positive,7,Support
ACCT-018,TKT-881216,2023-09-13,2023-09-13 17:03:17,medium,Notifications,Email,Product Manager,Enterprise,Medium,EMEA,47,10.24,0,0,0,0,neutral,2,Support
ACCT-041,TKT-296114,2023-09-21,2023-09-22 01:32:57,medium,Notifications,Email,Support Staff,Plus,Small,AMER,7,10.05,11,0,0,0,neutral,2,Support
ACCT-036,TKT-574628,2024-02-29,2024-02-29 06:46:50,medium,Mobile App,Live Chat,DevOps,Plus,Large,AMER,385,3.27,0,0,0,0,neutral,9,Support
ACCT-041,TKT-188150,2024-05-26,2024-05-27 03:54:54,medium,Authentication,Web Portal,Support Staff,Enterprise,Large,AMER,307,8.26,0,0,0,0,negative,9,Support
ACCT-072,TKT-626584,2024-05-28,2024-05-29 20:44:53,medium,Authentication,Email,Support Staff,Plus,Small,APAC,24,13.5,39,0,0,0,negative,2,Support
ACCT-041,TKT-385830,2024-08-15,2024-08-17 05:20:03,medium,Data Pipeline,Email,DevOps,Plus,Large,EMEA,254,2.71,0,0,0,0,negative,3,Support
ACCT-060,TKT-867559,2024-06-13,2024-06-13 12:44:14,medium,Data Pipeline,Web Portal,Support Staff,Enterprise,Large,AMER,212,6.33,0,0,0,0,neutral,8,Support
ACCT-011,TKT-285225,2024-08-06,2024-08-06 21:14:28,medium,Billing,Live Chat,Support Staff,Basic,Small,EMEA,7,12.1,17,0,0,0,negative,7,Support
ACCT-041,TKT-643810,2025-01-29,2025-01-30 04:54:19,medium,Authentication,Web Portal,Support Staff,Plus,Medium,EMEA,31,5.97,20,0,0,0,neutral,2,Support
ACCT-038,TKT-361036,2024-08-17,2024-08-17 13:43:08,medium,Data Pipeline,Web Portal,Support Staff,Plus,Large,EMEA,366,5.14,7,0,0,0,positive,1,Support
ACCT-059,TKT-137421,2023-09-22,2023-09-22 23:35:41,medium,Notifications,Phone,Support Staff,Plus,Medium,EMEA,140,6.3,28,0,0,0,negative,6,Support
ACCT-035,TKT-205939,2025-01-10,2025-01-11 03:58:20,medium,Mobile App,Web Portal,Finance,Plus,Small,AMER,10,2.01,37,0,0,0,neutral,4,Support
ACCT-041,TKT-850595,2024-03-09,2024-03-10 00:13:59,medium,Notifications,Phone,Support Staff,Enterprise,Medium,EMEA,27,2.2,20,0,0,0,neutral,4,Support
ACCT-018,TKT-869575,2024-07-19,2024-07-20 16:31:53,medium,Mobile App,Live Chat,Support Staff,Plus,Small,AMER,14,5.66,55,0,0,0,neutral,6,Support
ACCT-085,TKT-313464,2024-03-01,2024-03-03 03:51:28,medium,Mobile App,Web Portal,Product Manager,Basic,Small,APAC,19,9.98,6,0,0,0,neutral,4,Support
ACCT-039,TKT-401967,2024-05-21,2024-05-23 21:30:03,medium,Authentication,Email,Support Staff,Basic,Small,APAC,5,10.84,83,0,0,0,negative,1,Support
ACCT-024,TKT-834497,2023-06-04,2023-06-04 12:25:50,medium,Notifications,Phone,Support Staff,Basic,Small,APAC,8,6.78,73,0,0,0,negative,5,Support
ACCT-077,TKT-821353,2025-02-27,2025-03-01 01:45:31,medium,Billing,Live Chat,Support Staff,Enterprise,Large,AMER,174,0.48,0,1,0,0,neutral,7,Support
ACCT-075,TKT-274740,2024-01-31,2024-01-31 19:05:57,medium,Authentication,Email,DevOps,Basic,Small,EMEA,42,1.48,0,0,1,0,neutral,4,Support
ACCT-013,TKT-113353,2023-12-09,2023-12-10 10:24:55,medium,Authentication,Phone,Support Staff,Plus,Large,AMER,77,2.13,45,0,0,0,,11,Support
ACCT-041,TKT-376648,2024-09-28,2024-09-29 20:21:49,medium,Authentication,Live Chat,Product Manager,Plus,Small,AMER,35,4.73,37,0,0,0,neutral,2,Support
ACCT-037,TKT-110206,2023-08-18,2023-08-18 19:08:36,medium,Notifications,Live Chat,Support Staff,Plus,Large,AMER,221,5.28,0,0,0,0,negative,5,Support
ACCT-041,TKT-101055,2025-01-29,2025-01-30 12:25:47,medium,Data Pipeline,Web Portal,Support Staff,Plus,Large,EMEA,609,11.56,0,0,0,0,neutral,10,Support
ACCT-041,TKT-147371,2024-10-13,2024-10-17 13:47:48,medium,Notifications,Web Portal,Support Staff,Enterprise,Medium,EMEA,22,5.92,16,0,0,0,neutral,4,Support
ACCT-112,TKT-975937,2023-06-18,2023-06-20 12:28:13,medium,Mobile App,Live Chat,Executive,Basic,Medium,APAC,17,3.48,8,0,0,0,neutral,2,Support
ACCT-072,TKT-253703,2024-01-20,2024-01-22 07:22:23,medium,Authentication,Web Portal,Support Staff,Basic,Small,APAC,17,8.69,34,0,0,0,neutral,2,Support
ACCT-060,TKT-451983,2023-09-05,2023-09-05 12:55:30,medium,Authentication,Email,DevOps,Enterprise,Medium,EMEA,196,5.52,0,0,0,0,positive,1,Support
ACCT-043,TKT-672223,2024-09-06,2024-09-08 03:20:24,medium,Mobile App,Email,Support Staff,Plus,Medium,AMER,45,0.97,15,0,0,0,negative,7,Support
ACCT-008,TKT-581035,2024-02-19,2024-02-22 01:09:53,medium,Data Pipeline,Live Chat,DevOps,Plus,Large,AMER,963,1.4,0,0,0,0,positive,5,Support
ACCT-043,TKT-449950,2023-06-14,2023-06-18 04:09:28,medium,Notifications,Email,Product Manager,Plus,Medium,AMER,69,5.0,18,0,0,0,neutral,2,Support
ACCT-076,TKT-984680,2024-11-12,2024-11-15 18:22:52,medium,Authentication,Email,Executive,Plus,Small,APAC,5,4.62,27,0,0,0,neutral,4,Support
ACCT-035,TKT-644534,2025-01-31,2025-02-02 02:37:12,medium,Mobile App,Phone,DevOps,Plus,Large,EMEA,497,0.28,4,0,0,0,,10,Support
ACCT-035,TKT-330954,2023-06-22,2023-06-22 17:06:32,medium,Notifications,Email,Product Manager,Basic,Small,AMER,4,7.06,59,0,0,0,neutral,4,Support
ACCT-053,TKT-705640,2023-10-24,2023-10-25 12:56:37,medium,Authentication,Web Portal,DevOps,Plus,Medium,APAC,77,0.8,15,0,0,0,neutral,1,Support
ACCT-115,TKT-303258,2024-08-15,2024-08-16 13:10:14,medium,Authentication,Live Chat,Executive,Plus,Large,EMEA,317,3.03,0,0,0,0,neutral,1,Support
ACCT-076,TKT-757343,2024-06-21,2024-06-23 21:45:00,medium,Mobile App,Email,DevOps,Enterprise,Large,AMER,415,0.8,0,0,0,0,negative,9,Support
ACCT-083,TKT-652501,2024-12-09,2024-12-13 20:06:27,medium,Data Pipeline,Live Chat,DevOps,Plus,Large,EMEA,447,6.14,0,0,0,0,negative,10,Support
ACCT-115,TKT-447283,2023-11-27,2023-11-28 03:53:22,medium,Notifications,Email,Support Staff,Basic,Small,APAC,12,7.79,23,0,0,0,neutral,3,Support
ACCT-025,TKT-389666,2024-07-05,2024-07-07 15:13:27,medium,Notifications,Web Portal,Support Staff,Enterprise,Medium,EMEA,13,9.35,27,0,0,0,neutral,2,Support
ACCT-073,TKT-835928,2024-04-12,2024-04-12 20:56:08,medium,Billing,Email,Finance,Basic,Small,APAC,8,1.0,31,0,0,0,neutral,2,Support
ACCT-041,TKT-933966,2024-05-17,2024-05-21 05:26:05,medium,Analytics Dashboard,Email,Product Manager,Enterprise,Large,AMER,342,0.61,12,0,0,0,neutral,7,Support
ACCT-076,TKT-463853,2024-09-08,2024-09-10 12:23:42,medium,Notifications,Live Chat,Support Staff,Plus,Medium,AMER,76,1.68,19,0,0,0,negative,1,Support
ACCT-105,TKT-818826,2024-03-22,,medium,Notifications,Live Chat,Support Staff,Plus,Small,AMER,20,0.92,24,0,0,0,neutral,2,Support
ACCT-010,TKT-403858,2023-10-29,2023-10-31 00:35:05,medium,Authentication,Web Portal,DevOps,Basic,Medium,APAC,86,7.33,18,0,0,0,neutral,2,Support
ACCT-085,TKT-610472,2025-02-28,2025-03-02 11:20:32,medium,Mobile App,Live Chat,DevOps,Plus,Large,EMEA,32,3.02,18,0,0,0,neutral,7,Support
ACCT-110,TKT-575904,2024-03-22,2024-03-22 09:54:24,medium,Data Pipeline,Web Portal,Support Staff,Plus,Large,EMEA,56,11.66,0,0,0,0,neutral,7,Support
ACCT-078,TKT-229431,2023-07-12,2023-07-12 23:23:11,medium,Analytics Dashboard,Email,Support Staff,Enterprise,Large,AMER,154,2.85,0,0,0,0,negative,5,Support
ACCT-018,TKT-469366,2023-07-25,,medium,Mobile App,Web Portal,Support Staff,Enterprise,Medium,EMEA,101,1.64,8,0,0,0,neutral,2,Support
ACCT-007,TKT-397025,2023-06-01,2023-06-01 08:40:05,medium,Notifications,Web Portal,Support Staff,Plus,Large,AMER,312,6.96,0,0,0,0,positive,10,Support
ACCT-036,TKT-262568,2024-10-27,2024-10-30 01:26:06,medium,Data Pipeline,Email,DevOps,Enterprise,Medium,EMEA,90,9.68,0,0,0,0,negative,2,Support
ACCT-010,TKT-868661,2023-08-28,2023-08-31 08:27:33,medium,Mobile App,Web Portal,Support Staff,Plus,Large,AMER,76,2.05,16,0,0,0,negative,8,Support
ACCT-063,TKT-404928,2023-12-19,2023-12-20 20:48:38,medium,Analytics Dashboard,Phone,Finance,Plus,Large,EMEA,218,1.73,39,0,0,0,neutral,7,Support
ACCT-020,TKT-360810,2024-01-11,2024-01-11 07:07:45,medium,Notifications,Web Portal,Finance,Enterprise,Large,AMER,220,3.2,4,0,0,0,negative,8,Support
ACCT-053,TKT-202905,2024-06-30,2024-07-01 19:47:09,medium,Analytics Dashboard,Web Portal,DevOps,Plus,Large,AMER,329,1.52,3,0,0,0,neutral,5,Support
ACCT-043,TKT-281720,2024-02-23,2024-02-28 01:49:18,medium,Mobile App,Email,Support Staff,Basic,Small,APAC,4,9.95,18,0,0,0,neutral,0,Support
ACCT-076,TKT-943453,2024-12-29,2024-12-30 21:13:11,medium,Analytics Dashboard,Live Chat,Product Manager,Enterprise,Medium,EMEA,37,1.21,16,0,0,0,neutral,5,Support
ACCT-069,TKT-362165,2025-01-13,2025-01-13 16:20:18,medium,Notifications,Live Chat,Product Manager,Plus,Small,AMER,9,7.81,77,0,0,0,neutral,5,Support
ACCT-059,TKT-419811,2023-10-17,2023-10-18 19:06:55,medium,Billing,Web Portal,Finance,Basic,Small,APAC,16,2.33,22,0,0,0,neutral,2,Support
ACCT-038,TKT-583555,2023-08-27,2023-08-28 06:58:38,medium,Authentication,Phone,Support Staff,Enterprise,Large,AMER,1160,0.34,0,0,0,0,,6,Support
ACCT-041,TKT-974357,2024-12-10,2024-12-10 20:16:59,medium,Data Pipeline,Email,Support Staff,Enterprise,Medium,EMEA,130,6.97,5,0,0,0,neutral,4,Support
ACCT-073,TKT-827851,2024-08-21,2024-08-21 12:35:06,medium,Notifications,Email,Support Staff,Basic,Small,AMER,22,6.23,36,0,0,0,neutral,4,Support
ACCT-020,TKT-474927,2024-04-16,2024-04-18 04:51:22,medium,Billing,Live Chat,Product Manager,Plus,Large,EMEA,1316,0.65,0,0,0,0,neutral,7,Support
ACCT-058,TKT-530187,2024-09-22,2024-09-23 12:38:17,medium,Analytics Dashboard,Live Chat,Finance,Enterprise,Large,AMER,150,4.65,5,0,0,0,neutral,8,Support
ACCT-060,TKT-904016,2024-09-15,2024-09-15 06:41:15,medium,Authentication,Phone,Product Manager,Plus,Small,AMER,50,14.61,16,0,0,0,neutral,3,Support
ACCT-041,TKT-417078,2024-08-05,2024-08-05 11:55:55,medium,Notifications,Email,Support Staff,Plus,Large,EMEA,67,5.34,12,0,0,0,negative,5,Support
ACCT-035,TKT-751050,2024-02-04,2024-02-06 14:06:17,medium,Data Pipeline,Email,DevOps,Plus,Medium,EMEA,241,1.95,20,0,0,0,neutral,2,Support
ACCT-075,TKT-156136,2024-12-08,2024-12-12 20:17:09,medium,Mobile App,Live Chat,Finance,Enterprise,Medium,EMEA,13,5.2,9,0,0,0,neutral,3,Support
ACCT-038,TKT-585289,2024-07-07,2024-07-07 15:10:35,medium,Data Pipeline,Email,Product Manager,Plus,Large,AMER,385,4.16,0,0,0,0,neutral,3,Support
ACCT-058,TKT-157349,2024-11-12,2024-11-13 23:54:16,medium,Authentication,Phone,Support Staff,Enterprise,Medium,EMEA,37,2.48,40,0,0,0,neutral,5,Support
ACCT-010,TKT-449682,2024-03-03,2024-03-07 04:34:54,medium,Authentication,Web Portal,Support Staff,Basic,Small,APAC,32,8.28,19,0,0,0,neutral,4,Support
ACCT-041,TKT-604855,2025-01-29,2025-01-29 12:42:06,medium,Mobile App,Live Chat,DevOps,Plus,Large,AMER,480,10.14,0,0,0,0,neutral,7,Support
ACCT-063,TKT-713015,2024-05-05,2024-05-09 11:47:15,medium,Notifications,Web Portal,Support Staff,Basic,Medium,APAC,55,17.43,0,0,0,0,neutral,5,Support
ACCT-036,TKT-315025,2024-11-05,2024-11-08 12:32:53,medium,Authentication,Live Chat,Product Manager,Plus,Medium,AMER,186,1.43,0,0,0,0,neutral,5,Support
ACCT-035,TKT-619364,2024-11-10,2024-11-10 16:46:38,medium,Authentication,Web Portal,DevOps,Plus,Medium,EMEA,157,2.59,0,0,0,0,neutral,6,Support
ACCT-058,TKT-993654,2023-10-18,2023-10-18 23:57:43,medium,Authentication,Email,Support Staff,Basic,Small,APAC,33,4.99,61,0,0,0,neutral,3,Support
ACCT-103,TKT-106764,2023-11-06,2023-11-07 07:19:28,medium,Authentication,Web Portal,Support Staff,Basic,Small,APAC,9,8.25,31,0,0,0,positive,6,Support
ACCT-057,TKT-170403,2024-10-09,2024-10-11 19:43:18,medium,Mobile App,Web Portal,Support Staff,Enterprise,Large,AMER,469,0.0,0,0,0,0,neutral,9,Support
ACCT-060,TKT-645073,2023-06-01,2023-06-01 17:33:47,medium,Billing,Email,Support Staff,Enterprise,Large,AMER,308,0.96,0,0,0,0,negative,14,Support
ACCT-035,TKT-125854,2023-09-08,2023-09-09 02:10:25,medium,Authentication,Web Portal,Support Staff,Basic,Small,APAC,5,7.1,17,0,0,0,neutral,2,Support
ACCT-060,TKT-227728,2024-10-30,2024-10-31 22:05:35,medium,Analytics Dashboard,Web Portal,DevOps,Enterprise,Medium,EMEA,68,2.4,1,0,0,0,negative,5,Support
ACCT-038,TKT-960116,2024-04-03,2024-04-04 17:51:51,medium,Data Pipeline,Web Portal,Product Manager,Plus,Large,EMEA,1170,9.71,0,0,0,0,negative,3,Support
ACCT-041,TKT-961600,2024-01-27,2024-01-31 06:58:03,medium,Authentication,Live Chat,Support Staff,Basic,Small,AMER,10,5.31,24,0,0,0,neutral,0,Support
ACCT-066,TKT-747137,2025-02-17,2025-02-20 03:43:21,medium,Mobile App,Email,Product Manager,Plus,Large,AMER,314,5.42,0,0,0,0,neutral,5,Support
ACCT-075,TKT-293785,2023-10-05,2023-10-06 20:50:36,medium,Notifications,Web Portal,Executive,Plus,Medium,EMEA,106,1.07,37,0,0,0,neutral,2,Support
ACCT-053,TKT-279071,2023-10-24,2023-10-28 02:22:11,medium,Analytics Dashboard,Email,DevOps,Enterprise,Large,AMER,121,2.21,0,0,0,0,positive,5,Support
ACCT-060,TKT-599288,2024-11-05,2024-11-08 12:55:02,medium,Data Pipeline,Email,Support Staff,Plus,Small,AMER,13,9.13,12,0,0,0,neutral,2,Support
ACCT-041,TKT-717363,2024-10-04,2024-10-05 06:16:03,medium,Authentication,Web Portal,Support Staff,Basic,Small,APAC,13,8.94,15,0,0,0,neutral,3,Support
ACCT-035,TKT-504562,2024-10-17,2024-10-18 13:58:55,medium,Authentication,Email,Product Manager,Enterprise,Medium,EMEA,100,3.85,0,0,0,0,neutral,4,Support
ACCT-076,TKT-255363,2023-09-18,2023-09-20 00:19:18,medium,Notifications,Live Chat,Support Staff,Plus,Large,AMER,451,2.37,10,0,0,0,negative,6,Support
ACCT-018,TKT-508346,2023-06-29,2023-06-30 05:37:38,medium,Notifications,Phone,Finance,Enterprise,Large,AMER,168,3.83,0,0,0,0,neutral,7,Support
ACCT-059,TKT-782017,2023-06-12,2023-06-14 14:07:55,medium,Notifications,Phone,Support Staff,Plus,Large,AMER,63,6.44,48,0,0,0,neutral,9,Support
ACCT-110,TKT-471958,2025-02-24,2025-02-25 22:09:57,medium,Authentication,Email,Finance,Basic,Small,EMEA,40,1.26,16,0,0,0,negative,6,Support
ACCT-041,TKT-390354,2023-10-21,2023-10-23 00:45:45,medium,Mobile App,Web Portal,Support Staff,Basic,Small,APAC,15,6.61,21,0,0,0,neutral,1,Support
ACCT-021,TKT-997412,2023-06-10,2023-06-16 01:55:10,medium,Data Pipeline,Email,Support Staff,Basic,Medium,APAC,41,3.78,10,0,0,0,neutral,1,Support
ACCT-018,TKT-650560,2024-10-28,2024-10-28 22:46:59,medium,Analytics Dashboard,Email,Support Staff,Plus,Large,AMER,102,1.64,12,0,0,0,negative,3,Support
ACCT-037,TKT-258757,2024-07-04,2024-07-06 05:55:56,medium,Data Pipeline,Email,Support Staff,Enterprise,Medium,EMEA,61,7.64,0,0,0,0,positive,0,Support
ACCT-023,TKT-581801,2024-05-26,2024-05-29 00:07:02,medium,Authentication,Live Chat,DevOps,Basic,Small,AMER,6,4.35,25,0,0,0,neutral,3,Support
ACCT-083,TKT-417645,2023-10-22,2023-10-23 05:08:15,medium,Analytics Dashboard,Web Portal,DevOps,Enterprise,Medium,EMEA,20,4.47,19,0,0,0,positive,4,Support
ACCT-020,TKT-607243,2024-07-08,2024-07-08 10:12:38,medium,Notifications,Web Portal,Product Manager,Enterprise,Large,EMEA,367,5.46,0,0,0,0,negative,6,Support
ACCT-001,TKT-289136,2024-06-20,2024-06-25 16:22:07,medium,Authentication,Web Portal,Product Manager,Plus,Large,AMER,449,0.68,0,0,0,0,positive,8,Support
ACCT-065,TKT-790912,2025-01-10,2025-01-13 07:44:43,medium,Notifications,Web Portal,Finance,Plus,Medium,AMER,23,2.35,11,0,0,0,neutral,6,Support
ACCT-083,TKT-717456,2024-11-20,2024-11-21 03:18:38,medium,Mobile App,Web Portal,Support Staff,Plus,Medium,AMER,14,16.73,4,0,0,0,positive,1,Support
ACCT-072,TKT-523387,2025-01-15,2025-01-16 12:01:09,medium,Authentication,Web Portal,Product Manager,Plus,Small,AMER,101,12.92,0,0,0,0,neutral,6,Support
ACCT-020,TKT-266911,2023-08-09,2023-08-09 08:15:06,medium,Analytics Dashboard,Email,Executive,Enterprise,Large,AMER,306,0.27,0,0,0,0,neutral,4,Support
ACCT-018,TKT-812321,2024-01-24,2024-01-24 12:37:41,medium,Mobile App,Email,DevOps,Enterprise,Medium,EMEA,47,4.39,7,0,0,0,neutral,4,Support
ACCT-065,TKT-909231,2024-09-30,2024-10-01 09:34:06,medium,Analytics Dashboard,Live Chat,Finance,Enterprise,Large,AMER,165,0.53,0,0,0,0,positive,7,Support
ACCT-036,TKT-863534,2024-01-29,2024-01-29 13:23:40,medium,Authentication,Web Portal,DevOps,Enterprise,Medium,EMEA,69,3.4,22,0,0,0,neutral,5,Support
ACCT-024,TKT-167496,2024-06-28,2024-07-01 15:13:28,medium,Billing,Web Portal,Product Manager,Basic,Medium,APAC,61,4.17,2,0,0,0,neutral,1,Support
ACCT-063,TKT-987936,2023-08-03,2023-08-05 18:10:01,medium,Billing,Email,Support Staff,Basic,Small,APAC,37,0.5,20,0,0,0,neutral,1,Support
ACCT-035,TKT-761959,2023-08-14,2023-08-15 21:50:34,medium,Notifications,Live Chat,Support Staff,Basic,Small,APAC,7,8.84,14,0,0,0,neutral,4,Support
ACCT-035,TKT-832667,2023-07-01,2023-07-06 02:48:12,medium,Data Pipeline,Phone,Executive,Plus,Large,EMEA,671,5.98,0,0,0,0,neutral,8,Support
ACCT-060,TKT-701651,2024-09-03,2024-09-04 15:02:36,medium,Notifications,Live Chat,Support Staff,Enterprise,Large,AMER,44,3.05,13,0,0,0,neutral,7,Support
ACCT-041,TKT-558767,2024-12-21,2024-12-21 21:46:13,medium,Authentication,Web Portal,Executive,Enterprise,Medium,EMEA,93,7.94,0,0,0,0,positive,0,Support
ACCT-043,TKT-555148,2024-03-19,2024-03-20 00:08:36,medium,Notifications,Web Portal,Support Staff,Basic,Small,APAC,16,6.58,7,0,0,0,negative,1,Support
ACCT-010,TKT-710384,2024-11-23,2024-11-27 00:29:59,medium,Authentication,Phone,Support Staff,Basic,Small,AMER,38,9.24,29,0,0,0,neutral,1,Support
ACCT-078,TKT-313426,2023-06-25,2023-06-27 20:27:03,medium,Notifications,Web Portal,DevOps,Plus,Small,AMER,9,29.3,23,0,0,0,negative,5,Support
ACCT-053,TKT-477027,2023-07-05,2023-07-09 00:44:59,medium,Data Pipeline,Phone,Support Staff,Plus,Large,EMEA,81,4.06,50,0,0,0,neutral,5,Support
ACCT-041,TKT-457261,2024-07-22,2024-07-24 12:35:53,medium,Analytics Dashboard,Web Portal,DevOps,Plus,Medium,EMEA,33,1.22,18,0,0,0,neutral,2,Support
ACCT-053,TKT-863660,2023-12-07,2023-12-10 03:52:24,medium,Authentication,Web Portal,Support Staff,Basic,Small,AMER,2,9.2,49,0,0,0,neutral,2,Support
ACCT-036,TKT-698076,2024-11-22,2024-11-24 03:58:23,medium,Analytics Dashboard,Live Chat,Finance,Enterprise,Large,AMER,83,2.45,0,0,0,0,negative,3,Support
ACCT-053,TKT-685836,2024-09-28,2024-09-30 04:30:46,medium,Authentication,Email,Support Staff,Basic,Small,APAC,24,3.97,25,0,0,0,neutral,1,Support
ACCT-020,TKT-755853,2023-10-20,2023-10-23 23:11:22,medium,Authentication,Web Portal,Finance,Plus,Medium,EMEA,46,6.06,26,0,0,0,neutral,3,Support
ACCT-035,TKT-233370,2024-06-20,2024-06-24 13:58:16,medium,Mobile App,Web Portal,DevOps,Plus,Medium,EMEA,46,2.0,9,0,0,0,neutral,1,Support
ACCT-078,TKT-341773,2024-11-11,2024-11-12 07:03:51,medium,Billing,Web Portal,Finance,Enterprise,Medium,EMEA,22,1.58,43,0,0,0,negative,0,Support
ACCT-112,TKT-334903,2023-07-23,2023-07-25 16:48:35,medium,Notifications,Live Chat,Product Manager,Plus,Large,EMEA,133,2.0,52,0,0,0,neutral,6,Support
ACCT-043,TKT-837435,2024-03-23,2024-03-28 02:25:38,medium,Billing,Email,Support Staff,Plus,Large,EMEA,240,4.68,0,0,0,0,neutral,3,Support
ACCT-076,TKT-402062,2024-06-01,2024-06-01 10:11:20,medium,Analytics Dashboard,Web Portal,Support Staff,Enterprise,Large,EMEA,393,3.46,2,0,0,0,neutral,6,Support
ACCT-043,TKT-642910,2023-08-16,2023-08-18 08:27:51,medium,Mobile App,Phone,Executive,Plus,Large,EMEA,170,2.45,0,0,0,0,neutral,7,Support
ACCT-060,TKT-159399,2025-02-15,2025-02-17 04:25:11,medium,Authentication,Web Portal,Finance,Plus,Small,APAC,12,11.29,9,0,0,0,positive,2,Support
ACCT-010,TKT-593856,2024-12-11,2024-12-14 06:05:53,medium,Analytics Dashboard,Live Chat,Support Staff,Plus,Large,AMER,150,1.62,3,0,0,0,negative,9,Support
ACCT-018,TKT-541875,2024-02-25,2024-02-27 23:44:30,medium,Authentication,Email,Support Staff,Basic,Small,EMEA,52,12.43,0,0,0,0,neutral,4,Support
ACCT-035,TKT-162276,2024-02-23,2024-02-23 21:50:29,medium,Data Pipeline,Live Chat,Support Staff,Enterprise,Medium,EMEA,176,11.04,0,0,0,0,negative,5,Support
ACCT-025,TKT-445620,2023-10-21,2023-10-21 22:10:55,medium,Analytics Dashboard,Web Portal,Support Staff,Enterprise,Large,EMEA,145,0.24,20,0,0,0,negative,9,Support
ACCT-032,TKT-691246,2023-08-03,2023-08-04 01:05:10,medium,Billing,Phone,Executive,Enterprise,Large,AMER,474,0.49,0,0,0,0,neutral,5,Support
ACCT-043,TKT-137079,2025-02-14,2025-02-17 06:55:49,medium,Analytics Dashboard,Email,Support Staff,Enterprise,Large,AMER,84,3.63,0,0,0,0,neutral,2,Support
ACCT-075,TKT-727203,2024-05-20,2024-05-26 01:30:05,medium,Data Pipeline,Email,Support Staff,Enterprise,Medium,EMEA,44,5.73,17,0,0,0,negative,5,Support
ACCT-102,TKT-602028,2025-02-17,2025-02-22 04:33:20,medium,Billing,Email,Executive,Plus,Medium,EMEA,20,2.37,6,0,0,0,negative,4,Support
ACCT-041,TKT-137329,2023-10-11,2023-10-12 04:23:10,medium,Analytics Dashboard,Live Chat,DevOps,Plus,Large,AMER,159,3.18,2,0,0,0,neutral,4,Support
ACCT-041,TKT-552476,2024-10-21,2024-10-23 05:17:48,medium,Data Pipeline,Email,Support Staff,Plus,Large,EMEA,1034,0.32,0,0,0,0,neutral,10,Support
ACCT-045,TKT-338818,2024-10-02,2024-10-03 07:34:18,medium,Analytics Dashboard,Email,Support Staff,Plus,Large,EMEA,104,5.12,15,0,0,0,neutral,10,Support
ACCT-060,TKT-919800,2023-06-22,2023-06-27 05:08:19,medium,Mobile App,Web Portal,Support Staff,Basic,Small,APAC,6,2.0,77,0,0,0,neutral,4,Support
ACCT-062,TKT-815067,2023-12-18,2023-12-20 08:26:09,medium,Mobile App,Email,DevOps,Plus,Medium,APAC,91,5.04,0,0,0,0,neutral,1,Support
ACCT-025,TKT-902875,2023-06-19,2023-06-21 10:39:01,medium,Mobile App,Web Portal,Product Manager,Enterprise,Large,AMER,415,1.43,0,0,0,0,neutral,5,Support
ACCT-059,TKT-547567,2024-06-21,2024-06-24 05:47:24,medium,Analytics Dashboard,Email,DevOps,Plus,Large,AMER,434,0.26,7,0,0,0,neutral,5,Support
ACCT-083,TKT-745559,2024-12-14,2024-12-14 16:12:52,medium,Authentication,Email,Support Staff,Plus,Medium,AMER,69,11.93,0,0,0,0,neutral,3,Support
ACCT-056,TKT-160736,2024-06-11,2024-06-12 12:23:37,medium,Mobile App,Email,DevOps,Plus,Large,EMEA,361,5.18,0,0,0,0,positive,6,Support
ACCT-060,TKT-338158,2024-01-30,2024-01-31 00:45:06,medium,Authentication,Web Portal,DevOps,Basic,Small,EMEA,12,6.42,22,0,0,0,negative,0,Support
ACCT-083,TKT-931710,2024-07-27,2024-07-30 13:51:25,medium,Data Pipeline,Web Portal,DevOps,Basic,Medium,APAC,26,16.31,0,0,0,0,neutral,4,Support
ACCT-076,TKT-115622,2024-12-01,2024-12-03 12:34:03,medium,Mobile App,Web Portal,Support Staff,Enterprise,Medium,EMEA,20,2.85,11,0,0,0,neutral,7,Support
ACCT-040,TKT-232871,2024-02-11,2024-02-15 01:14:29,medium,Analytics Dashboard,Email,Support Staff,Enterprise,Large,AMER,567,0.23,0,0,0,0,neutral,7,Support
ACCT-043,TKT-466652,2024-08-23,2024-08-23 20:01:55,medium,Mobile App,Web Portal,DevOps,Enterprise,Medium,EMEA,16,7.3,8,0,0,0,neutral,3,Support
ACCT-035,TKT-406616,2025-02-06,2025-02-09 00:00:59,medium,Analytics Dashboard,Web Portal,DevOps,Plus,Large,EMEA,237,0.17,8,0,0,0,neutral,3,Support
ACCT-041,TKT-228320,2023-10-11,2023-10-13 17:24:41,medium,Authentication,Phone,Support Staff,Basic,Small,AMER,52,2.16,7,0,0,0,neutral,2,Support
ACCT-106,TKT-315860,2023-08-18,2023-08-18 10:54:14,medium,Billing,Web Portal,DevOps,Enterprise,Large,AMER,546,4.32,0,0,0,0,negative,12,Support
ACCT-076,TKT-330987,2024-10-19,2024-10-22 07:15:19,medium,Billing,Email,Support Staff,Plus,Large,EMEA,2623,3.32,0,0,0,0,positive,5,Support
ACCT-112,TKT-918107,2024-08-28,2024-08-31 08:26:58,medium,Data Pipeline,Live Chat,Finance,Plus,Medium,EMEA,27,12.49,33,0,0,0,neutral,3,Support
ACCT-076,TKT-652436,2024-12-16,2024-12-17 06:31:28,medium,Mobile App,Live Chat,Product Manager,Plus,Medium,APAC,93,3.79,3,0,0,0,neutral,1,Support
ACCT-019,TKT-209448,2024-02-29,2024-03-01 09:05:32,medium,Billing,Live Chat,Finance,Plus,Large,AMER,1313,1.39,0,0,0,0,neutral,3,Support
ACCT-035,TKT-752079,2023-07-26,2023-07-27 11:52:17,medium,Notifications,Email,DevOps,Enterprise,Large,AMER,185,9.11,0,0,0,0,neutral,5,Support
ACCT-026,TKT-243792,2024-10-10,2024-10-11 05:16:35,medium,Authentication,Live Chat,DevOps,Enterprise,Medium,EMEA,258,5.52,0,0,0,0,neutral,2,Support
ACCT-043,TKT-321007,2024-11-15,2024-11-16 00:36:43,medium,Data Pipeline,Web Portal,Finance,Enterprise,Medium,EMEA,103,3.77,0,0,0,0,neutral,5,Support
ACCT-113,TKT-248857,2023-10-04,2023-10-05 14:30:07,medium,Data Pipeline,Web Portal,Support Staff,Plus,Large,EMEA,1080,4.62,0,0,0,0,neutral,2,Support
ACCT-050,TKT-781478,2023-07-07,2023-07-12 23:42:17,medium,Billing,Email,Support Staff,Plus,Large,AMER,269,0.63,15,0,0,0,neutral,4,Support
ACCT-018,TKT-976950,2024-09-07,2024-09-12 12:34:44,medium,Data Pipeline,Email,Product Manager,Plus,Large,AMER,173,3.12,0,0,0,0,neutral,4,Support
ACCT-105,TKT-415005,2023-07-05,2023-07-06 04:21:58,medium,Notifications,Web Portal,DevOps,Plus,Small,AMER,19,4.48,13,0,0,0,neutral,1,Support
ACCT-112,TKT-502586,2023-08-26,2023-08-26 09:29:36,medium,Billing,Web Portal,Support Staff,Basic,Small,APAC,25,0.78,26,1,0,0,neutral,3,Support
ACCT-026,TKT-565588,2024-10-20,2024-10-20 05:41:38,medium,Notifications,Live Chat,Support Staff,Plus,Medium,AMER,12,6.52,37,0,0,0,neutral,1,Support
ACCT-036,TKT-791982,2023-07-16,2023-07-17 00:02:45,medium,Authentication,Live Chat,Support Staff,Basic,Small,EMEA,46,8.23,7,0,0,0,neutral,6,Support
ACCT-072,TKT-132826,2024-08-15,2024-08-17 08:13:59,medium,Data Pipeline,Live Chat,DevOps,Plus,Large,AMER,224,1.85,0,0,0,0,neutral,11,Support
ACCT-036,TKT-738309,2024-12-06,2024-12-09 16:25:17,medium,Analytics Dashboard,Web Portal,DevOps,Enterprise,Medium,EMEA,59,0.5,37,0,0,0,neutral,2,Support
ACCT-038,TKT-949602,2024-05-10,2024-05-15 02:33:08,medium,Analytics Dashboard,Live Chat,DevOps,Plus,Large,AMER,25,1.75,28,0,0,0,neutral,2,Support
ACCT-053,TKT-861042,2025-01-26,2025-01-26 23:18:51,medium,Mobile App,Phone,DevOps,Plus,Small,AMER,9,8.51,15,0,0,0,negative,3,Support
ACCT-043,TKT-864649,2025-02-26,2025-02-27 21:01:49,medium,Authentication,Email,DevOps,Enterprise,Medium,EMEA,125,3.88,0,0,0,0,positive,2,Support
ACCT-036,TKT-856334,2023-07-29,2023-08-02 00:15:42,medium,Data Pipeline,Web Portal,Support Staff,Plus,Large,EMEA,347,21.31,0,0,0,0,neutral,4,Support
ACCT-035,TKT-586017,2024-03-21,2024-03-25 10:30:51,medium,Authentication,Phone,DevOps,Enterprise,Large,AMER,84,6.42,0,0,0,0,neutral,8,Support
ACCT-085,TKT-644119,2024-08-08,2024-08-10 13:08:07,medium,Billing,Web Portal,Product Manager,Basic,Small,EMEA,10,3.02,34,0,0,0,neutral,5,Support
ACCT-043,TKT-881853,2024-02-22,2024-02-22 18:24:41,medium,Mobile App,Web Portal,Product Manager,Plus,Small,AMER,16,0.0,47,0,0,0,neutral,0,Support
ACCT-002,TKT-938429,2024-01-30,,medium,Analytics Dashboard,Live Chat,DevOps,Enterprise,Large,AMER,81,0.54,20,0,0,0,positive,9,Support
ACCT-045,TKT-669171,2024-03-07,2024-03-07 11:41:05,medium,Billing,Web Portal,Product Manager,Enterprise,Large,AMER,270,1.69,0,0,0,0,neutral,12,Support
ACCT-065,TKT-745448,2024-03-29,2024-03-30 10:57:15,medium,Mobile App,Web Portal,Product Manager,Plus,Medium,EMEA,46,3.78,42,0,0,0,neutral,4,Support
ACCT-026,TKT-920433,2024-03-07,2024-03-08 13:24:11,medium,Authentication,Web Portal,Product Manager,Basic,Small,AMER,10,7.11,12,0,0,0,neutral,2,Support
ACCT-053,TKT-792874,2025-02-12,2025-02-12 04:47:52,medium,Billing,Email,Support Staff,Basic,Medium,APAC,39,0.94,9,0,0,0,negative,3,Support
ACCT-041,TKT-565367,2024-04-24,2024-04-28 05:48:09,medium,Analytics Dashboard,Live Chat,DevOps,Enterprise,Medium,EMEA,39,2.13,9,0,0,0,neutral,5,Support
ACCT-060,TKT-138801,2024-09-16,,medium,Authentication,Web Portal,Product Manager,Enterprise,Medium,EMEA,6,5.03,24,0,0,0,neutral,8,Support
ACCT-043,TKT-328424,2024-06-02,2024-06-04 02:08:56,medium,Billing,Live Chat,Support Staff,Plus,Large,AMER,559,0.4,12,0,0,0,neutral,5,Support
ACCT-018,TKT-389874,2024-07-23,2024-07-23 09:23:52,medium,Mobile App,Web Portal,Support Staff,Basic,Small,APAC,2,11.54,40,0,0,0,neutral,2,Support
ACCT-045,TKT-561834,2025-02-14,2025-02-16 10:31:21,medium,Mobile App,Web Portal,DevOps,Plus,Medium,EMEA,56,0.95,9,0,0,0,positive,3,Support
ACCT-025,TKT-372148,2023-12-02,2023-12-03 03:11:41,medium,Analytics Dashboard,Web Portal,Finance,Plus,Large,EMEA,93,2.31,24,0,0,0,negative,7,Support
ACCT-035,TKT-254037,2024-10-19,2024-10-19 15:17:20,medium,Notifications,Web Portal,Support Staff,Plus,Small,AMER,16,3.45,22,0,0,0,negative,4,Support
ACCT-107,TKT-786398,2025-02-22,2025-02-25 00:07:25,medium,Authentication,Phone,DevOps,Enterprise,Medium,EMEA,24,2.67,63,0,0,0,neutral,7,Support
ACCT-076,TKT-561697,2023-07-10,2023-07-10 20:21:46,medium,Billing,Phone,Product Manager,Plus,Medium,EMEA,22,9.67,5,0,0,0,neutral,0,Support
ACCT-020,TKT-339025,2025-01-14,2025-01-15 08:56:29,medium,Authentication,Live Chat,Product Manager,Basic,Small,APAC,9,4.09,42,0,0,0,neutral,2,Support
ACCT-020,TKT-369950,2023-08-02,2023-08-07 12:04:36,medium,Mobile App,Email,Support Staff,Enterprise,Medium,EMEA,95,0.9,28,0,0,0,positive,3,Support
ACCT-017,TKT-470498,2023-06-17,2023-06-20 03:17:56,medium,Notifications,Email,Support Staff,Enterprise,Large,EMEA,321,9.84,0,0,0,0,neutral,7,Support
ACCT-060,TKT-466718,2024-12-05,2024-12-08 09:14:40,medium,Analytics Dashboard,Web Portal,Support Staff,Enterprise,Medium,EMEA,48,4.91,0,0,0,1,neutral,3,Support
ACCT-017,TKT-635859,2023-09-20,2023-09-20 10:59:51,medium,Authentication,Email,DevOps,Enterprise,Medium,EMEA,103,9.87,0,0,0,0,neutral,5,Support
ACCT-060,TKT-489398,2023-08-19,2023-08-20 01:12:49,medium,Billing,Web Portal,Product Manager,Enterprise,Medium,EMEA,13,0.79,32,0,0,0,neutral,2,Support
ACCT-025,TKT-396835,2024-07-30,2024-07-30 10:28:50,medium,Analytics Dashboard,Live Chat,Product Manager,Plus,Large,AMER,463,2.59,6,0,0,0,neutral,5,Support
ACCT-035,TKT-477788,2023-10-25,2023-10-25 06:22:22,medium,Data Pipeline,Email,DevOps,Enterprise,Medium,EMEA,43,8.98,0,0,0,0,neutral,9,Support
ACCT-085,TKT-492917,2024-05-09,2024-05-14 22:12:19,medium,Billing,Web Portal,Support Staff,Basic,Medium,APAC,19,0.56,11,1,0,0,neutral,4,Support
ACCT-046,TKT-132670,2024-09-24,2024-09-29 08:47:45,medium,Authentication,Web Portal,Product Manager,Basic,Small,APAC,15,5.61,25,0,0,0,negative,4,Support
ACCT-058,TKT-257352,2023-11-12,2023-11-13 14:04:51,medium,Authentication,Email,Product Manager,Enterprise,Medium,EMEA,161,8.09,0,0,0,0,negative,4,Support
ACCT-077,TKT-947285,2025-01-26,2025-01-26 06:27:48,medium,Authentication,Live Chat,Support Staff,Plus,Large,AMER,752,1.84,0,0,0,0,neutral,9,Support
ACCT-043,TKT-632867,2024-04-16,2024-04-18 05:40:09,medium,Notifications,Email,Support Staff,Plus,Medium,EMEA,17,5.17,26,0,0,0,neutral,7,Support
ACCT-043,TKT-497242,2025-01-16,2025-01-19 08:24:17,medium,Authentication,Live Chat,Support Staff,Plus,Small,APAC,10,4.41,37,0,0,0,neutral,9,Support
ACCT-035,TKT-499601,2025-01-17,2025-01-17 07:10:23,medium,Data Pipeline,Web Portal,Executive,Plus,Large,AMER,521,3.56,0,0,0,0,negative,8,Support
ACCT-010,TKT-335490,2023-08-20,2023-08-25 13:23:36,medium,Notifications,Phone,DevOps,Plus,Large,EMEA,337,7.5,0,0,0,0,,2,Support
ACCT-060,TKT-674863,2024-12-30,2025-01-01 04:49:09,medium,Authentication,Email,Support Staff,Plus,Small,AMER,3,5.0,32,0,0,0,neutral,4,Support
ACCT-033,TKT-653392,2024-08-02,2024-08-04 09:00:35,medium,Notifications,Email,Support Staff,Enterprise,Large,EMEA,459,0.55,0,0,0,0,positive,6,Support
ACCT-043,TKT-645611,2023-07-23,2023-07-25 17:32:20,medium,Authentication,Live Chat,Product Manager,Enterprise,Medium,EMEA,46,14.94,0,0,0,0,neutral,6,Support
ACCT-043,TKT-703186,2024-08-25,2024-08-26 08:54:08,medium,Mobile App,Web Portal,DevOps,Basic,Small,APAC,3,8.09,23,0,0,0,neutral,2,Support
ACCT-043,TKT-937818,2024-03-27,2024-03-31 23:15:12,medium,Authentication,Email,DevOps,Basic,Small,AMER,13,8.91,42,0,0,0,neutral,4,Support
ACCT-069,TKT-221023,2024-06-05,2024-06-06 00:38:42,medium,Notifications,Web Portal,DevOps,Plus,Medium,EMEA,23,4.37,12,0,0,0,negative,5,Support
ACCT-036,TKT-529838,2024-02-02,2024-02-03 22:13:26,medium,Data Pipeline,Web Portal,Product Manager,Enterprise,Medium,EMEA,19,2.48,49,0,0,0,negative,2,Support
ACCT-045,TKT-180157,2024-06-05,2024-06-05 11:11:09,medium,Notifications,Email,Product Manager,Basic,Small,AMER,19,5.17,27,0,0,0,neutral,0,Support
ACCT-026,TKT-570777,2024-06-05,2024-06-07 23:45:19,medium,Data Pipeline,Web Portal,Support Staff,Enterprise,Large,EMEA,1027,0.99,0,0,0,0,neutral,5,Support
ACCT-076,TKT-231366,2024-08-02,2024-08-03 00:32:24,medium,Notifications,Email,DevOps,Plus,Large,AMER,386,7.82,0,0,0,0,neutral,7,Support
ACCT-063,TKT-806850,2024-12-02,2024-12-03 01:57:39,medium,Mobile App,Web Portal,DevOps,Enterprise,Medium,EMEA,58,1.4,11,0,0,0,neutral,4,Support
ACCT-043,TKT-934515,2025-01-19,2025-01-22 01:31:00,medium,Data Pipeline,Live Chat,DevOps,Plus,Medium,EMEA,53,13.18,26,0,0,0,neutral,4,Support
ACCT-058,TKT-528346,2024-03-20,2024-03-21 11:21:38,medium,Notifications,Web Portal,DevOps,Plus,Small,AMER,11,4.55,28,0,0,0,negative,3,Support
ACCT-026,TKT-618206,2024-08-05,2024-08-07 04:59:48,medium,Notifications,Live Chat,DevOps,Enterprise,Large,AMER,380,1.36,0,0,0,0,negative,14,Support
ACCT-035,TKT-116265,2023-12-20,2023-12-24 20:16:32,medium,Notifications,Email,Product Manager,Basic,Small,APAC,40,1.45,20,0,0,0,negative,1,Support
ACCT-042,TKT-681517,2023-11-18,2023-11-18 14:43:38,medium,Authentication,Web Portal,Support Staff,Basic,Small,APAC,16,5.4,48,0,0,0,neutral,3,Support
ACCT-036,TKT-135730,2024-09-24,2024-09-27 13:06:31,medium,Data Pipeline,Live Chat,Support Staff,Plus,Medium,APAC,78,9.39,0,0,0,0,neutral,3,Support
ACCT-025,TKT-176561,2024-08-15,2024-08-15 06:17:21,medium,Billing,Email,Support Staff,Enterprise,Large,APAC,410,0.6,6,0,0,0,positive,13,Support
ACCT-024,TKT-506967,2023-10-14,2023-10-16 06:08:57,medium,Analytics Dashboard,Live Chat,Support Staff,Plus,Medium,EMEA,41,3.29,35,0,0,0,neutral,2,Support
ACCT-048,TKT-683994,2024-08-06,2024-08-07 12:39:20,medium,Analytics Dashboard,Phone,DevOps,Plus,Large,AMER,212,1.7,0,0,0,0,,7,Support
ACCT-041,TKT-964776,2024-02-03,2024-02-06 08:16:27,medium,Mobile App,Live Chat,Product Manager,Enterprise,Medium,EMEA,13,2.84,15,0,0,0,neutral,3,Support
ACCT-072,TKT-857260,2024-05-10,2024-05-12 15:31:18,medium,Data Pipeline,Web Portal,Support Staff,Plus,Medium,APAC,116,4.34,34,0,0,0,neutral,2,Support
ACCT-024,TKT-570700,2023-07-17,2023-07-17 10:40:50,medium,Analytics Dashboard,Web Portal,Support Staff,Enterprise,Large,AMER,164,1.24,0,0,0,0,neutral,9,Support
ACCT-072,TKT-556854,2024-07-23,2024-07-25 20:40:53,medium,Data Pipeline,Web Portal,Support Staff,Plus,Medium,APAC,67,6.75,34,0,0,0,neutral,2,Support
ACCT-075,TKT-869070,2024-03-23,2024-03-26 15:31:50,medium,Analytics Dashboard,Web Portal,Finance,Plus,Medium,APAC,49,2.51,4,0,0,0,neutral,3,Support
ACCT-077,TKT-959943,2023-12-05,2023-12-08 10:04:41,medium,Authentication,Web Portal,Support Staff,Plus,Medium,AMER,145,2.36,9,0,0,0,neutral,5,Support
ACCT-021,TKT-722385,2024-11-03,2024-11-03 11:32:07,medium,Notifications,Email,DevOps,Enterprise,Medium,EMEA,70,3.5,0,0,0,0,negative,3,Support
ACCT-041,TKT-497803,2025-01-28,2025-01-29 14:14:33,medium,Billing,Email,Support Staff,Basic,Medium,APAC,12,4.41,16,0,0,0,neutral,4,Support
ACCT-115,TKT-716647,2024-04-24,2024-04-25 21:31:17,medium,Billing,Web Portal,DevOps,Plus,Small,AMER,17,1.93,0,1,0,0,negative,4,Support
ACCT-018,TKT-411792,2024-03-13,2024-03-18 09:35:02,medium,Mobile App,Web Portal,Support Staff,Enterprise,Medium,EMEA,30,0.0,22,0,0,0,neutral,5,Support
ACCT-041,TKT-650705,2024-10-18,2024-10-19 11:18:53,medium,Notifications,Web Portal,Executive,Plus,Medium,APAC,38,3.88,25,0,0,0,positive,0,Support
ACCT-043,TKT-399113,2025-01-14,2025-01-16 05:22:10,medium,Mobile App,Phone,Product Manager,Enterprise,Large,EMEA,96,0.7,26,0,0,0,neutral,5,Support
ACCT-020,TKT-250152,2024-04-26,2024-04-27 15:42:44,medium,Analytics Dashboard,Web Portal,Finance,Enterprise,Medium,EMEA,25,3.85,11,0,0,0,positive,5,Support
ACCT-041,TKT-866493,2023-07-13,2023-07-17 01:29:59,medium,Mobile App,Web Portal,Finance,Plus,Large,AMER,456,12.06,0,0,0,0,neutral,4,Support
ACCT-045,TKT-745374,2024-01-02,2024-01-03 20:38:48,medium,Analytics Dashboard,Web Portal,Support Staff,Enterprise,Medium,EMEA,43,2.04,5,0,0,0,negative,4,Support
ACCT-035,TKT-224309,2024-04-17,2024-04-17 12:52:47,medium,Mobile App,Email,DevOps,Plus,Medium,APAC,47,4.28,18,0,0,0,negative,0,Support
ACCT-026,TKT-277545,2024-03-21,2024-03-22 04:42:22,medium,Data Pipeline,Email,Finance,Plus,Large,AMER,8,6.98,150,0,0,0,neutral,4,Support
ACCT-079,TKT-735615,2024-03-22,2024-03-27 07:41:44,medium,Data Pipeline,Phone,Support Staff,Plus,Large,AMER,63,4.22,0,0,0,1,neutral,8,Support
ACCT-026,TKT-247852,2023-09-17,2023-09-22 03:05:22,medium,Notifications,Live Chat,DevOps,Plus,Large,AMER,121,2.34,18,0,0,0,neutral,6,Support
ACCT-020,TKT-891533,2023-09-07,2023-09-07 22:25:16,medium,Data Pipeline,Live Chat,DevOps,Plus,Large,AMER,455,4.3,0,0,0,0,negative,7,Support
ACCT-043,TKT-666052,2023-11-20,2023-11-20 06:39:15,medium,Analytics Dashboard,Live Chat,Support Staff,Enterprise,Medium,EMEA,12,1.38,45,0,0,0,positive,5,Support
ACCT-072,TKT-972944,2024-12-02,,medium,Mobile App,Phone,Support Staff,Plus,Medium,APAC,22,12.01,9,0,0,0,neutral,4,Support
ACCT-083,TKT-698910,2023-06-27,2023-06-28 14:12:30,medium,Notifications,Email,DevOps,Plus,Medium,APAC,48,8.75,38,0,0,0,neutral,4,Support
ACCT-006,TKT-971406,2024-08-10,2024-08-13 11:23:29,medium,Notifications,Email,Support Staff,Basic,Small,APAC,13,10.17,13,0,0,0,negative,1,Support
ACCT-007,TKT-840632,2024-09-07,2024-09-08 06:44:39,medium,Notifications,Email,Support Staff,Plus,Small,AMER,27,3.25,46,0,0,0,positive,5,Support
ACCT-112,TKT-375834,2023-10-01,2023-10-02 22:09:28,medium,Authentication,Web Portal,Support Staff,Basic,Small,APAC,2,6.18,37,0,0,0,neutral,3,Support
ACCT-076,TKT-867173,2023-08-28,2023-09-01 11:49:46,medium,Authentication,Email,DevOps,Enterprise,Medium,EMEA,161,0.38,0,0,0,0,positive,3,Support
ACCT-036,TKT-880431,2023-09-28,2023-10-03 18:57:37,medium,Authentication,Phone,DevOps,Plus,Large,AMER,435,2.19,0,0,0,0,neutral,1,Support
ACCT-076,TKT-631691,2024-01-14,2024-01-17 10:38:54,medium,Notifications,Web Portal,Executive,Plus,Large,AMER,920,1.01,0,0,0,0,neutral,7,Support
ACCT-115,TKT-637756,2024-05-09,2024-05-10 04:55:23,medium,Mobile App,Web Portal,Support Staff,Enterprise,Large,EMEA,360,1.94,0,0,0,0,neutral,12,Support
ACCT-076,TKT-140220,2023-08-15,2023-08-18 07:29:23,medium,Authentication,Live Chat,Support Staff,Enterprise,Large,AMER,858,1.87,0,0,0,0,neutral,4,Support
ACCT-075,TKT-646619,2024-08-17,2024-08-17 12:57:49,medium,Data Pipeline,Live Chat,Support Staff,Plus,Large,EMEA,956,4.99,0,0,0,0,negative,6,Support
ACCT-023,TKT-978323,2024-04-21,2024-04-21 20:55:11,medium,Data Pipeline,Email,Support Staff,Plus,Medium,EMEA,34,11.11,58,0,0,0,negative,3,Support
ACCT-076,TKT-357859,2023-07-07,2023-07-12 11:09:03,medium,Billing,Live Chat,Executive,Plus,Small,APAC,11,6.63,0,1,0,0,neutral,3,Support
ACCT-025,TKT-330906,2023-10-19,2023-10-21 14:52:01,medium,Authentication,Email,Support Staff,Plus,Medium,EMEA,75,0.88,10,0,0,0,neutral,1,Support
ACCT-060,TKT-953403,2023-12-18,2023-12-19 03:53:14,medium,Notifications,Email,Support Staff,Plus,Small,AMER,9,6.98,36,0,0,0,neutral,0,Support
ACCT-048,TKT-308218,2023-12-09,2023-12-12 11:37:27,medium,Authentication,Web Portal,Support Staff,Basic,Small,APAC,3,15.97,27,0,0,0,neutral,3,Support
ACCT-083,TKT-885851,2023-08-30,2023-09-04 11:45:15,medium,Billing,Phone,DevOps,Plus,Large,AMER,148,1.95,3,0,0,0,neutral,10,Support
ACCT-080,TKT-684829,2024-01-06,2024-01-06 02:56:00,medium,Authentication,Web Portal,Finance,Basic,Small,APAC,14,5.93,90,0,0,0,positive,1,Support
ACCT-055,TKT-538471,2025-02-15,2025-02-15 22:34:39,medium,Authentication,Live Chat,Executive,Enterprise,Medium,EMEA,25,2.28,0,0,0,0,positive,5,Support
ACCT-056,TKT-346117,2024-02-25,2024-02-27 18:21:38,medium,Data Pipeline,Email,Product Manager,Plus,Large,AMER,200,8.45,0,0,0,0,neutral,6,Support
ACCT-075,TKT-288811,2024-05-23,2024-05-25 02:36:22,medium,Authentication,Email,Support Staff,Basic,Small,EMEA,9,3.07,45,0,0,0,neutral,1,Support
ACCT-075,TKT-800423,2024-04-03,2024-04-07 06:45:23,medium,Mobile App,Web Portal,Executive,Basic,Medium,APAC,23,3.35,5,0,0,0,neutral,6,Support
ACCT-083,TKT-726882,2024-10-09,2024-10-11 03:17:23,medium,Data Pipeline,Email,Finance,Plus,Large,EMEA,337,5.45,0,0,0,0,neutral,7,Support
ACCT-062,TKT-329565,2024-05-31,2024-06-02 09:32:47,medium,Analytics Dashboard,Email,DevOps,Plus,Medium,EMEA,57,1.75,12,0,0,0,neutral,3,Support
ACCT-062,TKT-901045,2023-09-24,2023-09-29 16:31:22,medium,Analytics Dashboard,Live Chat,DevOps,Plus,Large,AMER,667,2.36,3,0,0,0,negative,6,Support
ACCT-041,TKT-359413,2024-03-21,2024-03-22 19:28:01,medium,Notifications,Live Chat,Support Staff,Enterprise,Medium,EMEA,89,7.14,5,0,0,0,neutral,3,Support
ACCT-019,TKT-434397,2024-08-09,2024-08-09 14:17:41,medium,Authentication,Web Portal,Support Staff,Plus,Small,APAC,23,1.38,48,0,0,0,neutral,3,Support
ACCT-003,TKT-234278,2023-09-25,2023-09-26 11:58:01,medium,Authentication,Web Portal,Support Staff,Basic,Small,AMER,5,7.92,26,0,0,0,negative,2,Support
ACCT-010,TKT-730255,2024-10-08,2024-10-12 06:38:22,medium,Data Pipeline,Web Portal,DevOps,Enterprise,Medium,EMEA,156,6.33,0,0,0,0,neutral,0,Support
ACCT-038,TKT-380938,2024-07-26,2024-07-29 04:34:51,medium,Notifications,Email,DevOps,Enterprise,Large,EMEA,663,6.03,0,0,0,0,neutral,5,Support
ACCT-041,TKT-528873,2024-11-01,2024-11-01 23:10:53,medium,Mobile App,Web Portal,Finance,Basic,Small,APAC,37,2.86,17,1,0,0,neutral,2,Support
ACCT-017,TKT-807777,2023-08-02,2023-08-04 11:50:58,medium,Analytics Dashboard,Live Chat,DevOps,Plus,Medium,AMER,20,4.17,25,0,0,0,neutral,1,Support
ACCT-076,TKT-545853,2024-04-21,2024-04-22 18:34:22,medium,Billing,Live Chat,Support Staff,Plus,Large,AMER,268,4.54,0,0,0,0,negative,3,Support
ACCT-025,TKT-609089,2024-07-13,2024-07-14 03:27:02,medium,Authentication,Web Portal,Support Staff,Basic,Small,APAC,11,7.0,22,0,0,0,neutral,3,Support
ACCT-041,TKT-423496,2024-01-11,2024-01-12 11:11:11,medium,Billing,Phone,Product Manager,Enterprise,Large,AMER,541,1.29,0,0,0,0,neutral,5,Support
ACCT-077,TKT-274624,2024-09-01,2024-09-02 18:25:19,medium,Mobile App,Web Portal,Executive,Basic,Small,AMER,2,9.76,9,0,0,0,neutral,1,Support
ACCT-020,TKT-743095,2024-11-30,2024-11-30 22:21:44,medium,Data Pipeline,Live Chat,DevOps,Plus,Medium,EMEA,76,1.49,23,0,0,0,neutral,4,Support
ACCT-060,TKT-120887,2025-02-15,2025-02-16 10:10:07,medium,Authentication,Web Portal,Support Staff,Enterprise,Medium,EMEA,96,1.46,21,0,0,0,neutral,4,Support
ACCT-043,TKT-838963,2023-06-22,2023-06-25 23:20:22,medium,Billing,Email,Support Staff,Plus,Medium,AMER,40,12.23,4,0,0,0,positive,0,Support
ACCT-037,TKT-679751,2024-05-07,2024-05-11 23:34:19,medium,Mobile App,Web Portal,Support Staff,Plus,Medium,APAC,68,1.71,11,0,0,0,neutral,3,Support
ACCT-043,TKT-479687,2023-08-04,2023-08-06 23:58:40,medium,Mobile App,Web Portal,Support Staff,Plus,Medium,AMER,122,15.93,0,0,0,0,negative,3,Support
ACCT-065,TKT-661720,2024-11-30,2024-11-30 21:39:07,medium,Mobile App,Phone,Product Manager,Plus,Large,EMEA,249,4.07,14,0,0,0,neutral,3,Support
ACCT-035,TKT-940208,2024-07-10,2024-07-14 10:46:38,medium,Notifications,Web Portal,Support Staff,Basic,Small,EMEA,21,5.82,13,0,0,0,neutral,1,Support
ACCT-013,TKT-326088,2023-11-13,2023-11-17 23:08:22,medium,Authentication,Email,Support Staff,Enterprise,Medium,EMEA,54,3.68,0,0,0,0,neutral,2,Support
ACCT-083,TKT-137827,2024-12-18,2024-12-21 11:35:18,medium,Data Pipeline,Web Portal,DevOps,Enterprise,Medium,EMEA,58,3.74,10,0,0,0,neutral,1,Support
ACCT-056,TKT-625860,2023-06-21,2023-06-24 15:06:37,medium,Notifications,Email,Support Staff,Enterprise,Large,EMEA,445,6.23,0,0,0,0,neutral,10,Support
ACCT-016,TKT-396841,2024-07-12,2024-07-15 21:19:55,medium,Data Pipeline,Live Chat,Product Manager,Plus,Large,EMEA,51,1.75,47,0,0,0,neutral,5,Support
ACCT-035,TKT-821493,2024-04-04,2024-04-04 06:19:25,medium,Notifications,Live Chat,DevOps,Enterprise,Large,APAC,415,3.93,0,0,0,0,neutral,4,Support
ACCT-018,TKT-952487,2024-02-09,2024-02-09 07:17:01,medium,Notifications,Web Portal,Support Staff,Basic,Medium,APAC,34,4.58,39,0,0,0,neutral,1,Support
ACCT-060,TKT-876497,2024-06-21,2024-06-24 00:01:33,medium,Authentication,Web Portal,Support Staff,Plus,Large,EMEA,328,16.1,0,0,0,0,neutral,4,Support
ACCT-064,TKT-629016,2024-03-03,2024-03-07 11:16:21,medium,Authentication,Email,Support Staff,Basic,Small,AMER,13,8.59,30,0,0,0,negative,4,Support
ACCT-041,TKT-668011,2024-07-30,2024-07-30 05:51:13,medium,Data Pipeline,Email,Product Manager,Plus,Medium,EMEA,144,2.26,26,0,0,0,neutral,1,Support
ACCT-085,TKT-716767,2025-02-09,2025-02-14 01:28:13,medium,Analytics Dashboard,Web Portal,DevOps,Plus,Large,AMER,298,5.48,1,0,0,0,neutral,4,Support
ACCT-060,TKT-427354,2024-07-05,2024-07-05 21:16:23,medium,Authentication,Live Chat,DevOps,Enterprise,Medium,EMEA,143,6.27,0,0,0,0,neutral,3,Support
ACCT-049,TKT-416831,2024-04-27,2024-04-28 20:03:53,medium,Billing,Live Chat,DevOps,Plus,Large,EMEA,380,3.5,0,1,0,0,negative,11,Support
ACCT-046,TKT-787919,2024-03-07,2024-03-08 23:45:30,medium,Data Pipeline,Web Portal,Executive,Plus,Medium,EMEA,192,1.79,0,0,0,0,neutral,7,Support
ACCT-041,TKT-197582,2025-01-11,2025-01-13 01:09:17,medium,Notifications,Email,Support Staff,Plus,Medium,EMEA,53,2.63,21,0,0,0,negative,2,Support
ACCT-041,TKT-606828,2024-01-14,2024-01-19 18:15:16,medium,Analytics Dashboard,Email,DevOps,Plus,Medium,APAC,69,1.83,6,0,0,0,neutral,4,Support
ACCT-076,TKT-356496,2024-03-18,2024-03-22 22:19:45,medium,Mobile App,Web Portal,Product Manager,Plus,Large,AMER,341,2.21,0,0,0,0,neutral,12,Support
ACCT-065,TKT-512766,2024-06-26,2024-06-26 05:29:08,medium,Authentication,Email,Finance,Basic,Small,APAC,27,3.03,4,0,0,0,positive,7,Support
ACCT-056,TKT-574239,2024-06-16,2024-06-19 16:22:18,medium,Billing,Live Chat,DevOps,Enterprise,Large,APAC,447,5.12,0,0,0,0,neutral,7,Support
ACCT-076,TKT-908667,2024-01-16,2024-01-18 13:47:49,medium,Billing,Email,Support Staff,Plus,Medium,EMEA,165,1.6,4,0,0,0,neutral,4,Support
ACCT-025,TKT-214240,2024-01-24,2024-01-25 22:27:07,medium,Data Pipeline,Phone,Executive,Basic,Medium,APAC,36,9.17,0,0,0,0,neutral,6,Support
ACCT-107,TKT-187697,2024-04-14,2024-04-15 10:26:36,medium,Notifications,Web Portal,DevOps,Plus,Large,AMER,157,9.46,0,0,0,0,neutral,6,Support
ACCT-041,TKT-613604,2023-09-06,2023-09-08 11:40:49,medium,Mobile App,Web Portal,Support Staff,Enterprise,Medium,EMEA,90,1.19,18,0,0,0,neutral,6,Support
ACCT-025,TKT-746435,2025-01-28,2025-01-29 02:26:03,medium,Authentication,Live Chat,Support Staff,Enterprise,Large,APAC,177,4.39,0,0,0,0,positive,9,Support
ACCT-041,TKT-897527,2024-09-27,2024-09-29 07:09:08,medium,Mobile App,Web Portal,Support Staff,Plus,Medium,EMEA,50,5.24,25,0,0,0,neutral,3,Support
ACCT-078,TKT-531865,2024-01-25,2024-01-25 09:25:38,medium,Analytics Dashboard,Email,DevOps,Enterprise,Medium,EMEA,35,0.28,17,0,0,0,neutral,2,Support
ACCT-103,TKT-138283,2024-04-14,2024-04-17 12:43:55,medium,Billing,Web Portal,Support Staff,Basic,Small,APAC,13,7.89,12,0,0,0,neutral,0,Support
ACCT-060,TKT-105842,2024-04-25,2024-04-28 04:50:27,medium,Data Pipeline,Web Portal,Product Manager,Enterprise,Large,AMER,584,4.4,0,0,0,0,negative,4,Support
ACCT-076,TKT-933298,2024-03-01,2024-03-04 05:02:46,medium,Billing,Web Portal,Support Staff,Basic,Small,APAC,8,4.59,45,0,0,0,neutral,1,Support
ACCT-036,TKT-783680,2024-10-13,2024-10-15 09:48:35,medium,Data Pipeline,Email,Support Staff,Enterprise,Medium,EMEA,53,4.83,8,0,0,0,neutral,4,Support
ACCT-035,TKT-639420,2024-01-28,2024-01-29 09:23:15,medium,Mobile App,Phone,Support Staff,Basic,Small,EMEA,27,4.13,10,0,0,0,neutral,0,Support
ACCT-041,TKT-185390,2024-12-20,2024-12-24 10:32:39,medium,Notifications,Live Chat,Support Staff,Plus,Large,AMER,448,9.27,0,0,0,0,positive,4,Support
ACCT-018,TKT-233465,2023-09-16,2023-09-17 20:07:26,medium,Billing,Email,Support Staff,Enterprise,Medium,EMEA,37,2.28,15,0,0,0,neutral,4,Support
ACCT-020,TKT-274270,2023-06-14,2023-06-14 18:22:15,medium,Notifications,Email,Finance,Basic,Small,APAC,18,1.22,32,0,0,0,neutral,3,Support
ACCT-043,TKT-140959,2023-12-20,2023-12-21 21:24:50,medium,Mobile App,Web Portal,DevOps,Enterprise,Medium,EMEA,53,3.81,2,0,0,0,neutral,1,Support
ACCT-112,TKT-650071,2024-08-08,2024-08-10 03:51:33,medium,Billing,Web Portal,Finance,Plus,Medium,EMEA,22,1.34,20,0,0,0,negative,2,Support
ACCT-043,TKT-538459,2024-10-11,2024-10-11 16:23:57,medium,Mobile App,Email,DevOps,Plus,Medium,EMEA,26,4.27,14,0,0,0,neutral,3,Support
ACCT-104,TKT-408515,2024-07-13,2024-07-13 04:17:23,medium,Analytics Dashboard,Email,Product Manager,Enterprise,Medium,EMEA,20,6.83,25,0,0,0,negative,3,Support
ACCT-007,TKT-489684,2024-03-04,2024-03-06 07:02:34,medium,Notifications,Web Portal,Executive,Plus,Medium,EMEA,68,4.79,0,0,0,0,neutral,1,Support
ACCT-024,TKT-648668,2024-12-29,2024-12-31 23:19:29,medium,Analytics Dashboard,Email,Support Staff,Enterprise,Large,EMEA,443,0.86,0,0,0,0,negative,9,Support
ACCT-041,TKT-489287,2023-12-27,2023-12-30 23:24:48,medium,Authentication,Web Portal,Support Staff,Basic,Small,AMER,6,3.86,83,0,0,0,positive,2,Support
ACCT-056,TKT-320848,2024-11-13,2024-11-15 17:12:09,medium,Authentication,Phone,DevOps,Enterprise,Medium,EMEA,89,6.58,0,0,0,0,positive,8,Support
ACCT-038,TKT-993802,2024-05-04,2024-05-09 03:51:32,medium,Notifications,Email,Product Manager,Plus,Medium,APAC,33,15.53,0,0,0,0,neutral,2,Support
ACCT-010,TKT-596889,2023-10-17,2023-10-17 18:33:45,medium,Authentication,Web Portal,DevOps,Enterprise,Medium,EMEA,100,3.52,0,0,0,0,neutral,2,Support
ACCT-062,TKT-593348,2023-06-11,2023-06-12 08:58:34,medium,Mobile App,Web Portal,Finance,Enterprise,Medium,EMEA,88,4.7,0,0,0,0,neutral,3,Support
ACCT-048,TKT-835538,2023-08-08,,medium,Analytics Dashboard,Web Portal,Product Manager,Enterprise,Medium,EMEA,29,1.66,26,0,0,0,neutral,5,Support
ACCT-008,TKT-580870,2023-12-10,2023-12-10 21:43:39,medium,Data Pipeline,Web Portal,Support Staff,Plus,Large,AMER,873,0.34,0,0,0,0,neutral,10,Support
ACCT-041,TKT-723330,2024-05-04,2024-05-04 12:28:16,medium,Data Pipeline,Web Portal,DevOps,Plus,Medium,EMEA,42,6.58,37,0,0,0,neutral,2,Support
ACCT-024,TKT-337009,2023-11-08,2023-11-08 10:05:20,medium,Mobile App,Email,Product Manager,Enterprise,Medium,EMEA,36,1.14,9,0,0,0,neutral,3,Support
ACCT-076,TKT-387918,2024-05-19,2024-05-21 20:24:41,medium,Mobile App,Web Portal,DevOps,Basic,Small,APAC,6,12.25,12,0,0,0,neutral,4,Support
ACCT-058,TKT-712859,2024-03-18,2024-03-22 02:47:39,medium,Data Pipeline,Web Portal,Executive,Plus,Medium,APAC,60,2.55,0,0,0,0,neutral,9,Support
ACCT-041,TKT-367124,2024-04-09,2024-04-10 13:58:31,medium,Analytics Dashboard,Email,Support Staff,Plus,Large,EMEA,141,3.26,6,0,0,0,neutral,8,Support
ACCT-083,TKT-181239,2024-12-26,2024-12-28 09:15:24,medium,Data Pipeline,Live Chat,Support Staff,Enterprise,Medium,EMEA,6,11.16,45,0,0,0,neutral,3,Support
ACCT-041,TKT-393586,2025-01-27,2025-01-27 17:30:35,medium,Analytics Dashboard,Web Portal,Support Staff,Enterprise,Large,EMEA,220,1.71,0,0,0,0,negative,3,Support
ACCT-031,TKT-935593,2023-11-30,2023-12-01 03:39:48,medium,Mobile App,Live Chat,DevOps,Plus,Medium,APAC,79,0.58,20,0,0,0,neutral,3,Support
ACCT-020,TKT-446198,2024-11-16,2024-11-18 14:59:27,medium,Notifications,Phone,Finance,Plus,Large,AMER,564,3.51,0,0,0,0,positive,6,Support
ACCT-102,TKT-390704,2025-01-10,2025-01-13 17:56:38,medium,Billing,Phone,Support Staff,Plus,Medium,AMER,65,2.72,32,0,0,0,neutral,0,Support
ACCT-036,TKT-276264,2025-02-20,2025-02-23 01:53:03,medium,Authentication,Phone,Support Staff,Plus,Large,EMEA,1231,1.53,0,0,0,0,positive,5,Support
ACCT-057,TKT-195775,2023-06-03,2023-06-06 19:55:04,medium,Authentication,Web Portal,Support Staff,Basic,Small,APAC,37,2.12,5,0,0,0,neutral,1,Support
ACCT-018,TKT-100258,2025-02-19,2025-02-19 16:59:03,medium,Billing,Phone,Support Staff,Basic,Small,EMEA,72,8.13,0,0,0,0,,3,Support
ACCT-060,TKT-243628,2024-04-27,2024-04-27 11:01:25,medium,Authentication,Email,Support Staff,Basic,Small,APAC,19,9.59,27,0,0,0,neutral,2,Support
ACCT-038,TKT-594601,2024-11-05,2024-11-09 00:13:53,medium,Authentication,Web Portal,Support Staff,Basic,Small,APAC,24,2.55,32,0,0,0,neutral,3,Support
ACCT-036,TKT-352468,2024-04-30,2024-05-01 07:29:15,medium,Analytics Dashboard,Email,Product Manager,Plus,Large,AMER,520,0.9,3,0,0,0,neutral,7,Support
ACCT-010,TKT-840551,2024-12-25,2024-12-26 16:40:18,medium,Analytics Dashboard,Email,Support Staff,Enterprise,Large,EMEA,395,3.15,2,0,0,0,negative,9,Support
ACCT-035,TKT-432369,2024-09-28,2024-09-29 12:43:09,medium,Authentication,Live Chat,Support Staff,Plus,Large,EMEA,1319,2.4,0,0,0,0,negative,6,Support
ACCT-072,TKT-324289,2024-11-25,2024-11-25 11:03:32,medium,Analytics Dashboard,Live Chat,DevOps,Enterprise,Large,EMEA,26,4.06,0,0,0,1,neutral,5,Support
ACCT-036,TKT-845902,2023-11-18,2023-11-23 09:50:08,medium,Authentication,Web Portal,DevOps,Basic,Small,AMER,46,5.04,38,0,0,0,positive,0,Support
ACCT-043,TKT-613900,2023-10-25,2023-10-29 06:35:22,medium,Analytics Dashboard,Live Chat,DevOps,Enterprise,Large,EMEA,259,1.49,11,0,0,0,neutral,8,Support
ACCT-076,TKT-556564,2024-02-12,2024-02-15 04:18:37,medium,Analytics Dashboard,Live Chat,Finance,Plus,Medium,APAC,14,2.88,15,0,0,0,positive,3,Support
ACCT-078,TKT-996922,2024-05-22,2024-05-22 19:47:56,medium,Authentication,Phone,Product Manager,Plus,Large,AMER,1473,6.4,0,0,0,0,neutral,4,Support
ACCT-035,TKT-544677,2024-09-20,2024-09-23 17:43:59,medium,Billing,Email,Support Staff,Basic,Small,EMEA,5,1.49,89,0,0,0,neutral,0,Support
ACCT-059,TKT-300261,2024-01-05,2024-01-07 18:50:04,medium,Authentication,Email,DevOps,Basic,Small,EMEA,22,9.04,17,0,0,0,neutral,3,Support
ACCT-001,TKT-111190,2024-06-26,2024-06-27 14:41:22,medium,Notifications,Web Portal,Product Manager,Basic,Small,APAC,7,7.42,42,0,0,0,neutral,3,Support
ACCT-026,TKT-105887,2023-12-18,2023-12-19 21:54:11,medium,Mobile App,Email,Support Staff,Plus,Small,AMER,83,3.09,10,0,0,0,neutral,1,Support
ACCT-060,TKT-486785,2025-01-21,2025-01-22 08:15:22,medium,Authentication,Live Chat,Product Manager,Enterprise,Medium,EMEA,36,21.62,2,0,0,0,negative,4,Support
ACCT-036,TKT-386290,2024-02-15,,medium,Mobile App,Web Portal,Support Staff,Basic,Medium,APAC,27,3.54,25,0,0,0,neutral,7,Support
ACCT-083,TKT-517641,2023-07-05,2023-07-07 22:54:38,medium,Mobile App,Email,Support Staff,Plus,Large,EMEA,343,1.25,22,0,0,0,neutral,5,Support
ACCT-011,TKT-387492,2023-07-15,2023-07-21 13:19:41,medium,Mobile App,Web Portal,DevOps,Basic,Medium,APAC,41,1.41,36,0,0,0,positive,0,Support
ACCT-062,TKT-852908,2023-07-29,2023-08-03 20:13:51,medium,Notifications,Web Portal,DevOps,Basic,Small,APAC,9,6.78,10,0,0,0,neutral,0,Support
ACCT-076,TKT-614117,2024-09-25,2024-10-01 15:23:57,medium,Authentication,Live Chat,Support Staff,Plus,Medium,EMEA,278,3.14,0,0,0,0,neutral,3,Support
ACCT-046,TKT-887046,2023-11-25,2023-11-27 01:23:06,medium,Billing,Web Portal,DevOps,Plus,Medium,EMEA,328,4.46,10,0,0,0,neutral,2,Support
ACCT-072,TKT-130237,2024-12-10,2024-12-14 00:16:05,medium,Notifications,Email,Finance,Basic,Small,APAC,3,6.21,31,0,0,0,negative,2,Support
ACCT-024,TKT-871957,2025-02-17,2025-02-21 18:50:49,medium,Billing,Live Chat,Support Staff,Plus,Medium,APAC,52,1.85,45,0,0,0,neutral,1,Support
ACCT-109,TKT-539953,2023-11-29,2023-12-03 13:16:12,medium,Notifications,Email,Support Staff,Basic,Small,APAC,6,5.58,37,0,0,0,neutral,4,Support
ACCT-035,TKT-165352,2023-10-01,2023-10-01 09:11:03,medium,Mobile App,Web Portal,DevOps,Enterprise,Large,AMER,308,2.47,0,0,0,0,neutral,7,Support
ACCT-105,TKT-993990,2024-04-17,2024-04-17 12:42:30,medium,Billing,Live Chat,Product Manager,Plus,Medium,EMEA,232,3.42,0,0,0,0,neutral,2,Support
ACCT-031,TKT-448824,2023-12-16,2023-12-19 00:00:07,medium,Billing,Web Portal,Support Staff,Plus,Medium,EMEA,91,1.14,13,0,0,0,negative,4,Support
ACCT-076,TKT-715354,2024-04-20,2024-04-24 19:43:36,medium,Notifications,Web Portal,Support Staff,Plus,Medium,AMER,43,10.1,47,0,0,0,neutral,6,Support
ACCT-024,TKT-522757,2024-06-10,2024-06-12 06:19:08,medium,Mobile App,Live Chat,Support Staff,Plus,Large,EMEA,92,2.33,13,0,0,0,neutral,5,Support
ACCT-076,TKT-168110,2024-07-31,2024-08-04 06:09:00,medium,Authentication,Live Chat,Support Staff,Plus,Medium,EMEA,287,5.63,0,0,0,0,positive,1,Support
ACCT-010,TKT-864366,2023-12-15,2023-12-19 03:37:40,medium,Billing,Email,Product Manager,Plus,Large,EMEA,312,5.72,0,0,0,0,neutral,5,Support
ACCT-110,TKT-388909,2024-02-29,2024-02-29 11:33:02,medium,Authentication,Live Chat,DevOps,Plus,Small,AMER,75,2.55,20,0,0,0,neutral,2,Support
ACCT-043,TKT-281370,2025-02-13,2025-02-13 21:40:27,medium,Notifications,Web Portal,Executive,Basic,Medium,APAC,31,3.39,15,0,0,0,neutral,1,Support
ACCT-041,TKT-223432,2023-06-04,2023-06-05 08:19:56,medium,Mobile App,Web Portal,Finance,Plus,Medium,AMER,22,1.13,12,0,0,0,neutral,2,Support
ACCT-037,TKT-190277,2024-05-15,2024-05-17 00:34:38,medium,Authentication,Web Portal,Support Staff,Plus,Medium,APAC,33,3.41,16,0,0,0,neutral,0,Support
ACCT-060,TKT-194960,2024-12-31,2025-01-05 04:50:10,medium,Billing,Email,Support Staff,Enterprise,Large,APAC,384,1.56,0,0,0,0,negative,9,Support
ACCT-083,TKT-719864,2023-12-04,2023-12-07 10:59:30,medium,Data Pipeline,Email,DevOps,Plus,Medium,EMEA,49,7.67,51,0,0,0,neutral,7,Support
ACCT-110,TKT-328092,2023-06-21,2023-06-24 17:02:58,medium,Notifications,Web Portal,Executive,Plus,Medium,AMER,52,12.37,0,0,0,0,neutral,2,Support
ACCT-060,TKT-358717,2024-06-18,2024-06-19 23:55:08,medium,Authentication,Web Portal,Support Staff,Basic,Small,APAC,40,11.57,0,0,0,0,neutral,2,Support
ACCT-018,TKT-300368,2024-04-11,2024-04-15 06:04:02,medium,Notifications,Phone,DevOps,Basic,Small,APAC,6,9.07,22,0,0,0,neutral,1,Support
ACCT-036,TKT-401021,2023-10-14,2023-10-15 08:15:56,medium,Notifications,Web Portal,Support Staff,Basic,Small,APAC,20,10.74,12,0,0,0,negative,1,Support
ACCT-105,TKT-534092,2023-11-30,2023-12-01 05:11:51,medium,Authentication,Live Chat,DevOps,Plus,Large,AMER,41,15.1,0,0,0,0,neutral,3,Support
ACCT-018,TKT-308902,2024-01-18,2024-01-22 05:39:23,medium,Data Pipeline,Web Portal,DevOps,Plus,Large,EMEA,1420,4.19,0,0,0,0,negative,5,Support
ACCT-083,TKT-560952,2023-11-29,2023-12-05 00:28:10,medium,Mobile App,Live Chat,Support Staff,Enterprise,Large,AMER,185,2.61,0,0,0,0,negative,3,Support
ACCT-071,TKT-481276,2024-02-26,2024-02-26 12:16:24,medium,Mobile App,Live Chat,DevOps,Plus,Large,AMER,279,7.05,11,0,0,0,neutral,7,Support
ACCT-041,TKT-969793,2024-05-23,2024-05-26 18:00:40,medium,Data Pipeline,Web Portal,Support Staff,Plus,Medium,EMEA,10,3.22,33,0,0,0,neutral,2,Support
ACCT-038,TKT-504415,2023-11-22,2023-11-22 07:33:09,medium,Authentication,Email,Support Staff,Enterprise,Medium,EMEA,5,4.05,29,0,0,0,neutral,3,Support
ACCT-018,TKT-836296,2023-11-07,2023-11-09 08:53:14,medium,Notifications,Web Portal,Finance,Enterprise,Medium,EMEA,74,1.17,0,0,0,0,neutral,6,Support
ACCT-025,TKT-934951,2024-08-18,2024-08-19 11:54:02,medium,Authentication,Email,Finance,Plus,Medium,AMER,226,10.26,0,0,0,0,neutral,2,Support
ACCT-037,TKT-628236,2024-03-22,2024-03-22 22:28:36,medium,Authentication,Live Chat,DevOps,Plus,Small,AMER,11,2.9,27,0,0,0,positive,3,Support
ACCT-025,TKT-195166,2024-12-16,2024-12-20 04:34:28,medium,Analytics Dashboard,Email,Finance,Plus,Large,AMER,468,1.06,0,0,0,0,negative,2,Support
ACCT-112,TKT-590406,2024-11-07,2024-11-10 18:11:21,medium,Authentication,Live Chat,Product Manager,Basic,Small,EMEA,24,2.75,21,0,0,0,negative,3,Support
ACCT-063,TKT-790311,2024-02-23,2024-02-23 07:03:47,medium,Analytics Dashboard,Email,DevOps,Enterprise,Medium,EMEA,17,2.95,22,0,0,0,neutral,2,Support
ACCT-113,TKT-438680,2023-12-08,2023-12-10 01:35:01,medium,Notifications,Email,Finance,Enterprise,Medium,EMEA,26,11.83,3,0,0,0,neutral,2,Support
ACCT-083,TKT-135494,2024-06-16,2024-06-18 12:02:12,medium,Analytics Dashboard,Email,DevOps,Plus,Small,AMER,42,3.31,31,0,0,0,positive,2,Support
ACCT-063,TKT-108281,2024-04-26,2024-04-29 06:39:37,medium,Analytics Dashboard,Phone,Product Manager,Plus,Large,AMER,234,0.92,0,0,1,0,negative,7,Support
ACCT-011,TKT-779352,2023-11-10,2023-11-11 19:39:42,medium,Mobile App,Email,Support Staff,Plus,Medium,AMER,33,7.43,14,0,0,0,negative,1,Support
ACCT-110,TKT-270651,2023-09-11,2023-09-11 20:37:17,medium,Mobile App,Live Chat,DevOps,Enterprise,Large,APAC,91,7.92,0,0,0,0,negative,6,Support
ACCT-031,TKT-560333,2024-09-21,2024-09-23 09:57:14,medium,Mobile App,Email,Support Staff,Plus,Medium,EMEA,55,2.65,28,0,0,0,neutral,1,Support
ACCT-076,TKT-556097,2025-02-21,2025-02-22 23:29:07,medium,Analytics Dashboard,Email,Finance,Plus,Large,AMER,161,2.55,6,0,0,0,negative,6,Support
ACCT-076,TKT-858510,2024-07-13,2024-07-15 01:23:57,medium,Notifications,Web Portal,Support Staff,Plus,Small,AMER,29,7.2,47,0,0,0,neutral,2,Support
ACCT-043,TKT-520639,2024-06-17,2024-06-19 16:44:20,medium,Billing,Web Portal,Finance,Plus,Medium,EMEA,34,0.14,17,0,0,0,negative,1,Support
ACCT-063,TKT-345684,2024-04-03,2024-04-03 07:50:56,medium,Mobile App,Email,Support Staff,Plus,Large,EMEA,274,0.56,16,0,0,0,negative,10,Support
ACCT-062,TKT-382445,2024-11-01,2024-11-01 13:36:14,medium,Authentication,Web Portal,Support Staff,Basic,Small,APAC,14,6.72,25,0,0,0,negative,4,Support
ACCT-038,TKT-637085,2025-01-12,2025-01-13 17:27:41,medium,Authentication,Web Portal,Support Staff,Plus,Medium,EMEA,35,1.95,20,0,0,0,neutral,3,Support
ACCT-018,TKT-831519,2023-11-18,2023-11-23 02:27:03,medium,Data Pipeline,Web Portal,Product Manager,Enterprise,Medium,EMEA,78,1.53,41,0,0,0,neutral,2,Support
ACCT-085,TKT-888371,2024-11-18,2024-11-18 21:39:15,medium,Notifications,Phone,Support Staff,Enterprise,Large,AMER,254,2.41,0,0,0,0,negative,12,Support
ACCT-010,TKT-156413,2023-10-21,2023-10-21 15:31:21,medium,Authentication,Live Chat,Product Manager,Enterprise,Medium,EMEA,47,8.56,0,0,0,0,negative,0,Support
ACCT-026,TKT-940422,2023-09-01,2023-09-02 08:08:46,medium,Mobile App,Email,Support Staff,Plus,Large,EMEA,425,6.67,0,0,0,0,positive,5,Support
ACCT-038,TKT-100884,2024-05-20,2024-05-21 23:44:13,medium,Authentication,Web Portal,Support Staff,Basic,Small,APAC,22,7.78,14,0,0,0,neutral,1,Support
ACCT-076,TKT-422465,2023-10-30,2023-10-30 21:49:54,medium,Authentication,Email,Support Staff,Enterprise,Medium,EMEA,55,8.25,0,0,0,0,neutral,6,Support
ACCT-060,TKT-557754,2023-08-22,2023-08-22 20:23:36,medium,Authentication,Web Portal,Support Staff,Basic,Small,EMEA,5,20.02,35,0,0,0,neutral,3,Support
ACCT-060,TKT-682324,2023-09-01,2023-09-04 10:08:40,medium,Mobile App,Web Portal,Product Manager,Plus,Medium,EMEA,129,2.82,28,0,0,0,negative,3,Support
ACCT-019,TKT-204766,2024-06-18,2024-06-18 03:24:15,medium,Notifications,Live Chat,Product Manager,Plus,Medium,APAC,197,2.18,23,0,0,0,neutral,5,Support
ACCT-072,TKT-322813,2024-09-25,2024-09-27 10:19:30,medium,Mobile App,Web Portal,Support Staff,Plus,Large,AMER,177,0.28,15,0,0,0,positive,5,Support
ACCT-035,TKT-840529,2024-09-26,2024-09-29 01:52:32,medium,Data Pipeline,Live Chat,Product Manager,Plus,Large,EMEA,921,6.3,0,0,0,0,negative,5,Support
ACCT-067,TKT-234744,2024-02-04,2024-02-07 16:25:53,medium,Notifications,Web Portal,Finance,Basic,Small,APAC,11,8.43,6,0,0,0,negative,4,Support
ACCT-010,TKT-910822,2024-04-21,2024-04-24 16:25:46,medium,Billing,Web Portal,DevOps,Plus,Medium,EMEA,20,1.5,24,0,0,0,neutral,1,Support
ACCT-035,TKT-865850,2024-04-30,2024-05-04 19:47:58,medium,Mobile App,Live Chat,Product Manager,Enterprise,Large,APAC,250,2.11,6,0,0,0,neutral,3,Support
ACCT-043,TKT-463716,2024-08-08,2024-08-10 16:13:20,medium,Authentication,Email,Support Staff,Basic,Small,APAC,14,16.72,19,0,0,0,neutral,3,Support
ACCT-010,TKT-128202,2024-10-13,2024-10-16 02:04:49,medium,Data Pipeline,Phone,Support Staff,Basic,Medium,APAC,115,4.37,30,0,0,0,negative,2,Support
ACCT-026,TKT-346580,2024-01-14,2024-01-18 16:42:32,medium,Mobile App,Web Portal,Support Staff,Basic,Small,AMER,6,8.15,32,0,0,0,positive,3,Support
ACCT-011,TKT-101668,2024-06-12,2024-06-13 13:27:47,medium,Authentication,Web Portal,Executive,Plus,Medium,APAC,111,7.89,0,0,0,0,neutral,1,Support
ACCT-101,TKT-181023,2025-02-15,2025-02-17 16:30:36,medium,Authentication,Web Portal,Support Staff,Plus,Small,AMER,79,6.67,0,0,0,0,neutral,2,Support
ACCT-078,TKT-321493,2024-01-22,2024-01-22 16:14:31,medium,Notifications,Email,Product Manager,Basic,Small,EMEA,8,6.49,30,0,0,0,neutral,3,Support
ACCT-076,TKT-785815,2024-04-05,2024-04-06 21:10:28,medium,Notifications,Email,Executive,Basic,Small,APAC,5,8.54,8,0,0,0,neutral,1,Support
ACCT-041,TKT-505605,2023-12-02,2023-12-03 20:07:30,medium,Notifications,Web Portal,Support Staff,Enterprise,Medium,EMEA,91,4.75,16,0,0,0,neutral,3,Support
ACCT-076,TKT-542223,2024-10-05,2024-10-05 07:22:50,medium,Notifications,Live Chat,Product Manager,Enterprise,Large,APAC,1168,1.84,0,0,0,0,negative,7,Support
ACCT-036,TKT-974756,2023-12-01,2023-12-01 18:30:01,medium,Notifications,Email,Support Staff,Plus,Large,AMER,388,0.35,10,0,0,0,negative,3,Support
ACCT-102,TKT-819391,2023-09-17,2023-09-19 00:25:43,medium,Mobile App,Phone,Support Staff,Basic,Small,AMER,12,12.17,17,0,0,0,negative,4,Support
ACCT-067,TKT-946112,2023-09-12,2023-09-15 00:06:30,medium,Mobile App,Web Portal,Support Staff,Basic,Small,APAC,16,2.93,27,0,0,0,neutral,1,Support
ACCT-105,TKT-631597,2023-06-13,2023-06-13 18:15:46,medium,Data Pipeline,Phone,Product Manager,Plus,Large,AMER,407,5.18,12,0,0,0,,9,Support
ACCT-041,TKT-785577,2024-06-28,,medium,Notifications,Phone,DevOps,Plus,Large,EMEA,532,12.55,0,0,0,0,neutral,7,Support
ACCT-048,TKT-545625,2024-07-16,2024-07-17 19:46:28,medium,Mobile App,Web Portal,Support Staff,Basic,Medium,APAC,75,1.0,20,0,0,0,positive,1,Support
ACCT-075,TKT-946331,2024-02-20,2024-02-23 12:58:54,medium,Authentication,Web Portal,Product Manager,Basic,Small,APAC,51,14.79,0,0,0,0,neutral,1,Support
ACCT-025,TKT-846610,2024-09-04,2024-09-06 04:39:11,medium,Authentication,Email,Support Staff,Plus,Medium,EMEA,219,0.84,23,0,0,0,neutral,1,Support
ACCT-020,TKT-217096,2024-05-09,2024-05-13 07:28:20,medium,Mobile App,Live Chat,Product Manager,Basic,Small,APAC,21,7.21,18,0,0,0,neutral,3,Support
ACCT-063,TKT-502099,2023-12-01,2023-12-07 01:18:40,medium,Mobile App,Phone,Executive,Plus,Large,AMER,1314,0.64,0,0,0,0,neutral,7,Support
ACCT-020,TKT-841935,2023-08-21,2023-08-21 17:19:45,medium,Mobile App,Live Chat,Executive,Plus,Medium,APAC,72,6.82,0,0,0,0,positive,4,Support
ACCT-101,TKT-744371,2025-01-25,2025-01-26 03:10:43,medium,Billing,Live Chat,Product Manager,Plus,Large,AMER,337,0.26,20,0,0,0,negative,5,Support
ACCT-038,TKT-141779,2024-09-08,2024-09-09 21:07:07,medium,Billing,Email,Support Staff,Enterprise,Large,AMER,173,6.19,0,0,0,0,negative,6,Support
ACCT-083,TKT-152505,2023-10-03,2023-10-07 12:35:16,medium,Billing,Email,Support Staff,Basic,Small,EMEA,9,1.17,59,0,0,0,neutral,3,Support
ACCT-041,TKT-453854,2025-02-03,2025-02-06 04:27:33,medium,Data Pipeline,Email,Product Manager,Basic,Medium,APAC,7,21.27,17,0,0,0,neutral,1,Support
ACCT-013,TKT-380216,2024-03-30,2024-04-02 17:04:06,medium,Analytics Dashboard,Web Portal,Support Staff,Enterprise,Medium,EMEA,46,0.68,9,0,0,0,neutral,4,Support
ACCT-040,TKT-568472,2023-12-01,2023-12-02 06:34:43,medium,Authentication,Web Portal,Executive,Enterprise,Medium,EMEA,82,3.07,0,0,0,0,positive,2,Support
ACCT-115,TKT-217108,2024-04-28,2024-04-29 07:00:40,medium,Authentication,Web Portal,Support Staff,Enterprise,Medium,EMEA,412,8.69,0,0,0,0,negative,1,Support
ACCT-041,TKT-515461,2024-05-31,2024-06-03 11:21:44,medium,Mobile App,Email,Product Manager,Enterprise,Medium,EMEA,166,6.49,0,0,0,0,negative,4,Support
ACCT-064,TKT-232177,2024-02-10,2024-02-10 19:32:55,medium,Data Pipeline,Phone,DevOps,Plus,Large,AMER,861,0.8,0,0,0,0,neutral,5,Support
ACCT-060,TKT-388039,2023-10-27,2023-10-29 20:57:45,medium,Authentication,Web Portal,Support Staff,Enterprise,Medium,EMEA,178,6.83,0,0,0,0,positive,2,Support
ACCT-010,TKT-355958,2024-05-19,2024-05-24 20:34:32,medium,Analytics Dashboard,Live Chat,Finance,Enterprise,Large,EMEA,128,2.54,3,0,0,0,positive,5,Support
ACCT-041,TKT-442452,2024-11-18,2024-11-20 12:41:39,medium,Analytics Dashboard,Live Chat,Support Staff,Plus,Large,EMEA,64,0.69,8,0,0,0,neutral,9,Support
ACCT-108,TKT-858970,2024-06-16,2024-06-16 07:41:24,medium,Authentication,Live Chat,Product Manager,Basic,Small,APAC,5,10.91,21,0,0,0,positive,1,Support
ACCT-059,TKT-182590,2023-09-12,2023-09-13 15:29:17,medium,Authentication,Live Chat,Product Manager,Basic,Small,APAC,10,3.7,20,0,0,0,neutral,3,Support
ACCT-072,TKT-543054,2024-05-11,2024-05-16 03:58:05,medium,Analytics Dashboard,Phone,Executive,Enterprise,Medium,EMEA,21,2.97,0,0,0,0,negative,4,Support
ACCT-035,TKT-369335,2024-07-15,2024-07-15 06:06:55,medium,Billing,Web Portal,DevOps,Basic,Small,APAC,6,3.31,65,0,0,0,negative,6,Support
ACCT-041,TKT-222080,2023-08-21,2023-08-25 05:58:30,medium,Data Pipeline,Phone,Product Manager,Plus,Large,AMER,620,8.64,0,0,0,0,negative,5,Support
ACCT-041,TKT-745483,2023-12-14,2023-12-16 12:55:19,medium,Billing,Email,Support Staff,Basic,Small,APAC,3,2.95,21,1,0,0,neutral,4,Support
ACCT-036,TKT-827981,2024-11-08,2024-11-10 09:01:58,medium,Mobile App,Web Portal,Executive,Basic,Small,AMER,8,2.99,14,0,0,0,positive,4,Support
ACCT-039,TKT-897671,2023-07-21,2023-07-22 14:41:33,medium,Authentication,Web Portal,Support Staff,Basic,Small,APAC,24,9.82,54,0,0,0,positive,1,Support
ACCT-085,TKT-294734,2024-08-21,2024-08-22 04:47:46,medium,Authentication,Phone,Finance,Plus,Medium,EMEA,48,14.24,0,0,0,0,neutral,5,Support
ACCT-073,TKT-518036,2024-03-10,2024-03-12 04:35:43,medium,Billing,Phone,Finance,Plus,Small,AMER,82,3.41,9,0,0,0,neutral,1,Support
ACCT-035,TKT-526962,2023-12-03,2023-12-06 03:16:23,medium,Analytics Dashboard,Phone,Finance,Plus,Large,AMER,198,0.79,20,0,0,0,neutral,5,Support
ACCT-105,TKT-236070,2023-12-30,2023-12-30 05:40:40,medium,Authentication,Web Portal,Product Manager,Plus,Small,APAC,14,6.91,16,0,0,0,neutral,3,Support
ACCT-072,TKT-765695,2024-03-08,2024-03-09 04:03:21,medium,Notifications,Email,Finance,Basic,Medium,APAC,23,24.08,0,0,0,0,positive,2,Support
ACCT-076,TKT-843449,2024-04-21,2024-04-21 12:40:49,medium,Notifications,Live Chat,DevOps,Plus,Small,AMER,11,12.64,11,0,0,0,neutral,3,Support
ACCT-035,TKT-863535,2024-04-28,2024-04-28 23:43:54,medium,Mobile App,Live Chat,Product Manager,Plus,Large,EMEA,567,0.0,15,0,0,0,neutral,10,Support
ACCT-076,TKT-765607,2025-02-13,2025-02-17 04:00:20,medium,Mobile App,Live Chat,Support Staff,Plus,Medium,APAC,96,2.4,15,0,0,0,positive,3,Support
ACCT-018,TKT-684745,2025-01-30,2025-01-31 10:04:32,medium,Analytics Dashboard,Email,Support Staff,Enterprise,Medium,EMEA,59,2.33,6,0,0,0,negative,2,Support
ACCT-060,TKT-962588,2023-06-13,2023-06-14 11:29:58,medium,Authentication,Web Portal,Product Manager,Basic,Small,APAC,26,8.64,4,0,0,0,neutral,4,Support
ACCT-051,TKT-623212,2024-08-29,2024-08-29 17:27:09,medium,Authentication,Live Chat,Support Staff,Plus,Medium,APAC,47,3.26,0,0,1,0,neutral,2,Support
ACCT-072,TKT-509008,2024-01-02,2024-01-04 08:12:11,medium,Authentication,Web Portal,Product Manager,Plus,Medium,EMEA,70,7.57,12,0,0,0,negative,3,Support
ACCT-020,TKT-699065,2024-02-17,2024-02-18 17:41:34,medium,Notifications,Live Chat,Finance,Basic,Small,AMER,3,7.97,22,0,0,0,neutral,4,Support
ACCT-031,TKT-462072,2023-08-20,2023-08-22 20:45:20,medium,Data Pipeline,Email,Product Manager,Plus,Large,EMEA,1522,9.24,0,0,0,0,neutral,7,Support
ACCT-078,TKT-487125,2023-08-25,2023-08-25 22:29:10,medium,Analytics Dashboard,Web Portal,Support Staff,Plus,Medium,EMEA,26,2.05,15,0,0,0,neutral,1,Support
ACCT-018,TKT-807265,2024-04-07,2024-04-08 06:26:27,medium,Authentication,Email,Support Staff,Basic,Small,APAC,13,9.2,7,0,0,0,neutral,4,Support
ACCT-060,TKT-274833,2024-09-21,2024-09-21 06:52:43,medium,Authentication,Web Portal,Support Staff,Basic,Small,APAC,54,8.43,0,0,0,0,neutral,1,Support
ACCT-083,TKT-902097,2024-05-26,2024-05-28 12:10:32,medium,Mobile App,Web Portal,Support Staff,Basic,Medium,APAC,36,7.09,10,0,0,0,negative,3,Support
ACCT-025,TKT-880195,2023-06-24,2023-06-27 14:29:45,medium,Billing,Live Chat,Executive,Enterprise,Large,AMER,77,0.0,0,0,0,0,neutral,2,Support
ACCT-038,TKT-663706,2024-10-15,2024-10-21 07:23:40,medium,Mobile App,Live Chat,Support Staff,Enterprise,Medium,EMEA,167,6.5,0,0,0,0,neutral,1,Support
ACCT-011,TKT-229492,2023-10-13,2023-10-14 15:07:35,medium,Notifications,Live Chat,Support Staff,Basic,Small,APAC,15,6.34,28,0,0,0,negative,1,Support
ACCT-025,TKT-216006,2023-09-08,2023-09-09 16:56:05,medium,Data Pipeline,Live Chat,Support Staff,Enterprise,Medium,EMEA,63,8.86,0,0,0,0,neutral,4,Support
ACCT-040,TKT-904126,2025-01-05,2025-01-06 06:12:03,medium,Data Pipeline,Web Portal,Support Staff,Enterprise,Medium,EMEA,38,1.87,14,0,0,0,neutral,6,Support
ACCT-043,TKT-328330,2024-07-15,2024-07-17 10:21:16,medium,Authentication,Web Portal,Support Staff,Basic,Small,APAC,111,6.21,0,0,0,0,neutral,2,Support
ACCT-037,TKT-907927,2024-08-02,2024-08-06 20:25:38,medium,Data Pipeline,Live Chat,DevOps,Enterprise,Medium,EMEA,78,4.52,0,0,0,0,negative,3,Support
ACCT-018,TKT-820208,2024-06-06,2024-06-08 20:36:24,medium,Billing,Web Portal,Executive,Plus,Medium,AMER,26,1.05,0,1,0,0,positive,0,Support
ACCT-041,TKT-336033,2024-04-21,2024-04-23 04:40:52,medium,Analytics Dashboard,Live Chat,Support Staff,Plus,Large,AMER,299,1.66,39,0,0,0,neutral,8,Support
ACCT-035,TKT-966268,2024-07-18,2024-07-20 03:49:07,medium,Analytics Dashboard,Phone,Finance,Plus,Large,AMER,175,1.82,19,0,0,0,neutral,5,Support
ACCT-010,TKT-519487,2024-09-03,2024-09-03 17:54:50,medium,Billing,Live Chat,Support Staff,Enterprise,Large,AMER,158,3.49,0,0,0,0,neutral,6,Support
ACCT-114,TKT-899995,2024-03-22,2024-03-22 02:58:30,medium,Mobile App,Web Portal,Support Staff,Basic,Small,APAC,4,6.78,32,0,0,0,negative,1,Support
ACCT-036,TKT-203099,2024-09-18,2024-09-21 00:09:11,medium,Analytics Dashboard,Live Chat,Support Staff,Plus,Large,EMEA,275,2.27,10,0,0,0,neutral,7,Support
ACCT-041,TKT-538587,2024-06-27,2024-06-29 14:05:02,medium,Authentication,Web Portal,Product Manager,Enterprise,Medium,EMEA,40,6.6,0,0,0,0,neutral,7,Support
ACCT-028,TKT-335082,2024-07-25,2024-07-25 20:46:53,medium,Billing,Web Portal,Finance,Basic,Small,EMEA,12,1.36,10,1,0,0,neutral,3,Support
ACCT-038,TKT-184416,2023-10-20,2023-10-22 17:52:45,medium,Notifications,Web Portal,Support Staff,Enterprise,Medium,EMEA,52,5.7,24,0,0,0,neutral,4,Support
ACCT-072,TKT-123942,2025-02-03,2025-02-05 12:53:00,medium,Notifications,Web Portal,Finance,Plus,Medium,APAC,50,12.88,29,0,0,0,neutral,5,Support
ACCT-008,TKT-755879,2024-04-28,2024-04-30 17:53:35,medium,Billing,Email,Support Staff,Plus,Small,AMER,23,3.25,28,0,0,0,neutral,4,Support
ACCT-046,TKT-123823,2024-09-26,2024-09-29 04:09:51,medium,Billing,Phone,DevOps,Basic,Small,APAC,21,2.55,22,0,0,0,negative,3,Support
ACCT-011,TKT-678874,2025-02-05,2025-02-09 16:12:35,medium,Authentication,Email,Support Staff,Basic,Medium,APAC,74,8.16,0,0,0,0,neutral,4,Support
ACCT-046,TKT-269218,2024-11-05,2024-11-09 11:35:37,medium,Authentication,Email,DevOps,Plus,Medium,EMEA,86,3.82,35,0,0,0,neutral,0,Support
ACCT-075,TKT-283722,2024-09-11,2024-09-12 14:09:33,medium,Notifications,Live Chat,Support Staff,Basic,Medium,APAC,44,4.5,57,0,0,0,neutral,2,Support
ACCT-104,TKT-438400,2024-09-26,2024-10-01 07:01:01,medium,Data Pipeline,Live Chat,Support Staff,Enterprise,Medium,EMEA,23,5.08,89,0,0,0,negative,4,Support
ACCT-036,TKT-317062,2023-10-14,2023-10-15 06:33:12,medium,Analytics Dashboard,Live Chat,DevOps,Enterprise,Large,EMEA,154,1.72,0,0,0,0,neutral,13,Support
ACCT-053,TKT-732552,2025-01-12,2025-01-14 00:00:40,medium,Mobile App,Live Chat,Product Manager,Plus,Large,EMEA,165,9.26,2,0,0,0,neutral,7,Support
ACCT-041,TKT-583819,2024-08-28,2024-09-03 07:25:15,medium,Mobile App,Live Chat,Product Manager,Plus,Medium,EMEA,40,7.13,7,0,0,0,neutral,2,Support
ACCT-062,TKT-978576,2024-10-25,2024-10-27 22:06:37,medium,Notifications,Live Chat,Executive,Basic,Medium,APAC,70,1.99,0,0,0,0,neutral,1,Support
ACCT-065,TKT-356757,2024-05-05,2024-05-09 13:32:14,medium,Authentication,Web Portal,Finance,Enterprise,Medium,EMEA,104,3.34,0,0,0,0,negative,1,Support
ACCT-036,TKT-884972,2024-09-16,2024-09-19 09:49:13,medium,Analytics Dashboard,Live Chat,Support Staff,Enterprise,Large,AMER,94,2.82,14,0,0,0,negative,8,Support
ACCT-041,TKT-645015,2023-07-04,2023-07-07 03:49:28,medium,Notifications,Web Portal,Finance,Enterprise,Large,APAC,244,8.67,0,0,0,0,neutral,8,Support
ACCT-043,TKT-537350,2024-09-24,2024-09-28 11:18:48,medium,Authentication,Email,Support Staff,Enterprise,Medium,EMEA,40,4.65,14,0,0,0,neutral,5,Support
ACCT-041,TKT-850565,2024-02-22,2024-02-26 16:10:21,medium,Mobile App,Email,Support Staff,Plus,Small,AMER,12,6.67,30,0,0,0,positive,0,Support
ACCT-010,TKT-124872,2025-02-11,2025-02-13 22:53:34,medium,Notifications,Web Portal,Support Staff,Enterprise,Medium,EMEA,17,8.47,10,0,0,0,neutral,2,Support
ACCT-041,TKT-407194,2024-08-23,2024-08-25 02:13:01,medium,Mobile App,Email,Support Staff,Enterprise,Large,APAC,66,4.5,6,0,0,0,positive,5,Support
ACCT-048,TKT-141844,2024-07-12,2024-07-16 04:16:04,medium,Billing,Web Portal,DevOps,Plus,Large,EMEA,271,4.12,0,0,0,0,negative,3,Support
ACCT-110,TKT-759835,2024-06-07,2024-06-08 17:19:20,medium,Authentication,Web Portal,Support Staff,Basic,Small,APAC,56,18.24,0,0,0,0,neutral,0,Support
ACCT-020,TKT-253075,2024-08-24,2024-08-25 20:26:08,medium,Authentication,Live Chat,Product Manager,Basic,Small,EMEA,20,2.98,34,0,0,0,positive,3,Support
ACCT-043,TKT-930072,2024-02-24,2024-02-27 15:34:37,medium,Analytics Dashboard,Web Portal,Support Staff,Plus,Large,EMEA,44,7.46,8,0,0,0,neutral,4,Support
ACCT-076,TKT-788428,2023-09-23,2023-09-26 09:48:44,medium,Notifications,Web Portal,Finance,Plus,Medium,AMER,16,2.35,106,0,0,0,neutral,2,Support
ACCT-083,TKT-606033,2024-05-13,2024-05-13 16:34:58,medium,Authentication,Web Portal,Executive,Plus,Medium,APAC,67,10.11,0,0,0,0,positive,3,Support
ACCT-024,TKT-827414,2024-01-02,2024-01-03 03:48:47,medium,Notifications,Live Chat,Support Staff,Basic,Small,APAC,5,9.04,28,0,0,0,neutral,2,Support
ACCT-041,TKT-889056,2023-08-15,2023-08-16 23:41:04,medium,Billing,Live Chat,Executive,Basic,Medium,APAC,21,4.22,17,0,0,0,positive,2,Support
ACCT-072,TKT-822672,2024-02-06,2024-02-09 15:25:04,medium,Billing,Live Chat,Product Manager,Enterprise,Medium,EMEA,92,5.71,0,0,0,0,neutral,1,Support
ACCT-035,TKT-370450,2024-08-29,2024-08-30 10:15:58,medium,Mobile App,Phone,Finance,Enterprise,Large,EMEA,368,0.64,2,0,0,0,neutral,6,Support
ACCT-025,TKT-246822,2025-01-02,2025-01-03 04:50:43,medium,Mobile App,Web Portal,Product Manager,Plus,Large,AMER,171,5.33,19,0,0,0,negative,6,Support
ACCT-083,TKT-488865,2023-10-30,2023-11-01 06:57:35,medium,Billing,Live Chat,Support Staff,Enterprise,Large,AMER,280,0.41,0,0,0,0,positive,9,Support
ACCT-017,TKT-850609,2024-12-29,2024-12-30 13:30:30,medium,Authentication,Phone,DevOps,Enterprise,Medium,EMEA,6,5.01,58,0,0,0,neutral,2,Support
ACCT-036,TKT-847717,2023-11-10,2023-11-12 12:31:00,medium,Analytics Dashboard,Web Portal,Support Staff,Plus,Medium,APAC,55,2.69,33,0,0,0,neutral,3,Support
ACCT-024,TKT-944311,2024-08-24,2024-08-27 02:33:56,medium,Authentication,Live Chat,DevOps,Plus,Large,AMER,226,4.77,0,0,0,0,neutral,6,Support
ACCT-038,TKT-502890,2023-10-10,2023-10-10 16:59:14,medium,Mobile App,Live Chat,Product Manager,Plus,Medium,AMER,16,3.46,14,0,0,0,positive,3,Support
ACCT-085,TKT-321943,2024-02-19,2024-02-21 21:28:56,medium,Data Pipeline,Phone,Product Manager,Plus,Large,EMEA,1543,6.57,0,0,0,0,neutral,2,Support
ACCT-018,TKT-372022,2025-01-18,2025-01-19 07:31:35,medium,Data Pipeline,Email,Product Manager,Enterprise,Medium,EMEA,135,2.07,0,0,0,0,neutral,3,Support
ACCT-003,TKT-641922,2024-06-07,2024-06-10 09:40:47,medium,Notifications,Web Portal,Support Staff,Enterprise,Medium,EMEA,35,3.4,22,0,0,0,positive,2,Support
ACCT-056,TKT-460934,2024-07-20,2024-07-22 01:46:59,medium,Mobile App,Web Portal,Support Staff,Plus,Medium,EMEA,42,4.02,13,0,0,0,negative,3,Support
ACCT-025,TKT-648759,2023-11-07,2023-11-09 14:58:04,medium,Authentication,Web Portal,Support Staff,Plus,Small,APAC,21,0.94,27,0,0,0,neutral,1,Support
ACCT-069,TKT-779872,2024-06-18,2024-06-19 15:04:47,medium,Data Pipeline,Web Portal,Support Staff,Plus,Medium,EMEA,122,1.84,48,0,0,0,neutral,6,Support
ACCT-036,TKT-607509,2023-11-21,2023-11-25 13:14:25,medium,Notifications,Live Chat,Support Staff,Plus,Medium,EMEA,61,3.23,46,0,0,0,neutral,2,Support
ACCT-036,TKT-458997,2024-06-23,2024-06-23 05:04:44,medium,Authentication,Live Chat,Support Staff,Basic,Small,AMER,8,10.79,52,0,0,0,negative,1,Support
ACCT-043,TKT-391835,2024-01-17,2024-01-18 08:08:59,medium,Analytics Dashboard,Live Chat,Support Staff,Plus,Large,AMER,80,2.46,23,0,0,0,negative,8,Support
ACCT-023,TKT-781570,2025-02-13,2025-02-16 18:59:02,medium,Billing,Phone,Support Staff,Plus,Medium,EMEA,27,1.83,6,1,0,0,neutral,4,Support
ACCT-025,TKT-769658,2023-12-19,2023-12-20 12:52:22,medium,Data Pipeline,Web Portal,Support Staff,Enterprise,Medium,EMEA,47,9.76,11,0,0,0,neutral,5,Support
ACCT-017,TKT-921126,2023-06-13,2023-06-17 06:36:37,medium,Billing,Live Chat,Product Manager,Enterprise,Medium,EMEA,18,6.54,20,0,0,0,positive,4,Support
ACCT-036,TKT-481220,2024-11-18,2024-11-22 19:49:43,medium,Data Pipeline,Live Chat,Support Staff,Enterprise,Medium,EMEA,20,2.1,7,0,0,0,neutral,6,Support
ACCT-020,TKT-445521,2023-07-04,2023-07-05 17:13:24,medium,Data Pipeline,Phone,Product Manager,Plus,Large,EMEA,324,1.64,15,0,0,0,,1,Support
ACCT-059,TKT-660730,2024-11-01,2024-11-01 10:07:30,medium,Authentication,Live Chat,Product Manager,Enterprise,Medium,EMEA,25,1.18,54,0,0,0,neutral,3,Support
ACCT-041,TKT-158693,2024-12-02,2024-12-06 13:39:31,medium,Data Pipeline,Live Chat,Support Staff,Enterprise,Large,AMER,1002,2.99,0,0,0,0,positive,8,Support
ACCT-075,TKT-368511,2024-08-31,2024-09-02 12:24:00,medium,Mobile App,Live Chat,Product Manager,Enterprise,Medium,EMEA,41,4.8,12,0,0,0,positive,6,Support
ACCT-009,TKT-356992,2023-12-05,2023-12-08 04:56:37,medium,Analytics Dashboard,Live Chat,Support Staff,Plus,Medium,APAC,57,2.32,7,0,0,0,neutral,1,Support
ACCT-041,TKT-142187,2024-01-20,2024-01-23 04:56:04,medium,Analytics Dashboard,Web Portal,Support Staff,Enterprise,Medium,EMEA,169,0.48,5,0,0,0,negative,4,Support
ACCT-076,TKT-879207,2025-02-13,2025-02-14 03:55:58,medium,Authentication,Web Portal,DevOps,Basic,Small,APAC,6,9.55,28,0,0,0,negative,2,Support
ACCT-043,TKT-238987,2023-12-12,2023-12-15 11:35:20,medium,Mobile App,Web Portal,Product Manager,Plus,Medium,AMER,76,3.22,10,0,0,0,neutral,1,Support
ACCT-035,TKT-355790,2024-11-17,2024-11-18 07:30:26,medium,Notifications,Web Portal,Support Staff,Plus,Medium,EMEA,9,3.09,69,0,0,0,negative,4,Support
ACCT-035,TKT-203043,2025-01-20,2025-01-23 16:12:03,medium,Notifications,Email,DevOps,Basic,Small,AMER,26,11.4,46,0,0,0,neutral,2,Support
ACCT-072,TKT-928391,2024-12-01,2024-12-05 15:45:48,medium,Data Pipeline,Live Chat,Support Staff,Plus,Medium,EMEA,32,11.14,62,0,0,0,neutral,5,Support
ACCT-077,TKT-187436,2023-08-14,2023-08-14 21:28:06,medium,Data Pipeline,Live Chat,Support Staff,Plus,Medium,EMEA,128,5.81,9,0,0,0,neutral,2,Support
ACCT-076,TKT-325437,2024-09-30,2024-09-30 21:33:24,medium,Authentication,Web Portal,Support Staff,Plus,Large,AMER,785,2.79,0,0,0,0,neutral,3,Support
ACCT-060,TKT-709970,2025-02-02,2025-02-04 02:56:52,medium,Data Pipeline,Web Portal,DevOps,Plus,Medium,APAC,12,2.52,57,0,0,0,neutral,2,Support
ACCT-075,TKT-564143,2024-08-14,2024-08-18 11:05:14,medium,Notifications,Email,DevOps,Plus,Large,AMER,747,4.41,0,0,0,0,negative,4,Support
ACCT-041,TKT-892244,2023-12-17,2023-12-19 15:11:50,medium,Authentication,Web Portal,Product Manager,Plus,Small,APAC,17,7.21,10,0,0,0,neutral,1,Support
ACCT-019,TKT-526947,2024-09-10,2024-09-16 09:35:53,medium,Billing,Phone,Support Staff,Plus,Medium,AMER,68,0.36,16,0,0,0,,6,Support
ACCT-041,TKT-444603,2025-02-05,2025-02-06 04:24:31,medium,Billing,Web Portal,Support Staff,Plus,Medium,EMEA,46,3.07,14,0,0,0,negative,2,Support
ACCT-036,TKT-776624,2024-11-01,2024-11-03 02:29:52,medium,Authentication,Web Portal,Support Staff,Basic,Small,APAC,11,12.68,15,0,0,0,positive,2,Support
ACCT-060,TKT-457713,2024-04-02,2024-04-03 03:47:01,medium,Notifications,Live Chat,Support Staff,Plus,Large,AMER,406,10.57,0,0,0,0,negative,6,Support
ACCT-076,TKT-756326,2024-03-08,2024-03-11 03:13:13,medium,Data Pipeline,Phone,Support Staff,Plus,Large,AMER,184,20.42,0,0,0,0,,12,Support
ACCT-035,TKT-291029,2024-08-24,2024-08-24 13:55:01,medium,Analytics Dashboard,Phone,Finance,Plus,Large,AMER,252,4.06,0,0,0,0,positive,8,Support
ACCT-028,TKT-634299,2024-10-12,2024-10-12 03:45:36,medium,Billing,Email,Product Manager,Plus,Medium,AMER,119,2.21,8,0,0,0,neutral,5,Support
ACCT-037,TKT-897376,2024-09-24,2024-09-26 03:55:43,medium,Mobile App,Email,Support Staff,Plus,Medium,APAC,23,2.2,22,0,0,0,negative,1,Support
ACCT-043,TKT-564727,2024-08-16,2024-08-19 02:31:20,medium,Analytics Dashboard,Web Portal,DevOps,Plus,Large,AMER,647,1.44,0,0,0,0,neutral,5,Support
ACCT-056,TKT-291528,2024-05-16,2024-05-18 21:38:04,medium,Analytics Dashboard,Web Portal,Product Manager,Plus,Large,EMEA,136,2.0,13,0,0,0,neutral,7,Support
ACCT-043,TKT-323573,2023-12-16,2023-12-19 19:07:08,medium,Authentication,Live Chat,Support Staff,Plus,Small,AMER,25,5.29,22,0,0,0,neutral,1,Support
ACCT-036,TKT-656164,2024-04-10,2024-04-12 04:37:13,medium,Notifications,Phone,Product Manager,Enterprise,Medium,EMEA,57,11.57,0,0,0,0,positive,2,Support
ACCT-035,TKT-739135,2024-09-26,2024-09-26 13:10:38,medium,Notifications,Email,Product Manager,Plus,Medium,AMER,13,10.9,4,0,0,0,negative,3,Support
ACCT-020,TKT-263984,2024-01-02,2024-01-04 12:56:10,medium,Data Pipeline,Live Chat,DevOps,Enterprise,Medium,EMEA,41,1.84,22,0,0,0,neutral,2,Support
ACCT-058,TKT-993761,2023-12-14,2023-12-17 16:59:40,medium,Authentication,Email,DevOps,Enterprise,Medium,EMEA,72,1.12,0,0,0,0,neutral,4,Support
ACCT-045,TKT-641554,2023-11-09,2023-11-11 17:56:01,medium,Notifications,Phone,Finance,Enterprise,Medium,EMEA,129,2.57,0,0,0,0,negative,4,Support
ACCT-041,TKT-917632,2024-09-28,2024-09-30 23:46:39,medium,Billing,Web Portal,Finance,Enterprise,Medium,EMEA,47,8.91,3,0,0,0,positive,4,Support
ACCT-045,TKT-997830,2024-03-02,2024-03-03 00:26:36,medium,Data Pipeline,Email,Support Staff,Plus,Large,AMER,448,1.37,0,0,0,0,neutral,12,Support
ACCT-108,TKT-862010,2024-04-06,2024-04-07 14:20:13,medium,Analytics Dashboard,Web Portal,Product Manager,Enterprise,Medium,EMEA,35,1.0,6,0,0,0,neutral,3,Support
ACCT-058,TKT-422979,2024-05-28,2024-06-01 04:27:01,medium,Analytics Dashboard,Web Portal,Support Staff,Enterprise,Medium,EMEA,59,4.92,10,0,0,0,neutral,5,Support
ACCT-060,TKT-105948,2024-08-09,2024-08-11 11:58:36,medium,Analytics Dashboard,Phone,DevOps,Plus,Large,AMER,345,3.5,1,0,0,0,neutral,11,Support
ACCT-026,TKT-777162,2024-07-18,2024-07-18 09:07:19,medium,Authentication,Live Chat,Support Staff,Basic,Small,APAC,8,1.61,39,0,0,0,neutral,1,Support
ACCT-076,TKT-120425,2023-10-22,2023-10-27 22:08:48,medium,Notifications,Live Chat,DevOps,Enterprise,Medium,EMEA,86,3.01,8,0,0,0,neutral,3,Support
ACCT-077,TKT-409116,2023-12-25,2023-12-25 22:35:00,medium,Mobile App,Phone,Executive,Plus,Medium,AMER,28,2.87,30,0,0,0,,6,Support
ACCT-078,TKT-500982,2024-06-17,2024-06-17 06:15:40,medium,Analytics Dashboard,Live Chat,Support Staff,Plus,Large,AMER,345,2.5,10,0,0,0,neutral,4,Support
ACCT-041,TKT-936212,2024-04-29,2024-05-01 11:20:00,medium,Notifications,Live Chat,Support Staff,Enterprise,Large,AMER,375,2.57,0,0,0,0,neutral,10,Support
ACCT-110,TKT-387271,2024-01-07,2024-01-09 18:54:40,medium,Billing,Live Chat,Product Manager,Enterprise,Medium,EMEA,67,2.39,15,0,0,0,neutral,4,Support
ACCT-041,TKT-857962,2023-09-18,2023-09-18 10:44:17,medium,Authentication,Email,Support Staff,Plus,Medium,EMEA,102,4.0,46,0,0,0,neutral,2,Support
ACCT-076,TKT-148234,2024-10-04,2024-10-09 08:27:42,medium,Mobile App,Email,Support Staff,Plus,Small,AMER,14,8.68,13,0,0,0,negative,3,Support
ACCT-078,TKT-610699,2024-07-04,2024-07-07 04:39:56,medium,Notifications,Phone,Support Staff,Plus,Large,AMER,83,11.95,0,0,0,0,neutral,8,Support
ACCT-062,TKT-493235,2024-02-11,2024-02-12 05:18:40,medium,Mobile App,Phone,DevOps,Enterprise,Large,APAC,127,2.23,13,0,0,0,,16,Support
ACCT-067,TKT-389455,2023-07-31,2023-07-31 13:02:59,medium,Mobile App,Web Portal,Support Staff,Basic,Small,APAC,12,3.67,22,0,0,0,neutral,2,Support
ACCT-036,TKT-216424,2024-12-02,2024-12-03 14:11:56,medium,Mobile App,Live Chat,DevOps,Plus,Large,AMER,370,2.59,0,0,0,0,negative,5,Support
ACCT-083,TKT-440310,2024-09-26,2024-09-26 15:54:29,medium,Data Pipeline,Phone,Support Staff,Plus,Large,AMER,197,3.62,0,0,0,0,negative,4,Support
ACCT-041,TKT-718458,2024-07-28,2024-08-01 03:29:03,medium,Analytics Dashboard,Live Chat,DevOps,Plus,Large,EMEA,274,2.3,7,0,0,0,negative,8,Support
ACCT-058,TKT-559550,2024-04-02,2024-04-04 13:19:16,medium,Authentication,Live Chat,Support Staff,Plus,Small,AMER,41,1.46,49,0,0,0,neutral,1,Support
ACCT-041,TKT-792784,2024-02-07,2024-02-08 09:59:05,medium,Mobile App,Web Portal,DevOps,Plus,Medium,APAC,13,5.92,27,0,0,0,neutral,2,Support
ACCT-041,TKT-823066,2024-02-22,2024-02-24 11:09:44,medium,Analytics Dashboard,Live Chat,Support Staff,Enterprise,Medium,EMEA,15,2.12,16,0,0,0,neutral,2,Support
ACCT-078,TKT-924076,2023-06-23,2023-06-23 16:27:08,medium,Mobile App,Web Portal,Support Staff,Enterprise,Medium,EMEA,82,1.97,8,0,0,0,negative,7,Support
ACCT-035,TKT-910237,2024-04-17,2024-04-22 14:10:57,medium,Authentication,Live Chat,DevOps,Enterprise,Medium,EMEA,3,9.09,18,0,0,0,negative,1,Support
ACCT-041,TKT-436873,2024-08-30,2024-09-02 13:49:27,medium,Analytics Dashboard,Email,Support Staff,Enterprise,Large,AMER,118,0.47,17,0,0,0,negative,6,Support
ACCT-020,TKT-308651,2024-09-22,2024-09-23 00:20:47,medium,Notifications,Web Portal,DevOps,Plus,Large,AMER,439,1.18,0,0,0,0,neutral,8,Support
ACCT-041,TKT-124262,2024-02-21,2024-02-22 02:56:37,medium,Authentication,Web Portal,Finance,Plus,Small,APAC,18,1.49,44,0,0,0,neutral,3,Support
ACCT-110,TKT-515559,2023-10-22,2023-10-22 14:35:16,medium,Mobile App,Web Portal,Executive,Plus,Medium,APAC,85,2.46,0,0,0,0,negative,1,Support
ACCT-041,TKT-163214,2024-10-11,2024-10-14 22:33:01,medium,Mobile App,Email,DevOps,Plus,Large,EMEA,1245,2.47,0,0,0,0,neutral,6,Support
ACCT-036,TKT-133642,2024-11-06,2024-11-07 14:36:50,medium,Data Pipeline,Live Chat,DevOps,Plus,Large,AMER,68,1.82,33,0,0,0,neutral,4,Support
ACCT-048,TKT-664982,2024-10-29,2024-11-02 13:45:55,medium,Notifications,Live Chat,Support Staff,Plus,Medium,APAC,79,1.95,22,0,0,0,positive,5,Support
ACCT-043,TKT-170369,2024-10-16,2024-10-17 05:33:09,medium,Notifications,Phone,DevOps,Plus,Large,AMER,449,2.97,15,0,0,0,neutral,8,Support
ACCT-020,TKT-918506,2023-08-17,2023-08-19 12:13:37,medium,Mobile App,Email,DevOps,Enterprise,Large,EMEA,678,4.08,0,0,0,0,positive,7,Support
ACCT-114,TKT-987409,2023-09-24,2023-09-26 08:08:45,medium,Authentication,Live Chat,Finance,Plus,Medium,EMEA,61,4.51,13,0,0,0,neutral,4,Support
ACCT-077,TKT-781756,2023-08-29,2023-08-31 13:18:02,medium,Mobile App,Live Chat,DevOps,Enterprise,Medium,EMEA,27,3.31,41,0,0,0,neutral,4,Support
ACCT-045,TKT-551880,2023-12-13,2023-12-16 14:34:51,medium,Mobile App,Phone,DevOps,Enterprise,Large,AMER,306,0.0,0,0,0,0,,4,Support
ACCT-048,TKT-874831,2024-03-10,2024-03-12 00:31:02,medium,Analytics Dashboard,Email,DevOps,Plus,Large,EMEA,319,0.27,14,0,0,0,positive,8,Support
ACCT-010,TKT-779309,2023-11-03,2023-11-05 23:21:20,medium,Data Pipeline,Live Chat,DevOps,Plus,Large,EMEA,474,1.57,12,0,0,0,positive,7,Support
ACCT-017,TKT-826229,2025-01-10,2025-01-11 11:10:59,medium,Authentication,Web Portal,Support Staff,Enterprise,Medium,EMEA,122,8.71,0,0,0,0,negative,2,Support
ACCT-041,TKT-408086,2024-08-16,2024-08-20 17:38:13,medium,Mobile App,Live Chat,Support Staff,Enterprise,Large,EMEA,29,6.29,50,0,0,0,neutral,2,Support
ACCT-035,TKT-108952,2023-06-07,2023-06-09 19:43:31,medium,Authentication,Phone,Support Staff,Enterprise,Medium,EMEA,48,6.4,0,0,0,0,,8,Support
ACCT-069,TKT-997135,2024-01-17,2024-01-18 09:26:30,medium,Notifications,Phone,Finance,Plus,Medium,AMER,53,1.51,25,0,0,0,negative,5,Support
ACCT-070,TKT-658224,2024-01-15,2024-01-17 14:37:03,medium,Authentication,Email,Support Staff,Plus,Small,AMER,35,8.65,13,0,0,0,neutral,2,Support
ACCT-004,TKT-961431,2024-09-11,2024-09-13 23:47:40,medium,Notifications,Web Portal,Support Staff,Basic,Medium,APAC,60,4.46,45,0,0,0,neutral,2,Support
ACCT-080,TKT-849631,2025-01-09,2025-01-14 03:20:25,medium,Mobile App,Live Chat,Product Manager,Enterprise,Large,EMEA,146,5.05,3,0,0,0,neutral,17,Support
ACCT-076,TKT-316157,2025-01-11,2025-01-11 17:31:33,medium,Mobile App,Email,Finance,Enterprise,Medium,EMEA,16,1.63,12,0,0,0,neutral,3,Support
ACCT-108,TKT-731160,2024-04-11,2024-04-11 20:07:17,medium,Mobile App,Live Chat,Support Staff,Plus,Medium,EMEA,67,4.71,22,0,0,0,neutral,0,Support
ACCT-036,TKT-172631,2023-07-11,2023-07-14 19:14:08,medium,Billing,Email,Product Manager,Plus,Medium,EMEA,52,1.56,30,0,0,0,neutral,1,Support
ACCT-058,TKT-790138,2024-05-01,2024-05-05 13:11:20,medium,Data Pipeline,Email,DevOps,Plus,Medium,EMEA,54,5.66,30,0,0,0,positive,3,Support
ACCT-101,TKT-384245,2023-12-31,2023-12-31 21:57:00,medium,Notifications,Live Chat,DevOps,Plus,Large,EMEA,115,1.93,48,0,0,0,neutral,8,Support
ACCT-069,TKT-472605,2024-01-25,2024-01-30 06:44:40,medium,Notifications,Web Portal,DevOps,Enterprise,Medium,EMEA,39,0.4,11,0,0,0,negative,6,Support
ACCT-022,TKT-560996,2023-06-28,2023-06-28 16:10:27,medium,Authentication,Email,DevOps,Plus,Small,AMER,147,6.4,0,0,0,0,negative,1,Support
ACCT-041,TKT-565517,2023-10-05,2023-10-09 05:25:54,medium,Analytics Dashboard,Web Portal,Support Staff,Enterprise,Medium,EMEA,73,0.82,3,0,0,0,negative,3,Support
ACCT-072,TKT-518568,2023-12-31,2024-01-01 15:19:57,medium,Mobile App,Live Chat,Support Staff,Plus,Large,EMEA,319,2.01,9,0,0,0,negative,9,Support
ACCT-060,TKT-954064,2023-12-21,2023-12-21 22:18:36,medium,Notifications,Email,DevOps,Plus,Large,AMER,600,0.97,0,0,0,0,neutral,8,Support
ACCT-060,TKT-706395,2023-10-06,2023-10-06 12:18:40,medium,Notifications,Phone,Support Staff,Enterprise,Medium,EMEA,43,3.97,22,0,0,0,,2,Support
ACCT-057,TKT-226204,2024-11-10,2024-11-10 14:48:25,medium,Analytics Dashboard,Live Chat,DevOps,Enterprise,Large,APAC,152,1.23,8,0,0,0,neutral,6,Support
ACCT-036,TKT-432272,2024-10-13,2024-10-16 12:45:11,medium,Billing,Web Portal,Support Staff,Plus,Medium,EMEA,18,9.67,9,0,0,0,neutral,1,Support
ACCT-035,TKT-938641,2024-07-30,2024-07-30 20:58:22,medium,Mobile App,Web Portal,Executive,Plus,Small,AMER,42,3.28,7,0,0,0,negative,2,Support
ACCT-035,TKT-217432,2024-11-01,2024-11-02 13:12:55,medium,Mobile App,Web Portal,Product Manager,Basic,Medium,APAC,168,1.48,10,0,0,0,negative,4,Support
ACCT-062,TKT-540416,2024-09-10,2024-09-10 05:20:39,medium,Notifications,Email,Finance,Plus,Large,AMER,146,9.79,0,0,0,0,neutral,3,Support
ACCT-104,TKT-477898,2024-07-14,2024-07-19 15:57:17,medium,Analytics Dashboard,Web Portal,Finance,Plus,Medium,AMER,32,1.11,38,0,0,0,positive,6,Support
ACCT-085,TKT-988991,2024-04-13,2024-04-17 05:54:38,medium,Notifications,Phone,Support Staff,Enterprise,Large,AMER,223,1.98,0,0,0,0,,4,Support
ACCT-083,TKT-782028,2024-04-03,2024-04-04 00:30:09,medium,Data Pipeline,Email,Finance,Plus,Medium,EMEA,191,7.26,0,0,0,0,neutral,2,Support
ACCT-075,TKT-388060,2024-07-04,,medium,Billing,Email,Support Staff,Basic,Medium,APAC,69,5.58,19,0,0,0,neutral,2,Support
ACCT-010,TKT-285973,2024-04-27,2024-04-27 08:17:19,medium,Authentication,Web Portal,Product Manager,Plus,Small,AMER,26,4.59,28,0,0,0,neutral,2,Support
ACCT-083,TKT-247031,2024-12-30,2024-12-30 04:17:33,medium,Authentication,Email,Product Manager,Plus,Medium,EMEA,538,1.45,0,0,0,0,neutral,1,Support
ACCT-075,TKT-941356,2024-09-24,2024-09-27 16:18:09,medium,Analytics Dashboard,Web Portal,Support Staff,Enterprise,Medium,EMEA,11,4.56,15,0,0,0,neutral,2,Support
ACCT-076,TKT-489759,2024-01-01,2024-01-05 12:14:23,medium,Analytics Dashboard,Live Chat,Executive,Plus,Large,AMER,50,2.3,18,0,0,0,neutral,8,Support
ACCT-045,TKT-280795,2025-02-22,2025-02-23 18:57:43,medium,Notifications,Web Portal,Support Staff,Plus,Small,AMER,95,3.08,15,0,0,0,neutral,6,Support
ACCT-025,TKT-878008,2023-11-26,2023-12-01 06:44:28,medium,Notifications,Web Portal,Support Staff,Basic,Small,EMEA,25,18.07,6,0,0,0,neutral,0,Support
ACCT-104,TKT-924764,2023-12-03,2023-12-04 13:44:55,medium,Analytics Dashboard,Live Chat,Support Staff,Plus,Large,AMER,451,2.1,0,0,0,0,positive,9,Support
ACCT-112,TKT-523262,2023-11-14,2023-11-14 06:55:12,medium,Mobile App,Web Portal,Finance,Plus,Large,AMER,613,3.71,0,0,0,0,negative,10,Support
ACCT-017,TKT-436669,2024-06-17,2024-06-21 22:41:03,medium,Analytics Dashboard,Email,Finance,Enterprise,Medium,EMEA,40,0.48,19,0,0,0,neutral,6,Support
ACCT-042,TKT-593357,2023-06-30,2023-07-03 19:54:03,medium,Data Pipeline,Live Chat,Support Staff,Basic,Medium,APAC,134,13.8,0,0,0,0,neutral,1,Support
ACCT-106,TKT-527456,2023-07-06,2023-07-09 11:50:40,medium,Data Pipeline,Live Chat,Executive,Basic,Medium,APAC,7,9.08,29,0,0,0,neutral,4,Support
ACCT-041,TKT-857619,2023-07-18,2023-07-20 09:04:15,medium,Authentication,Web Portal,Support Staff,Enterprise,Medium,EMEA,41,6.42,46,0,0,0,neutral,3,Support
ACCT-041,TKT-465603,2024-11-19,2024-11-19 19:03:18,medium,Data Pipeline,Web Portal,Product Manager,Enterprise,Medium,EMEA,72,7.11,0,0,0,0,negative,4,Support
ACCT-038,TKT-217871,2024-01-15,2024-01-15 12:14:55,medium,Analytics Dashboard,Live Chat,Support Staff,Enterprise,Large,EMEA,206,1.12,3,0,0,0,negative,10,Support
ACCT-077,TKT-662799,2024-09-30,2024-10-02 00:22:26,medium,Billing,Email,Product Manager,Plus,Medium,EMEA,93,3.34,25,0,0,0,neutral,2,Support
ACCT-025,TKT-767791,2024-08-24,2024-08-24 15:55:07,medium,Authentication,Web Portal,Product Manager,Plus,Large,EMEA,525,8.46,0,0,0,0,neutral,1,Support
ACCT-035,TKT-369338,2023-06-01,2023-06-02 08:21:31,medium,Authentication,Web Portal,Finance,Plus,Large,AMER,1940,3.79,0,0,0,0,neutral,10,Support
ACCT-024,TKT-743416,2023-10-10,2023-10-11 09:29:26,medium,Notifications,Live Chat,Support Staff,Enterprise,Large,AMER,119,1.92,0,0,0,0,neutral,7,Support
ACCT-021,TKT-993353,2023-09-07,2023-09-09 01:52:30,medium,Authentication,Email,Support Staff,Basic,Small,APAC,7,4.81,38,0,0,0,negative,2,Support
ACCT-048,TKT-236113,2025-01-05,2025-01-05 21:27:20,medium,Authentication,Email,Finance,Plus,Large,EMEA,1499,4.29,0,0,0,0,positive,5,Support
ACCT-076,TKT-199393,2023-10-25,2023-10-26 00:08:54,medium,Data Pipeline,Phone,Product Manager,Plus,Large,AMER,98,9.51,0,0,0,0,neutral,1,Support
ACCT-010,TKT-361912,2024-07-18,2024-07-19 05:31:08,medium,Notifications,Live Chat,Executive,Plus,Large,AMER,219,2.76,0,0,0,0,neutral,10,Support
ACCT-083,TKT-415734,2024-01-18,2024-01-19 02:30:02,medium,Authentication,Email,Support Staff,Basic,Small,APAC,8,3.12,55,0,0,0,negative,1,Support
ACCT-107,TKT-719482,2024-05-02,2024-05-05 08:02:33,medium,Authentication,Email,Finance,Plus,Medium,EMEA,115,3.57,21,0,0,0,negative,2,Support
ACCT-020,TKT-379682,2024-11-14,2024-11-16 06:23:06,medium,Billing,Live Chat,Support Staff,Basic,Medium,APAC,48,1.28,43,0,0,0,positive,3,Support
ACCT-041,TKT-252275,2023-10-13,2023-10-14 09:59:42,medium,Authentication,Live Chat,DevOps,Enterprise,Medium,EMEA,89,13.0,0,0,0,0,neutral,2,Support
ACCT-062,TKT-884267,2025-01-14,2025-01-17 12:04:36,medium,Authentication,Web Portal,Executive,Enterprise,Medium,EMEA,172,6.13,0,0,0,0,neutral,3,Support
ACCT-076,TKT-291021,2024-06-29,2024-07-01 20:49:21,medium,Analytics Dashboard,Web Portal,Product Manager,Plus,Medium,EMEA,54,2.47,10,0,0,0,neutral,4,Support
ACCT-076,TKT-933379,2023-06-15,2023-06-15 16:40:18,medium,Authentication,Web Portal,Support Staff,Enterprise,Medium,EMEA,18,2.17,32,0,0,0,negative,2,Support
ACCT-111,TKT-699876,2024-01-30,2024-01-30 18:21:08,medium,Billing,Web Portal,Executive,Plus,Large,EMEA,506,1.13,0,0,0,0,neutral,4,Support
ACCT-036,TKT-759253,2024-10-05,2024-10-07 02:33:43,medium,Mobile App,Email,DevOps,Plus,Large,AMER,417,2.06,14,0,0,0,positive,10,Support
ACCT-031,TKT-575207,2025-01-12,2025-01-13 17:58:50,medium,Mobile App,Live Chat,DevOps,Enterprise,Large,AMER,74,5.22,0,0,0,0,negative,8,Support
ACCT-041,TKT-881147,2025-02-26,2025-02-27 03:39:03,medium,Authentication,Live Chat,Finance,Plus,Small,APAC,9,3.88,18,0,0,0,neutral,2,Support
ACCT-037,TKT-453737,2024-03-13,2024-03-16 00:03:05,medium,Billing,Email,Support Staff,Plus,Small,AMER,35,1.22,18,0,0,0,neutral,2,Support
ACCT-018,TKT-457546,2024-05-11,2024-05-17 14:35:22,medium,Mobile App,Email,Finance,Enterprise,Large,AMER,156,0.59,0,0,0,0,neutral,8,Support
ACCT-043,TKT-201191,2024-10-12,2024-10-15 17:56:56,medium,Authentication,Live Chat,Finance,Enterprise,Medium,EMEA,115,3.92,0,0,0,0,neutral,3,Support
ACCT-041,TKT-919938,2024-05-16,2024-05-19 16:28:02,medium,Analytics Dashboard,Phone,DevOps,Plus,Medium,APAC,32,3.55,14,0,0,0,negative,6,Support
ACCT-041,TKT-669711,2024-06-09,2024-06-10 20:12:42,medium,Notifications,Email,Executive,Plus,Medium,APAC,60,5.91,0,0,0,0,neutral,3,Support
ACCT-023,TKT-970399,2023-10-08,2023-10-08 12:27:35,medium,Authentication,Web Portal,Support Staff,Basic,Small,AMER,6,11.52,51,0,0,0,negative,3,Support
ACCT-041,TKT-232434,2023-09-22,2023-09-22 14:40:57,medium,Billing,Web Portal,DevOps,Enterprise,Large,AMER,311,1.03,0,0,0,0,neutral,5,Support
ACCT-043,TKT-186997,2024-05-21,2024-05-22 07:55:33,medium,Notifications,Web Portal,Product Manager,Plus,Medium,AMER,34,6.37,15,0,0,0,negative,1,Support
ACCT-058,TKT-635722,2024-10-29,2024-10-29 20:12:51,medium,Mobile App,Web Portal,DevOps,Plus,Large,EMEA,106,0.0,22,0,0,0,negative,8,Support
ACCT-035,TKT-913602,2023-12-17,2023-12-17 16:33:42,medium,Notifications,Live Chat,Support Staff,Plus,Medium,EMEA,132,2.52,23,0,0,0,neutral,0,Support
ACCT-076,TKT-651105,2023-06-18,2023-06-18 21:40:25,medium,Notifications,Live Chat,Executive,Basic,Small,APAC,1,10.0,50,0,0,0,negative,4,Support
ACCT-079,TKT-656334,2025-02-05,2025-02-08 19:19:06,medium,Notifications,Email,Support Staff,Plus,Small,AMER,10,6.05,24,0,0,0,neutral,4,Support
ACCT-036,TKT-665661,2024-11-19,2024-11-19 08:25:28,medium,Mobile App,Live Chat,Finance,Plus,Medium,AMER,57,11.29,0,0,0,0,neutral,2,Support
ACCT-041,TKT-274853,2024-01-22,2024-01-25 05:31:54,medium,Analytics Dashboard,Live Chat,Support Staff,Enterprise,Large,EMEA,72,1.23,20,0,0,0,neutral,3,Support
ACCT-041,TKT-765748,2024-06-18,2024-06-18 18:04:21,medium,Analytics Dashboard,Web Portal,Support Staff,Enterprise,Medium,EMEA,63,1.01,8,0,0,0,neutral,6,Support
ACCT-001,TKT-850870,2025-02-23,2025-02-24 00:12:50,medium,Mobile App,Live Chat,Support Staff,Enterprise,Medium,EMEA,28,27.14,0,0,0,0,positive,4,Support
ACCT-031,TKT-544612,2023-11-03,2023-11-05 09:14:00,medium,Data Pipeline,Email,Product Manager,Plus,Large,AMER,1069,3.47,0,0,0,0,positive,8,Support
ACCT-020,TKT-520345,2023-12-25,2023-12-26 05:08:43,medium,Authentication,Web Portal,Support Staff,Basic,Small,APAC,8,4.49,0,0,1,0,neutral,3,Support
ACCT-043,TKT-541727,2024-03-30,2024-03-31 16:18:28,medium,Data Pipeline,Email,DevOps,Plus,Large,AMER,491,8.68,0,0,0,0,neutral,5,Support
ACCT-058,TKT-414565,2024-09-30,2024-10-02 00:46:25,medium,Billing,Phone,Support Staff,Enterprise,Large,AMER,165,3.67,0,0,0,0,negative,4,Support
ACCT-040,TKT-800574,2023-06-01,2023-06-01 10:46:32,medium,Notifications,Web Portal,Support Staff,Plus,Large,AMER,280,3.91,30,0,0,0,neutral,4,Support
ACCT-083,TKT-722838,2024-04-15,2024-04-15 22:35:48,medium,Analytics Dashboard,Phone,Support Staff,Enterprise,Large,AMER,424,2.05,2,0,0,0,negative,4,Support
ACCT-041,TKT-250776,2023-08-08,2023-08-08 09:27:05,medium,Data Pipeline,Live Chat,Support Staff,Plus,Large,EMEA,107,3.82,57,0,0,0,positive,5,Support
ACCT-104,TKT-946188,2024-10-05,2024-10-09 03:07:14,medium,Notifications,Web Portal,Executive,Basic,Small,APAC,11,9.2,68,0,0,0,neutral,3,Support
ACCT-115,TKT-539363,2024-02-04,2024-02-05 16:27:40,medium,Authentication,Live Chat,Finance,Plus,Medium,APAC,370,5.87,0,1,0,0,negative,5,Support
ACCT-053,TKT-467428,2024-07-05,2024-07-07 15:30:49,medium,Authentication,Email,Support Staff,Basic,Small,APAC,47,4.94,58,0,0,0,negative,0,Support
ACCT-060,TKT-247262,2023-08-12,2023-08-13 00:13:06,medium,Data Pipeline,Email,DevOps,Enterprise,Medium,EMEA,195,11.58,0,0,0,0,neutral,3,Support
ACCT-077,TKT-804975,2024-07-16,2024-07-16 14:57:40,medium,Authentication,Phone,Support Staff,Basic,Small,EMEA,5,6.85,27,0,0,0,negative,0,Support
ACCT-023,TKT-388851,2023-11-03,2023-11-03 22:19:42,medium,Authentication,Web Portal,Executive,Basic,Small,APAC,13,13.17,0,0,0,0,neutral,3,Support
ACCT-036,TKT-426275,2024-05-01,2024-05-01 04:32:53,medium,Data Pipeline,Web Portal,Support Staff,Enterprise,Medium,EMEA,147,3.63,0,0,0,0,neutral,5,Support
ACCT-035,TKT-593993,2024-11-18,2024-11-18 13:09:03,medium,Billing,Web Portal,Finance,Plus,Medium,EMEA,18,4.32,33,0,0,0,neutral,3,Support
ACCT-043,TKT-230929,2024-01-24,2024-01-27 00:44:41,medium,Notifications,Web Portal,Support Staff,Enterprise,Medium,EMEA,25,6.65,2,0,0,0,negative,4,Support
ACCT-072,TKT-173822,2024-12-06,2024-12-09 13:07:05,medium,Mobile App,Web Portal,DevOps,Enterprise,Medium,EMEA,45,2.09,22,0,0,0,neutral,3,Support
ACCT-041,TKT-142961,2024-05-15,2024-05-19 14:15:42,medium,Authentication,Live Chat,Support Staff,Plus,Small,APAC,117,25.13,0,0,0,0,neutral,3,Support
ACCT-101,TKT-757350,2024-06-25,2024-06-29 06:12:10,medium,Data Pipeline,Live Chat,Finance,Plus,Large,EMEA,600,10.68,0,0,0,0,negative,2,Support
ACCT-041,TKT-844238,2024-09-20,2024-09-21 20:08:47,medium,Authentication,Live Chat,Product Manager,Enterprise,Medium,EMEA,40,3.96,49,0,0,0,negative,1,Support
ACCT-043,TKT-208055,2024-10-11,2024-10-14 15:39:48,medium,Authentication,Web Portal,Support Staff,Basic,Small,APAC,5,13.14,64,0,0,0,negative,3,Support
ACCT-018,TKT-728146,2023-08-30,2023-09-05 16:00:03,medium,Notifications,Phone,Product Manager,Plus,Medium,EMEA,28,1.62,16,0,0,0,negative,1,Support
ACCT-025,TKT-618554,2024-06-06,2024-06-07 01:37:04,medium,Analytics Dashboard,Live Chat,Support Staff,Plus,Large,EMEA,232,0.4,7,0,0,0,negative,10,Support
ACCT-026,TKT-907346,2024-08-16,2024-08-17 19:41:25,medium,Analytics Dashboard,Email,DevOps,Plus,Large,AMER,728,2.03,4,0,0,0,neutral,7,Support
ACCT-018,TKT-363895,2024-03-13,2024-03-17 07:05:30,medium,Analytics Dashboard,Live Chat,Finance,Plus,Medium,APAC,16,7.06,17,0,0,0,negative,3,Support
ACCT-114,TKT-363453,2024-11-02,2024-11-03 10:05:00,medium,Authentication,Web Portal,Product Manager,Basic,Small,APAC,10,0.65,86,0,0,0,negative,1,Support
ACCT-041,TKT-945143,2024-05-31,2024-05-31 11:28:33,medium,Notifications,Live Chat,Support Staff,Plus,Large,AMER,58,3.25,12,0,0,0,neutral,7,Support
ACCT-018,TKT-719796,2024-10-10,2024-10-11 01:45:15,medium,Authentication,Phone,Product Manager,Plus,Large,AMER,292,1.7,0,0,0,0,neutral,4,Support
ACCT-104,TKT-918855,2024-08-18,2024-08-21 01:28:40,medium,Authentication,Web Portal,Support Staff,Plus,Large,AMER,313,2.42,0,0,0,0,negative,5,Support
ACCT-076,TKT-494078,2024-10-12,2024-10-14 11:39:14,medium,Data Pipeline,Phone,Product Manager,Plus,Large,AMER,2690,5.1,0,0,0,0,negative,2,Support
ACCT-025,TKT-501171,2025-02-11,2025-02-13 06:37:40,medium,Notifications,Live Chat,DevOps,Enterprise,Medium,EMEA,22,0.52,39,0,0,0,neutral,4,Support
ACCT-077,TKT-932149,2023-07-14,2023-07-16 16:49:56,medium,Notifications,Email,DevOps,Plus,Large,EMEA,102,0.42,60,0,0,0,positive,10,Support
ACCT-058,TKT-901144,2023-09-09,2023-09-11 13:30:50,medium,Data Pipeline,Live Chat,Executive,Enterprise,Large,APAC,68,11.94,0,0,0,0,neutral,12,Support
ACCT-076,TKT-733136,2024-01-31,2024-02-01 13:18:05,medium,Notifications,Phone,Support Staff,Enterprise,Medium,EMEA,93,5.57,0,0,0,0,,1,Support
ACCT-036,TKT-141801,2024-08-05,2024-08-09 01:44:45,medium,Data Pipeline,Email,Support Staff,Enterprise,Medium,EMEA,61,2.49,0,0,0,0,negative,1,Support
ACCT-043,TKT-583124,2024-05-21,2024-05-23 22:53:34,medium,Data Pipeline,Email,Support Staff,Plus,Large,AMER,255,8.47,0,0,0,0,neutral,11,Support
ACCT-035,TKT-518059,2025-01-08,2025-01-12 11:35:15,medium,Authentication,Phone,Finance,Plus,Large,AMER,397,5.97,0,0,0,0,negative,4,Support
ACCT-083,TKT-694469,2024-08-16,2024-08-19 01:57:55,medium,Billing,Live Chat,DevOps,Plus,Medium,EMEA,206,2.44,0,0,0,0,neutral,4,Support
ACCT-113,TKT-203603,2023-12-03,2023-12-03 06:18:45,medium,Billing,Email,Support Staff,Enterprise,Medium,EMEA,28,3.35,33,0,0,0,negative,4,Support
ACCT-060,TKT-864472,2024-03-26,2024-03-31 01:57:35,medium,Mobile App,Email,Executive,Plus,Medium,AMER,23,3.78,16,0,0,0,neutral,4,Support
ACCT-002,TKT-958121,2024-09-10,2024-09-14 08:34:15,medium,Authentication,Email,Finance,Plus,Medium,EMEA,50,1.48,37,0,0,0,negative,4,Support
ACCT-035,TKT-390070,2024-05-18,2024-05-19 12:27:13,medium,Analytics Dashboard,Web Portal,Executive,Enterprise,Medium,EMEA,30,3.14,15,0,0,0,neutral,3,Support
ACCT-024,TKT-833064,2024-08-30,2024-09-02 19:58:42,medium,Notifications,Email,Support Staff,Basic,Small,APAC,25,1.03,25,0,0,0,negative,1,Support
ACCT-041,TKT-685606,2024-02-25,2024-02-28 17:22:11,medium,Notifications,Phone,Support Staff,Plus,Medium,APAC,123,1.97,18,0,0,0,neutral,5,Support
ACCT-023,TKT-889912,2024-12-12,2024-12-14 23:03:28,medium,Mobile App,Live Chat,Support Staff,Basic,Small,APAC,14,5.55,28,0,0,0,positive,3,Support
ACCT-076,TKT-624116,2024-05-22,2024-05-25 19:29:53,medium,Mobile App,Web Portal,DevOps,Basic,Small,APAC,12,3.14,19,0,0,0,neutral,0,Support
ACCT-072,TKT-875798,2023-08-31,2023-09-01 10:34:35,medium,Authentication,Web Portal,Support Staff,Basic,Small,AMER,16,9.91,10,0,0,0,neutral,2,Support
ACCT-063,TKT-857009,2024-01-20,2024-01-21 08:51:44,medium,Data Pipeline,Live Chat,Support Staff,Plus,Large,EMEA,779,3.27,0,0,0,0,neutral,6,Support
ACCT-025,TKT-621344,2023-09-01,2023-09-03 21:50:52,medium,Data Pipeline,Phone,DevOps,Plus,Large,EMEA,267,2.77,0,0,0,0,neutral,9,Support
ACCT-041,TKT-997555,2023-12-08,2023-12-11 15:20:56,medium,Notifications,Web Portal,DevOps,Basic,Small,EMEA,6,3.46,103,0,0,0,neutral,3,Support
ACCT-072,TKT-479021,2024-10-10,2024-10-11 12:16:21,medium,Authentication,Live Chat,Support Staff,Enterprise,Medium,EMEA,67,3.88,0,0,0,0,positive,5,Support
ACCT-009,TKT-216895,2023-11-11,2023-11-16 15:01:33,medium,Authentication,Web Portal,Finance,Plus,Medium,EMEA,99,8.74,0,0,0,0,neutral,2,Support
ACCT-020,TKT-834242,2023-12-12,2023-12-14 14:17:50,medium,Authentication,Web Portal,Product Manager,Enterprise,Medium,EMEA,144,3.05,0,0,0,0,neutral,2,Support
ACCT-004,TKT-286550,2024-12-25,2024-12-26 06:52:01,medium,Data Pipeline,Email,DevOps,Plus,Large,EMEA,1037,7.55,0,0,0,0,negative,9,Support
ACCT-023,TKT-197898,2024-07-12,2024-07-14 19:01:56,medium,Authentication,Live Chat,Support Staff,Enterprise,Medium,EMEA,130,12.4,0,0,0,0,positive,0,Support
ACCT-036,TKT-795405,2023-09-01,2023-09-04 08:13:33,medium,Billing,Web Portal,DevOps,Basic,Small,EMEA,6,2.98,32,0,0,0,neutral,3,Support
ACCT-114,TKT-456687,2024-07-19,2024-07-23 09:09:32,medium,Billing,Web Portal,DevOps,Enterprise,Medium,EMEA,47,1.96,12,0,0,0,neutral,3,Support
ACCT-085,TKT-503953,2024-11-27,2024-11-28 12:35:52,medium,Notifications,Web Portal,Finance,Plus,Large,AMER,168,0.36,38,0,0,0,neutral,10,Support
ACCT-043,TKT-937274,2023-09-15,2023-09-19 07:38:48,medium,Authentication,Live Chat,DevOps,Plus,Medium,AMER,371,1.0,0,0,0,0,neutral,1,Support
ACCT-076,TKT-439566,2024-03-27,2024-03-29 18:21:58,medium,Authentication,Phone,Support Staff,Plus,Large,EMEA,335,5.63,0,0,0,0,positive,5,Support
ACCT-076,TKT-674606,2024-01-17,2024-01-18 21:57:11,medium,Analytics Dashboard,Phone,Product Manager,Enterprise,Medium,EMEA,49,1.29,26,0,0,0,neutral,5,Support
ACCT-105,TKT-618513,2023-11-06,2023-11-09 01:44:45,medium,Authentication,Email,Product Manager,Enterprise,Medium,EMEA,94,9.86,0,0,0,0,neutral,3,Support
ACCT-060,TKT-357269,2024-01-16,2024-01-20 05:14:58,medium,Notifications,Web Portal,Support Staff,Plus,Medium,AMER,29,4.3,35,0,0,0,negative,2,Support
ACCT-041,TKT-252438,2024-01-18,2024-01-19 21:42:52,medium,Analytics Dashboard,Web Portal,Support Staff,Enterprise,Medium,EMEA,12,4.33,22,0,0,0,positive,2,Support
ACCT-018,TKT-999186,2023-06-13,2023-06-14 06:55:28,high,Data Pipeline,Live Chat,DevOps,Plus,Large,AMER,269,9.58,33,0,0,0,negative,8,Support
ACCT-060,TKT-683346,2025-02-16,2025-02-18 02:29:49,high,Authentication,Live Chat,DevOps,Enterprise,Large,APAC,1325,2.66,0,0,0,0,neutral,9,Support
ACCT-102,TKT-295095,2024-12-16,2024-12-22 17:24:20,high,Billing,Email,Support Staff,Enterprise,Large,APAC,599,4.13,24,0,0,0,neutral,4,Support
ACCT-035,TKT-505907,2024-11-13,2024-11-15 14:10:37,high,Authentication,Email,Support Staff,Plus,Large,AMER,3504,2.81,15,0,0,0,neutral,5,Support
ACCT-073,TKT-942453,2024-02-23,2024-02-26 07:28:48,high,Data Pipeline,Live Chat,Support Staff,Plus,Medium,EMEA,11,4.67,79,0,0,1,negative,1,Support
ACCT-020,TKT-346106,2024-02-25,2024-02-26 20:43:51,high,Billing,Phone,Support Staff,Enterprise,Medium,EMEA,76,7.3,19,1,0,0,negative,3,Support
ACCT-041,TKT-826871,2024-04-23,2024-04-25 09:10:43,high,Mobile App,Web Portal,DevOps,Enterprise,Large,EMEA,664,2.5,6,0,0,0,negative,7,Support
ACCT-109,TKT-836556,2023-10-16,2023-10-17 09:22:12,high,Authentication,Web Portal,Product Manager,Enterprise,Large,APAC,182,5.13,30,0,0,0,negative,7,Support
ACCT-037,TKT-201314,2024-02-08,2024-02-11 22:05:23,high,Data Pipeline,Phone,Support Staff,Plus,Large,AMER,629,1.96,61,0,0,0,negative,4,Support
ACCT-024,TKT-209898,2024-11-01,2024-11-04 07:43:23,critical,Authentication,Phone,Support Staff,Enterprise,Large,AMER,5112,8.91,0,0,0,0,negative,7,Support
ACCT-101,TKT-836251,2025-02-08,2025-02-09 00:21:34,high,Authentication,Web Portal,DevOps,Plus,Medium,APAC,301,9.14,24,0,0,0,positive,4,Support
ACCT-076,TKT-382206,2024-12-19,2024-12-23 02:51:23,high,Analytics Dashboard,Live Chat,DevOps,Enterprise,Large,AMER,518,1.74,7,0,0,0,negative,7,Support
ACCT-079,TKT-559140,2025-01-09,2025-01-13 05:55:35,high,Mobile App,Web Portal,Executive,Enterprise,Large,EMEA,175,9.74,0,0,0,0,neutral,6,Support
ACCT-076,TKT-279664,2024-10-22,2024-10-24 15:28:07,high,Billing,Live Chat,Support Staff,Plus,Small,AMER,29,9.77,44,1,0,0,neutral,6,Support
ACCT-076,TKT-160341,2023-06-23,2023-06-25 11:33:58,high,Billing,Phone,Support Staff,Plus,Large,AMER,439,3.56,37,0,0,0,,4,Support
ACCT-031,TKT-166874,2024-05-21,2024-05-23 01:44:37,high,Billing,Web Portal,Support Staff,Enterprise,Large,AMER,1754,0.99,52,0,0,0,neutral,11,Support
ACCT-041,TKT-697429,2024-05-28,2024-05-28 09:58:26,high,Billing,Phone,Support Staff,Enterprise,Large,AMER,518,0.64,11,0,0,0,neutral,2,Support
ACCT-083,TKT-848276,2024-02-14,2024-02-19 10:29:34,high,Data Pipeline,Phone,DevOps,Enterprise,Large,AMER,342,3.84,40,0,0,0,negative,8,Support
ACCT-076,TKT-239834,2025-02-02,2025-02-04 03:21:25,high,Mobile App,Web Portal,DevOps,Enterprise,Large,AMER,300,3.11,12,0,0,0,negative,6,Support
ACCT-060,TKT-664548,2024-07-10,2024-07-10 23:11:26,high,Notifications,Email,DevOps,Plus,Large,EMEA,1155,13.93,4,0,0,0,positive,8,Support
ACCT-010,TKT-632629,2024-04-07,2024-04-08 10:15:12,high,Authentication,Web Portal,Finance,Enterprise,Large,AMER,910,27.09,62,0,0,0,neutral,15,Support
ACCT-041,TKT-814417,2024-07-21,2024-07-21 16:47:04,high,Authentication,Phone,DevOps,Plus,Large,AMER,454,9.37,2,0,0,0,negative,4,Support
ACCT-020,TKT-739206,2025-01-21,,high,Mobile App,Web Portal,Finance,Enterprise,Large,EMEA,307,2.57,10,0,0,0,neutral,6,Support
ACCT-058,TKT-225497,2023-07-25,2023-07-28 08:17:38,high,Data Pipeline,Live Chat,Support Staff,Basic,Medium,APAC,82,4.94,84,0,0,0,negative,6,Support
ACCT-037,TKT-865859,2023-08-12,2023-08-14 18:25:22,high,Billing,Email,DevOps,Enterprise,Large,AMER,471,1.1,15,0,0,0,neutral,8,Support
ACCT-038,TKT-730745,2023-11-13,2023-11-16 11:27:55,high,Authentication,Email,Support Staff,Enterprise,Large,EMEA,767,4.32,0,0,0,0,negative,11,Support
ACCT-010,TKT-619018,2023-12-01,2023-12-05 05:45:00,high,Authentication,Live Chat,DevOps,Basic,Medium,APAC,153,1.22,119,0,0,0,neutral,3,Support
ACCT-041,TKT-523158,2023-10-01,2023-10-02 10:22:44,high,Billing,Live Chat,Finance,Enterprise,Large,AMER,672,2.41,45,0,0,0,neutral,8,Support
ACCT-041,TKT-944013,2025-01-08,2025-01-11 06:36:23,high,Authentication,Phone,Finance,Plus,Large,AMER,1545,12.18,0,0,0,0,,4,Support
ACCT-043,TKT-988422,2024-07-22,2024-07-23 15:25:24,high,Data Pipeline,Phone,Executive,Enterprise,Large,AMER,1120,5.75,48,0,0,0,,4,Support
ACCT-045,TKT-286028,2024-05-17,2024-05-17 20:14:54,critical,Authentication,Email,DevOps,Plus,Large,AMER,15382,13.55,180,0,0,0,negative,17,Support
ACCT-060,TKT-293531,2024-08-14,2024-08-18 15:09:16,high,Notifications,Live Chat,Support Staff,Plus,Large,EMEA,576,6.43,22,0,0,0,neutral,1,Support
ACCT-048,TKT-778664,2024-02-22,2024-02-23 17:31:59,high,Billing,Phone,Support Staff,Enterprise,Large,AMER,128,2.23,31,0,0,0,neutral,8,Support
ACCT-035,TKT-649314,2023-08-23,2023-08-24 11:10:27,high,Authentication,Live Chat,Support Staff,Enterprise,Medium,EMEA,221,13.65,0,0,0,0,positive,3,Support
ACCT-035,TKT-684191,2024-02-19,2024-02-19 05:53:00,high,Authentication,Live Chat,DevOps,Plus,Large,AMER,476,7.88,15,0,0,0,negative,11,Support
ACCT-102,TKT-101812,2023-07-31,2023-08-03 03:55:26,high,Data Pipeline,Email,Finance,Plus,Large,EMEA,1421,15.68,54,0,0,0,positive,6,Support
ACCT-031,TKT-421140,2024-11-23,2024-11-23 04:50:04,high,Data Pipeline,Live Chat,Product Manager,Plus,Large,EMEA,547,1.67,90,0,0,0,neutral,4,Support
ACCT-041,TKT-493044,2023-06-29,2023-07-02 22:54:15,high,Data Pipeline,Email,Support Staff,Plus,Large,AMER,575,6.25,41,0,0,0,neutral,6,Support
ACCT-036,TKT-751031,2023-08-11,2023-08-16 13:35:58,high,Data Pipeline,Live Chat,Product Manager,Enterprise,Large,EMEA,1606,6.55,32,0,0,0,neutral,8,Support
ACCT-104,TKT-462018,2024-10-23,2024-10-23 20:08:23,critical,Authentication,Email,Support Staff,Plus,Large,AMER,4645,49.89,0,0,0,0,neutral,7,Support
ACCT-043,TKT-728850,2023-09-08,2023-09-12 13:32:24,high,Billing,Email,Executive,Enterprise,Large,APAC,385,2.78,26,0,0,0,positive,6,Support
ACCT-072,TKT-840680,2024-06-18,2024-06-20 13:18:29,high,Notifications,Live Chat,Finance,Enterprise,Large,AMER,86,2.63,47,0,0,0,neutral,9,Support
ACCT-053,TKT-566727,2023-11-29,2023-12-01 05:15:53,high,Notifications,Live Chat,DevOps,Enterprise,Large,EMEA,104,6.28,41,0,0,0,neutral,9,Support
ACCT-060,TKT-932199,2023-07-02,2023-07-04 19:30:41,high,Mobile App,Phone,Support Staff,Enterprise,Large,APAC,354,3.28,7,0,0,0,neutral,5,Support
ACCT-056,TKT-405587,2023-10-02,2023-10-06 00:13:34,high,Notifications,Email,Support Staff,Plus,Large,EMEA,177,18.77,20,0,0,0,neutral,8,Support
ACCT-072,TKT-643674,2023-09-19,2023-09-20 12:06:59,high,Billing,Live Chat,DevOps,Enterprise,Large,AMER,107,0.0,75,1,0,0,neutral,6,Support
ACCT-043,TKT-732819,2023-11-19,2023-11-23 20:22:05,high,Data Pipeline,Email,Finance,Enterprise,Large,EMEA,3393,26.62,0,0,0,0,negative,8,Support
ACCT-041,TKT-576752,2023-11-06,2023-11-12 15:34:20,high,Authentication,Live Chat,Product Manager,Enterprise,Medium,EMEA,318,24.58,0,0,0,0,neutral,2,Support
ACCT-049,TKT-222034,2024-12-13,2024-12-17 04:57:16,high,Authentication,Web Portal,Finance,Enterprise,Medium,EMEA,164,3.67,49,0,0,0,neutral,2,Support
ACCT-010,TKT-248249,2024-12-19,2024-12-19 09:58:42,high,Data Pipeline,Email,DevOps,Plus,Large,AMER,639,3.41,43,0,0,0,negative,6,Support
ACCT-035,TKT-932625,2024-02-01,2024-02-06 15:27:57,high,Billing,Email,Product Manager,Enterprise,Large,AMER,290,9.76,30,0,0,0,negative,10,Support
ACCT-060,TKT-603760,2024-07-18,2024-07-18 07:58:21,high,Data Pipeline,Live Chat,DevOps,Plus,Medium,EMEA,109,11.82,16,0,0,0,neutral,3,Support
ACCT-060,TKT-795743,2025-01-26,2025-01-26 12:49:14,high,Authentication,Phone,Support Staff,Enterprise,Large,AMER,3756,4.93,17,0,0,0,neutral,9,Support
ACCT-072,TKT-836316,2024-04-24,2024-04-28 23:28:21,high,Authentication,Web Portal,Support Staff,Basic,Small,APAC,14,7.56,68,0,1,0,negative,2,Support
ACCT-041,TKT-774442,2024-11-26,2024-11-28 06:56:50,high,Notifications,Phone,DevOps,Plus,Large,EMEA,123,9.37,58,0,0,0,neutral,7,Support
ACCT-053,TKT-900611,2023-12-23,2023-12-24 05:32:39,critical,Authentication,Phone,Support Staff,Enterprise,Large,AMER,3305,16.16,245,0,0,0,negative,8,Support
ACCT-035,TKT-523874,2023-12-20,2023-12-21 06:33:04,high,Data Pipeline,Live Chat,DevOps,Enterprise,Medium,EMEA,63,4.13,62,0,0,0,neutral,1,Support
ACCT-060,TKT-615101,2024-08-19,2024-08-20 14:59:07,high,Authentication,Email,Support Staff,Enterprise,Medium,EMEA,280,1.19,21,0,0,0,negative,7,Support
ACCT-076,TKT-507695,2023-09-15,2023-09-16 09:21:19,high,Data Pipeline,Phone,Executive,Plus,Large,AMER,153,9.72,10,0,0,0,negative,6,Support
ACCT-038,TKT-401144,2024-04-09,2024-04-11 04:08:20,high,Data Pipeline,Email,Executive,Plus,Medium,EMEA,89,3.32,145,0,0,0,neutral,2,Support
ACCT-060,TKT-193519,2023-07-27,2023-07-29 07:38:38,high,Mobile App,Phone,Product Manager,Enterprise,Large,EMEA,144,8.93,14,0,0,0,negative,5,Support
ACCT-060,TKT-699025,2024-04-10,2024-04-14 18:18:13,high,Notifications,Web Portal,Support Staff,Enterprise,Medium,EMEA,254,9.29,25,0,0,0,positive,2,Support
ACCT-022,TKT-150285,2024-12-07,2024-12-07 19:22:48,high,Notifications,Live Chat,Support Staff,Plus,Large,AMER,533,6.46,17,0,0,0,negative,4,Support
ACCT-076,TKT-503598,2024-11-29,2024-11-29 06:43:02,high,Data Pipeline,Phone,Support Staff,Plus,Large,AMER,3392,16.37,26,0,0,0,negative,1,Support
ACCT-114,TKT-963760,2023-12-10,2023-12-11 12:23:29,high,Data Pipeline,Live Chat,DevOps,Plus,Large,AMER,2161,26.08,0,0,0,0,neutral,4,Support
ACCT-043,TKT-286950,2024-08-18,2024-08-21 12:24:59,high,Data Pipeline,Email,DevOps,Plus,Medium,EMEA,182,10.2,50,0,0,0,negative,6,Support
ACCT-018,TKT-324912,2024-11-02,2024-11-03 14:20:25,high,Notifications,Live Chat,DevOps,Enterprise,Large,AMER,299,4.66,84,0,0,0,neutral,7,Support
ACCT-072,TKT-332329,2023-09-10,2023-09-11 23:34:22,high,Billing,Live Chat,Support Staff,Enterprise,Large,APAC,262,2.16,0,1,0,0,neutral,9,Support
ACCT-107,TKT-316779,2024-04-23,2024-04-23 10:36:49,high,Billing,Web Portal,DevOps,Enterprise,Large,APAC,361,3.01,20,0,0,0,neutral,7,Support
ACCT-018,TKT-500019,2025-01-05,,high,Notifications,Web Portal,Executive,Enterprise,Medium,EMEA,227,5.48,10,0,0,0,neutral,1,Support
ACCT-041,TKT-404550,2023-12-28,2024-01-01 20:23:29,critical,Authentication,Live Chat,DevOps,Plus,Medium,AMER,98,58.87,311,0,0,0,neutral,2,Support
ACCT-070,TKT-971685,2023-06-05,2023-06-09 21:27:27,high,Authentication,Phone,Support Staff,Enterprise,Large,AMER,1028,1.0,5,0,0,0,neutral,5,Support
ACCT-046,TKT-966723,2024-05-04,2024-05-10 03:35:05,critical,Analytics Dashboard,Web Portal,Executive,Enterprise,Large,AMER,1302,2.45,87,0,0,0,neutral,4,Support
ACCT-056,TKT-146930,2024-01-20,2024-01-21 14:26:22,critical,Mobile App,Web Portal,Support Staff,Enterprise,Large,EMEA,3280,83.39,0,0,0,0,negative,4,Support
ACCT-023,TKT-801007,2023-11-07,2023-11-07 16:33:29,high,Analytics Dashboard,Live Chat,Support Staff,Plus,Large,AMER,318,2.18,36,0,0,0,neutral,2,Support
ACCT-109,TKT-698254,2024-02-20,2024-02-24 15:50:08,critical,Billing,Live Chat,DevOps,Enterprise,Large,APAC,985,7.35,33,0,0,0,negative,3,Support
ACCT-083,TKT-872416,2024-04-13,2024-04-13 22:14:27,critical,Data Pipeline,Live Chat,DevOps,Plus,Large,EMEA,948,18.64,777,0,0,0,negative,4,Support
ACCT-011,TKT-963559,2024-03-06,,critical,Analytics Dashboard,Live Chat,Finance,Enterprise,Large,AMER,2431,8.01,256,0,0,0,neutral,7,Support
ACCT-043,TKT-298701,2024-07-28,2024-07-29 14:59:31,critical,Data Pipeline,Phone,Support Staff,Plus,Large,EMEA,1066,36.48,671,0,0,0,neutral,6,Support
ACCT-041,TKT-826163,2024-10-12,,critical,Data Pipeline,Email,Support Staff,Plus,Medium,APAC,622,30.76,518,0,0,0,neutral,6,Support
ACCT-041,TKT-235149,2024-07-09,2024-07-09 07:59:24,high,Authentication,Email,DevOps,Enterprise,Large,AMER,1414,12.88,19,0,0,0,neutral,7,Support
ACCT-076,TKT-266643,2024-01-15,2024-01-15 10:24:24,high,Authentication,Web Portal,Support Staff,Enterprise,Medium,EMEA,85,3.75,83,0,0,0,negative,2,Support
ACCT-078,TKT-275496,2024-10-13,2024-10-13 10:03:58,high,Notifications,Email,DevOps,Enterprise,Large,AMER,514,4.25,11,0,0,0,neutral,4,Support
ACCT-072,TKT-828780,2024-02-18,2024-02-23 13:26:48,high,Data Pipeline,Web Portal,Support Staff,Enterprise,Medium,EMEA,92,13.92,49,0,0,0,neutral,5,Support
ACCT-060,TKT-997065,2024-07-12,2024-07-13 05:45:40,high,Authentication,Live Chat,DevOps,Enterprise,Large,AMER,1322,8.46,0,0,0,0,positive,5,Support
ACCT-103,TKT-514089,2025-01-04,2025-01-05 03:31:36,high,Authentication,Email,DevOps,Enterprise,Medium,EMEA,69,3.86,22,0,0,0,neutral,3,Support
ACCT-083,TKT-622156,2023-12-24,2023-12-29 11:31:30,high,Authentication,Web Portal,Finance,Enterprise,Medium,EMEA,261,2.07,18,0,0,0,neutral,4,Support
ACCT-036,TKT-591737,2023-12-23,2023-12-23 15:16:46,high,Authentication,Email,Executive,Plus,Large,AMER,635,22.08,18,0,0,0,negative,3,Support
ACCT-043,TKT-973563,2024-10-03,2024-10-03 13:43:58,high,Data Pipeline,Live Chat,DevOps,Plus,Large,AMER,400,42.86,21,0,0,0,neutral,9,Support
ACCT-041,TKT-945581,2024-07-02,2024-07-02 20:22:59,high,Notifications,Web Portal,Support Staff,Enterprise,Large,AMER,847,3.8,3,0,0,0,neutral,10,Support
ACCT-060,TKT-559390,2023-08-09,2023-08-10 01:39:39,high,Data Pipeline,Email,Finance,Enterprise,Medium,EMEA,32,10.05,55,0,0,0,neutral,1,Support
ACCT-051,TKT-795076,2023-10-25,2023-10-26 21:53:49,high,Data Pipeline,Email,Product Manager,Plus,Medium,APAC,210,3.17,70,0,0,0,negative,4,Support
ACCT-041,TKT-320653,2024-10-28,2024-10-31 17:03:39,high,Data Pipeline,Live Chat,Finance,Enterprise,Large,AMER,784,5.3,0,1,0,0,negative,10,Support
ACCT-078,TKT-260128,2024-04-21,,high,Data Pipeline,Web Portal,Executive,Plus,Large,EMEA,455,2.81,75,0,0,0,neutral,7,Support
ACCT-041,TKT-284055,2024-05-15,2024-05-19 10:43:33,high,Billing,Web Portal,DevOps,Enterprise,Large,AMER,319,3.95,9,0,0,0,neutral,13,Support
ACCT-076,TKT-159169,2024-05-24,2024-05-26 00:06:23,high,Authentication,Email,Support Staff,Plus,Medium,EMEA,603,5.76,50,0,0,0,neutral,2,Support
ACCT-034,TKT-630154,2024-07-05,2024-07-06 15:17:34,high,Authentication,Phone,Product Manager,Plus,Large,AMER,512,2.67,23,0,0,0,neutral,2,Support
ACCT-036,TKT-452204,2023-08-05,2023-08-06 00:07:08,high,Authentication,Email,Executive,Enterprise,Medium,EMEA,384,9.42,17,0,0,0,negative,2,Support
ACCT-060,TKT-984392,2024-08-23,2024-08-23 06:26:21,high,Mobile App,Phone,Support Staff,Plus,Large,AMER,665,6.05,10,0,0,0,negative,6,Support
ACCT-060,TKT-268923,2024-02-07,2024-02-09 16:49:55,high,Data Pipeline,Live Chat,Support Staff,Plus,Large,AMER,1417,9.74,0,0,0,0,neutral,1,Support
ACCT-076,TKT-216775,2023-10-25,2023-10-27 09:59:45,high,Authentication,Web Portal,Support Staff,Plus,Large,AMER,3358,6.54,0,0,0,0,neutral,2,Support
ACCT-072,TKT-748634,2023-08-06,2023-08-07 18:26:02,high,Billing,Phone,Product Manager,Enterprise,Large,AMER,1337,10.48,30,0,0,0,neutral,8,Support
ACCT-001,TKT-140296,2023-11-21,2023-11-24 10:08:10,high,Notifications,Phone,Product Manager,Enterprise,Large,EMEA,262,3.67,31,0,0,0,neutral,10,Support
ACCT-102,TKT-106188,2023-10-25,2023-10-29 20:42:10,high,Authentication,Web Portal,DevOps,Basic,Small,APAC,35,16.44,36,0,0,0,neutral,0,Support
ACCT-041,TKT-506351,2024-06-25,2024-06-25 02:59:59,high,Authentication,Email,Finance,Plus,Medium,APAC,701,18.0,55,0,0,0,neutral,1,Support
ACCT-111,TKT-758806,2025-01-01,2025-01-01 14:37:38,high,Data Pipeline,Live Chat,Finance,Plus,Large,EMEA,1026,10.12,9,0,0,0,negative,7,Support
ACCT-055,TKT-780381,2023-07-07,2023-07-09 12:01:13,high,Data Pipeline,Web Portal,DevOps,Plus,Large,EMEA,1411,14.7,36,0,0,0,neutral,6,Support
ACCT-041,TKT-396189,2024-09-30,2024-10-05 07:02:23,high,Mobile App,Live Chat,Finance,Plus,Large,AMER,643,1.4,37,0,0,0,neutral,4,Support
ACCT-043,TKT-349214,2025-02-20,2025-02-21 15:59:37,high,Mobile App,Web Portal,Executive,Enterprise,Large,AMER,1653,3.42,0,0,0,0,neutral,3,Support
ACCT-076,TKT-767625,2024-10-15,2024-10-17 18:15:34,high,Data Pipeline,Live Chat,Support Staff,Enterprise,Medium,EMEA,91,4.71,24,0,0,0,negative,2,Support
ACCT-060,TKT-576287,2024-09-08,2024-09-10 02:01:36,high,Mobile App,Live Chat,Support Staff,Enterprise,Large,AMER,238,15.67,16,1,0,0,negative,6,Support
ACCT-055,TKT-400798,2024-12-01,2024-12-05 15:14:38,high,Authentication,Web Portal,Support Staff,Enterprise,Medium,EMEA,63,6.66,27,0,0,0,positive,2,Support
ACCT-026,TKT-369705,2023-11-26,2023-12-01 16:34:27,high,Data Pipeline,Live Chat,DevOps,Plus,Medium,EMEA,33,25.89,43,0,0,0,neutral,2,Support
ACCT-001,TKT-944576,2023-11-12,2023-11-13 14:03:28,critical,Data Pipeline,Live Chat,Support Staff,Plus,Large,EMEA,16368,25.8,268,0,0,0,neutral,13,Support
ACCT-060,TKT-845208,2024-04-03,2024-04-03 16:45:45,high,Data Pipeline,Email,DevOps,Plus,Large,EMEA,1366,1.06,44,0,0,0,negative,3,Support
ACCT-011,TKT-231097,2024-12-06,2024-12-10 09:02:51,high,Notifications,Web Portal,Product Manager,Enterprise,Medium,EMEA,58,12.45,24,0,0,0,negative,6,Support
ACCT-056,TKT-538017,2024-05-27,2024-05-27 22:32:12,critical,Mobile App,Web Portal,Product Manager,Plus,Large,AMER,13278,6.42,76,0,0,0,neutral,3,Support
ACCT-035,TKT-507311,2024-09-14,2024-09-17 11:36:23,critical,Notifications,Live Chat,Product Manager,Enterprise,Large,AMER,9046,12.53,547,0,0,0,neutral,6,Support
ACCT-045,TKT-518259,2024-09-17,2024-09-18 13:35:39,high,Authentication,Web Portal,Support Staff,Plus,Large,EMEA,4292,3.28,23,0,0,0,neutral,5,Support
ACCT-104,TKT-327498,2023-10-15,2023-10-18 10:00:58,high,Notifications,Live Chat,Support Staff,Enterprise,Medium,EMEA,71,7.94,42,0,0,0,positive,3,Support
ACCT-045,TKT-864733,2023-12-13,2023-12-15 12:36:34,high,Data Pipeline,Live Chat,Product Manager,Plus,Large,AMER,1000,33.61,0,0,0,0,neutral,3,Support
ACCT-041,TKT-901087,2025-02-23,2025-02-24 13:34:45,high,Billing,Web Portal,Support Staff,Plus,Medium,EMEA,66,1.24,15,1,0,0,neutral,3,Support
ACCT-035,TKT-511911,2024-07-23,2024-07-24 14:45:09,high,Authentication,Web Portal,Finance,Plus,Medium,APAC,88,1.51,33,0,1,0,neutral,1,Support
ACCT-106,TKT-574291,2023-10-23,2023-10-25 01:01:24,high,Mobile App,Live Chat,DevOps,Plus,Medium,EMEA,181,7.02,37,0,0,0,negative,2,Support
ACCT-076,TKT-753887,2024-04-03,2024-04-07 21:31:53,critical,Authentication,Web Portal,Finance,Plus,Medium,EMEA,891,20.75,108,0,0,0,neutral,8,Support
ACCT-041,TKT-678492,2024-07-27,2024-07-27 08:45:02,high,Data Pipeline,Phone,Support Staff,Enterprise,Large,AMER,763,8.09,28,0,0,0,neutral,8,Support
ACCT-043,TKT-552758,2023-11-08,2023-11-11 00:38:12,high,Authentication,Email,Finance,Plus,Large,AMER,1836,12.3,34,0,0,0,positive,6,Support
ACCT-078,TKT-316481,2023-12-02,2023-12-07 09:02:31,high,Authentication,Web Portal,Executive,Enterprise,Medium,EMEA,95,1.62,35,0,0,0,neutral,2,Support
ACCT-024,TKT-882208,2024-06-30,2024-07-02 12:29:09,high,Authentication,Phone,Support Staff,Enterprise,Large,AMER,574,4.09,21,0,0,0,negative,10,Support
ACCT-056,TKT-703003,2024-12-28,2024-12-31 17:28:36,high,Authentication,Email,Support Staff,Enterprise,Medium,EMEA,154,13.25,64,0,0,0,neutral,5,Support
ACCT-036,TKT-357633,2023-12-20,2023-12-20 17:21:20,high,Billing,Live Chat,DevOps,Enterprise,Large,AMER,631,1.42,6,0,0,0,neutral,4,Support
ACCT-036,TKT-740006,2023-10-12,2023-10-15 16:21:30,critical,Billing,Web Portal,Support Staff,Enterprise,Medium,EMEA,325,12.6,125,1,0,0,neutral,3,Support
ACCT-037,TKT-137016,2025-02-17,2025-02-19 08:00:21,high,Mobile App,Live Chat,Finance,Enterprise,Large,EMEA,193,7.91,4,0,0,0,positive,9,Support
ACCT-075,TKT-109089,2023-09-08,2023-09-11 20:33:07,high,Data Pipeline,Live Chat,Finance,Plus,Large,AMER,914,1.94,49,0,0,0,neutral,7,Support
ACCT-060,TKT-474023,2023-07-25,2023-07-26 10:21:03,high,Authentication,Email,Support Staff,Plus,Small,AMER,22,7.39,23,0,1,0,positive,1,Support
ACCT-104,TKT-422501,2023-12-25,2023-12-28 13:13:35,high,Authentication,Live Chat,Product Manager,Enterprise,Large,AMER,600,7.48,0,0,0,0,neutral,3,Support
ACCT-105,TKT-711790,2023-08-07,2023-08-08 13:31:50,high,Notifications,Web Portal,DevOps,Enterprise,Large,EMEA,1411,7.16,0,0,0,0,positive,7,Support
ACCT-041,TKT-403815,2024-08-31,2024-09-02 01:34:11,critical,Authentication,Web Portal,DevOps,Enterprise,Large,APAC,538,31.51,308,0,0,0,neutral,7,Support
ACCT-011,TKT-259401,2024-04-06,2024-04-06 13:03:18,high,Notifications,Web Portal,Support Staff,Enterprise,Large,AMER,777,4.28,20,0,0,0,neutral,4,Support
ACCT-041,TKT-748322,2023-11-15,2023-11-16 18:59:42,high,Mobile App,Web Portal,DevOps,Plus,Large,AMER,241,0.32,63,0,0,0,neutral,7,Support
ACCT-018,TKT-592377,2024-07-24,2024-07-24 18:01:51,critical,Authentication,Email,DevOps,Plus,Large,AMER,15861,28.05,0,0,0,0,neutral,4,Support
ACCT-024,TKT-218867,2024-03-14,2024-03-17 04:58:57,high,Authentication,Web Portal,Executive,Enterprise,Medium,EMEA,125,1.67,24,0,0,0,neutral,4,Support
ACCT-045,TKT-141291,2023-10-29,2023-11-02 22:44:22,high,Analytics Dashboard,Live Chat,Support Staff,Enterprise,Large,EMEA,1497,0.46,9,0,0,0,neutral,12,Support
ACCT-036,TKT-600044,2023-10-17,2023-10-21 15:25:46,high,Notifications,Email,Executive,Plus,Large,EMEA,336,5.14,11,0,0,0,neutral,7,Support
ACCT-076,TKT-957684,2023-11-22,2023-11-25 17:07:11,high,Data Pipeline,Phone,Support Staff,Plus,Large,AMER,3364,21.37,17,0,0,0,neutral,6,Support
ACCT-101,TKT-290666,2024-06-06,2024-06-11 05:02:38,high,Notifications,Email,DevOps,Plus,Large,AMER,668,1.98,34,0,0,0,negative,9,Support
ACCT-043,TKT-804393,2024-09-01,2024-09-05 18:46:38,high,Authentication,Phone,Support Staff,Enterprise,Large,AMER,685,13.42,0,0,0,0,neutral,3,Support
ACCT-050,TKT-189139,2025-01-01,2025-01-02 11:35:17,high,Authentication,Live Chat,Support Staff,Plus,Large,AMER,1003,24.33,12,0,0,0,negative,6,Support
ACCT-023,TKT-414682,2024-06-13,2024-06-13 10:16:06,high,Notifications,Phone,Finance,Enterprise,Large,EMEA,637,6.44,11,0,0,0,,7,Support
ACCT-021,TKT-929389,2024-07-08,2024-07-13 00:50:23,high,Authentication,Phone,DevOps,Enterprise,Large,AMER,1305,8.05,16,0,0,0,negative,14,Support
ACCT-036,TKT-845965,2023-12-19,2023-12-24 15:57:27,high,Data Pipeline,Web Portal,DevOps,Enterprise,Large,APAC,365,4.73,14,0,0,1,neutral,9,Support
ACCT-045,TKT-618782,2023-08-25,2023-08-26 12:41:26,high,Authentication,Phone,DevOps,Enterprise,Large,EMEA,127,5.67,21,0,0,0,neutral,9,Support
ACCT-035,TKT-277272,2023-06-17,2023-06-19 19:28:55,high,Authentication,Email,Product Manager,Plus,Medium,APAC,134,5.2,50,0,0,0,positive,1,Support
ACCT-041,TKT-393859,2024-06-08,2024-06-12 08:57:22,critical,Notifications,Web Portal,Product Manager,Enterprise,Large,EMEA,1978,16.63,173,0,0,0,neutral,10,Support
ACCT-035,TKT-434042,2024-11-14,2024-11-18 21:25:36,high,Authentication,Live Chat,Support Staff,Plus,Medium,AMER,269,4.89,19,0,0,0,negative,2,Support
ACCT-060,TKT-421531,2023-11-18,2023-11-18 08:50:42,high,Billing,Phone,Support Staff,Enterprise,Large,AMER,191,4.89,24,0,0,0,neutral,10,Support
ACCT-036,TKT-142420,2024-02-25,2024-02-26 22:39:18,high,Data Pipeline,Live Chat,Finance,Plus,Large,EMEA,730,18.41,20,0,0,0,neutral,5,Support
ACCT-036,TKT-580339,2024-03-06,2024-03-09 14:16:06,critical,Analytics Dashboard,Web Portal,Finance,Enterprise,Large,AMER,2532,12.53,173,0,0,0,neutral,7,Support
ACCT-026,TKT-754489,2023-08-22,2023-08-23 10:29:30,high,Notifications,Web Portal,Support Staff,Plus,Medium,APAC,148,10.15,32,0,0,0,negative,6,Support
ACCT-072,TKT-499162,2023-06-11,,high,Authentication,Live Chat,Support Staff,Plus,Large,EMEA,375,7.34,50,0,0,0,neutral,9,Support
ACCT-035,TKT-137731,2023-12-22,2023-12-26 21:29:39,high,Authentication,Live Chat,Support Staff,Enterprise,Large,AMER,579,10.45,0,0,0,0,neutral,6,Support
ACCT-035,TKT-942159,2024-03-03,2024-03-06 05:59:59,high,Notifications,Phone,Executive,Plus,Medium,AMER,21,13.77,26,0,0,0,neutral,5,Support
ACCT-083,TKT-526974,2024-11-06,2024-11-10 09:27:40,high,Authentication,Web Portal,DevOps,Enterprise,Medium,EMEA,77,6.7,48,0,0,0,neutral,5,Support
ACCT-060,TKT-374294,2024-05-16,2024-05-16 15:44:14,high,Data Pipeline,Phone,Executive,Plus,Large,EMEA,3742,7.48,0,0,0,0,,6,Support
ACCT-041,TKT-187352,2024-12-17,2024-12-17 21:08:51,high,Notifications,Email,Finance,Plus,Large,AMER,1331,7.07,14,0,0,0,neutral,7,Support
ACCT-025,TKT-798585,2024-09-03,2024-09-08 01:24:48,high,Data Pipeline,Web Portal,Product Manager,Plus,Medium,APAC,317,9.27,69,0,0,0,negative,1,Support
ACCT-113,TKT-124125,2024-04-22,2024-04-26 11:09:42,high,Data Pipeline,Email,Executive,Enterprise,Large,EMEA,550,3.26,15,0,0,0,neutral,10,Support
ACCT-063,TKT-178029,2023-10-10,2023-10-14 00:02:39,high,Data Pipeline,Web Portal,Product Manager,Plus,Large,AMER,332,10.03,63,0,0,0,positive,4,Support
ACCT-076,TKT-940388,2023-11-29,2023-11-30 14:36:18,high,Notifications,Live Chat,DevOps,Plus,Large,EMEA,994,3.2,29,0,0,0,neutral,7,Support
ACCT-043,TKT-110113,2024-01-29,2024-02-01 19:08:01,high,Data Pipeline,Web Portal,Support Staff,Plus,Large,AMER,121,22.87,34,0,0,0,neutral,9,Support
ACCT-076,TKT-747454,2023-06-14,2023-06-17 12:05:29,high,Data Pipeline,Email,Support Staff,Enterprise,Medium,EMEA,81,11.55,44,0,0,0,negative,3,Support
ACCT-011,TKT-583145,2023-08-12,2023-08-12 17:50:58,high,Notifications,Live Chat,DevOps,Enterprise,Large,EMEA,475,6.01,7,0,0,0,negative,6,Support
ACCT-041,TKT-227903,2024-05-04,2024-05-07 20:24:18,high,Data Pipeline,Live Chat,Product Manager,Enterprise,Medium,EMEA,69,4.96,77,0,0,0,positive,5,Support
ACCT-063,TKT-882304,2023-07-28,2023-07-31 07:05:20,high,Data Pipeline,Web Portal,DevOps,Plus,Large,AMER,1328,4.61,14,0,0,0,neutral,6,Support
ACCT-036,TKT-196034,2023-08-23,2023-08-23 20:28:56,high,Authentication,Phone,DevOps,Enterprise,Large,APAC,154,4.18,28,0,0,0,,6,Support
ACCT-057,TKT-320430,2023-06-04,2023-06-05 20:54:37,high,Analytics Dashboard,Email,DevOps,Plus,Large,AMER,325,6.21,20,0,0,0,positive,5,Support
ACCT-035,TKT-755833,2023-07-22,2023-07-25 09:02:18,high,Authentication,Phone,Finance,Plus,Medium,EMEA,148,10.68,9,0,0,0,neutral,4,Support
ACCT-025,TKT-842640,2024-11-24,2024-11-24 21:07:24,high,Data Pipeline,Web Portal,Product Manager,Plus,Large,EMEA,1834,9.32,24,0,0,0,neutral,6,Support
ACCT-073,TKT-402056,2024-10-20,2024-10-22 17:19:29,high,Authentication,Phone,DevOps,Enterprise,Large,EMEA,658,6.49,25,0,0,0,neutral,11,Support
ACCT-024,TKT-293910,2025-01-27,2025-01-31 11:56:30,high,Authentication,Web Portal,Support Staff,Enterprise,Medium,EMEA,69,8.34,52,0,0,0,positive,3,Support
ACCT-006,TKT-307324,2024-11-01,2024-11-01 03:43:00,high,Data Pipeline,Web Portal,Support Staff,Enterprise,Medium,EMEA,63,3.02,58,0,0,0,neutral,2,Support
ACCT-113,TKT-298543,2024-02-25,2024-02-25 16:45:16,high,Notifications,Phone,Support Staff,Enterprise,Large,AMER,607,3.56,71,0,0,0,neutral,6,Support
ACCT-036,TKT-296134,2023-10-05,2023-10-08 06:53:48,high,Mobile App,Phone,Support Staff,Enterprise,Large,EMEA,215,2.33,14,0,0,0,neutral,4,Support
ACCT-041,TKT-513839,2024-04-25,2024-04-28 15:18:10,high,Mobile App,Live Chat,Support Staff,Enterprise,Large,AMER,95,18.14,6,0,0,0,neutral,4,Support
ACCT-053,TKT-771712,2025-01-27,2025-01-28 06:55:02,high,Data Pipeline,Web Portal,Finance,Enterprise,Large,APAC,259,1.2,23,0,0,0,negative,6,Support
ACCT-036,TKT-461506,2024-03-19,2024-03-19 23:28:21,critical,Authentication,Web Portal,Support Staff,Plus,Large,AMER,19417,5.91,238,0,0,0,negative,10,Support
ACCT-020,TKT-816734,2024-02-02,2024-02-04 08:00:05,high,Billing,Phone,Support Staff,Plus,Large,EMEA,240,6.28,30,0,0,0,negative,8,Support
ACCT-048,TKT-164612,2024-02-13,2024-02-14 05:26:13,high,Authentication,Live Chat,Support Staff,Plus,Medium,AMER,62,18.07,22,0,0,0,negative,1,Support
ACCT-023,TKT-163338,2023-08-04,2023-08-06 03:42:51,high,Authentication,Phone,Support Staff,Enterprise,Medium,EMEA,40,12.2,33,0,0,0,neutral,4,Support
ACCT-025,TKT-806776,2025-02-24,2025-02-27 15:11:51,high,Authentication,Phone,Finance,Enterprise,Medium,EMEA,199,7.57,6,0,0,0,neutral,4,Support
ACCT-109,TKT-192517,2024-08-30,2024-08-30 04:44:42,high,Mobile App,Phone,DevOps,Enterprise,Large,AMER,627,2.76,43,0,0,0,neutral,5,Support
ACCT-010,TKT-479039,2024-04-22,2024-04-24 15:05:44,high,Analytics Dashboard,Email,Support Staff,Plus,Large,EMEA,783,3.73,6,0,1,0,negative,8,Support
ACCT-018,TKT-375185,2025-02-10,2025-02-13 03:16:16,high,Billing,Web Portal,Support Staff,Enterprise,Large,APAC,2839,3.98,0,0,0,0,negative,5,Support
ACCT-025,TKT-603787,2024-04-22,2024-04-23 22:51:34,high,Mobile App,Email,DevOps,Plus,Large,EMEA,964,7.7,9,0,0,0,neutral,9,Support
ACCT-045,TKT-428702,2024-06-14,2024-06-16 04:22:45,high,Authentication,Web Portal,Support Staff,Basic,Medium,APAC,97,25.71,40,0,0,0,negative,1,Support
ACCT-025,TKT-715754,2024-12-11,2024-12-17 19:05:20,high,Data Pipeline,Email,DevOps,Plus,Large,AMER,1087,3.66,28,0,0,0,neutral,6,Support
ACCT-103,TKT-587529,2023-11-22,2023-11-22 08:03:55,high,Data Pipeline,Email,Support Staff,Enterprise,Medium,EMEA,186,13.14,38,0,0,0,neutral,1,Support
ACCT-024,TKT-522829,2024-09-15,2024-09-16 09:38:20,high,Authentication,Email,Support Staff,Enterprise,Large,APAC,491,5.7,23,0,0,0,positive,8,Support
ACCT-041,TKT-260101,2024-09-17,2024-09-21 12:45:53,high,Notifications,Email,Finance,Enterprise,Large,EMEA,543,18.52,0,0,0,0,neutral,11,Support
ACCT-040,TKT-125668,2023-10-24,2023-10-27 12:18:27,high,Notifications,Email,Support Staff,Enterprise,Large,AMER,414,43.6,25,0,0,0,neutral,8,Support
ACCT-043,TKT-762902,2023-10-21,2023-10-24 20:46:59,high,Authentication,Email,Support Staff,Enterprise,Medium,EMEA,457,3.3,15,0,0,0,neutral,3,Support
ACCT-025,TKT-929816,2023-10-31,,high,Authentication,Email,Support Staff,Enterprise,Medium,EMEA,102,1.91,34,0,0,0,negative,5,Support
ACCT-041,TKT-327534,2023-11-24,2023-11-24 17:23:13,high,Billing,Email,Finance,Enterprise,Large,APAC,735,4.03,0,0,0,0,negative,4,Support
ACCT-036,TKT-384048,2023-09-06,2023-09-06 05:22:37,high,Analytics Dashboard,Phone,Executive,Plus,Medium,APAC,237,1.27,12,0,0,0,,5,Support
ACCT-041,TKT-266006,2024-05-11,2024-05-11 21:35:23,high,Billing,Web Portal,Executive,Plus,Large,EMEA,507,9.47,6,0,0,0,neutral,9,Support
ACCT-072,TKT-391157,2024-04-06,2024-04-10 04:33:31,high,Authentication,Live Chat,Support Staff,Enterprise,Large,EMEA,1246,4.12,83,0,0,0,negative,3,Support
ACCT-077,TKT-623382,2024-01-20,2024-01-20 20:52:43,high,Data Pipeline,Live Chat,Support Staff,Enterprise,Medium,EMEA,62,14.62,56,0,0,0,neutral,4,Support
ACCT-041,TKT-611015,2024-08-17,2024-08-18 21:08:33,high,Notifications,Email,Executive,Plus,Medium,EMEA,101,4.36,45,0,0,0,neutral,1,Support
ACCT-072,TKT-438986,2023-08-01,2023-08-02 12:33:15,high,Data Pipeline,Live Chat,Support Staff,Plus,Large,AMER,455,16.34,26,0,0,0,neutral,5,Support
ACCT-077,TKT-643962,2024-10-01,2024-10-03 17:37:56,high,Authentication,Live Chat,Support Staff,Plus,Large,AMER,3546,1.14,11,0,0,0,negative,2,Support
ACCT-060,TKT-113597,2024-10-19,2024-10-22 23:33:44,critical,Data Pipeline,Phone,Support Staff,Enterprise,Large,AMER,5019,10.42,229,0,0,0,neutral,12,Support
ACCT-048,TKT-425700,2024-04-11,2024-04-13 20:46:21,high,Notifications,Web Portal,Executive,Enterprise,Medium,EMEA,52,0.86,36,0,0,0,neutral,4,Support
ACCT-085,TKT-235715,2025-02-23,2025-02-24 20:28:48,high,Authentication,Phone,DevOps,Plus,Large,AMER,1506,6.5,23,0,0,0,,6,Support
ACCT-036,TKT-946331,2024-11-24,2024-11-25 05:28:49,high,Data Pipeline,Live Chat,Support Staff,Enterprise,Large,AMER,664,4.89,38,0,0,0,neutral,6,Support
ACCT-038,TKT-166191,2023-10-10,2023-10-11 14:12:40,high,Data Pipeline,Email,Support Staff,Plus,Large,EMEA,574,13.11,80,0,0,0,neutral,9,Support
ACCT-081,TKT-319630,2023-06-19,2023-06-20 22:27:04,high,Billing,Phone,Product Manager,Enterprise,Large,AMER,440,4.36,45,0,0,0,,4,Support
ACCT-013,TKT-427718,2024-04-30,2024-05-03 04:44:09,high,Data Pipeline,Email,Support Staff,Plus,Medium,APAC,31,9.81,81,0,0,0,negative,5,Support
ACCT-027,TKT-705258,2024-09-30,2024-10-03 20:31:28,high,Authentication,Email,Product Manager,Plus,Large,EMEA,606,1.71,28,0,0,0,neutral,11,Support
ACCT-035,TKT-437466,2024-05-05,2024-05-08 06:13:08,high,Billing,Phone,Finance,Enterprise,Large,APAC,119,1.44,20,1,0,0,,8,Support
ACCT-035,TKT-721632,2025-01-07,2025-01-12 20:13:42,high,Data Pipeline,Email,DevOps,Enterprise,Large,APAC,1157,57.01,0,0,0,0,neutral,4,Support
ACCT-101,TKT-612321,2025-02-14,2025-02-15 01:13:02,high,Authentication,Web Portal,Support Staff,Enterprise,Medium,EMEA,74,3.58,55,0,0,0,neutral,2,Support
ACCT-038,TKT-635780,2024-12-28,,high,Mobile App,Email,DevOps,Plus,Large,EMEA,436,22.32,40,0,0,0,neutral,15,Support
ACCT-036,TKT-437279,2023-09-06,2023-09-07 15:43:12,critical,Billing,Email,Executive,Enterprise,Large,AMER,2205,0.0,99,1,0,0,neutral,7,Support
ACCT-076,TKT-863181,2023-08-23,2023-08-25 07:50:40,high,Authentication,Email,Support Staff,Enterprise,Medium,EMEA,177,10.45,24,0,0,0,neutral,2,Support
ACCT-035,TKT-302565,2024-02-28,2024-02-28 10:06:07,high,Data Pipeline,Email,Executive,Enterprise,Medium,EMEA,169,7.7,0,0,0,0,positive,3,Support
ACCT-101,TKT-915539,2024-03-09,2024-03-12 08:15:45,critical,Authentication,Email,Support Staff,Plus,Large,EMEA,6491,15.23,408,0,0,0,neutral,7,Support
ACCT-046,TKT-103201,2023-07-31,2023-08-02 01:25:07,high,Data Pipeline,Email,Support Staff,Plus,Large,AMER,277,5.07,77,0,0,0,negative,6,Support
ACCT-076,TKT-689171,2024-05-01,2024-05-02 12:50:20,high,Data Pipeline,Email,Executive,Plus,Large,EMEA,362,0.58,20,0,0,0,positive,9,Support
ACCT-035,TKT-608242,2023-10-28,2023-10-31 19:58:26,high,Authentication,Web Portal,Executive,Enterprise,Medium,EMEA,60,20.24,7,0,0,0,neutral,3,Support
ACCT-036,TKT-964169,2024-04-17,2024-04-19 17:14:08,high,Billing,Web Portal,DevOps,Enterprise,Medium,EMEA,57,0.86,67,0,0,0,negative,7,Support
ACCT-041,TKT-226209,2023-12-10,2023-12-15 14:23:27,high,Data Pipeline,Live Chat,Support Staff,Plus,Medium,APAC,67,21.7,71,0,0,0,neutral,3,Support
ACCT-104,TKT-304412,2024-03-29,2024-04-01 11:36:07,critical,Notifications,Email,Support Staff,Enterprise,Large,AMER,2724,29.75,380,0,0,0,negative,9,Support
ACCT-018,TKT-929118,2024-11-18,2024-11-21 22:41:13,high,Data Pipeline,Live Chat,Finance,Plus,Large,EMEA,1510,4.35,18,0,0,0,neutral,6,Support
ACCT-043,TKT-111444,2024-06-20,2024-06-21 19:49:55,high,Notifications,Live Chat,DevOps,Enterprise,Large,AMER,211,7.67,7,0,0,0,neutral,9,Support
ACCT-036,TKT-126511,2024-04-01,2024-04-02 03:28:41,high,Data Pipeline,Live Chat,Support Staff,Plus,Large,EMEA,652,14.37,104,0,0,0,negative,5,Support
ACCT-013,TKT-182533,2023-06-30,2023-07-02 23:31:13,high,Authentication,Email,Executive,Enterprise,Large,AMER,1737,6.91,23,0,0,0,negative,13,Support
ACCT-041,TKT-254785,2024-06-12,2024-06-14 00:25:50,high,Data Pipeline,Web Portal,Support Staff,Enterprise,Large,EMEA,1349,15.13,0,0,0,0,negative,7,Support
ACCT-029,TKT-722691,2024-08-31,2024-09-02 20:01:07,high,Data Pipeline,Email,Support Staff,Enterprise,Large,EMEA,1041,3.33,0,0,0,0,neutral,7,Support
ACCT-036,TKT-386840,2024-08-28,2024-08-31 15:39:49,high,Billing,Live Chat,DevOps,Enterprise,Large,AMER,504,0.76,34,0,0,0,negative,3,Support
ACCT-021,TKT-575354,2024-09-09,2024-09-10 04:54:28,high,Authentication,Email,Executive,Enterprise,Large,AMER,907,0.8,59,0,0,0,neutral,11,Support
ACCT-011,TKT-117779,2024-03-18,2024-03-18 18:26:34,high,Mobile App,Phone,DevOps,Enterprise,Large,AMER,1437,1.82,5,0,0,0,neutral,6,Support
ACCT-057,TKT-600277,2023-10-05,2023-10-05 08:52:47,high,Notifications,Live Chat,Support Staff,Plus,Large,AMER,1085,1.76,34,0,0,0,neutral,7,Support
ACCT-083,TKT-493246,2024-06-12,2024-06-12 16:33:56,high,Authentication,Phone,Finance,Enterprise,Medium,EMEA,523,11.46,14,0,0,0,neutral,3,Support
ACCT-076,TKT-439617,2024-12-15,2024-12-15 06:27:21,high,Mobile App,Web Portal,Support Staff,Enterprise,Large,AMER,1282,5.97,0,0,0,0,negative,5,Support
ACCT-020,TKT-897475,2024-07-10,2024-07-10 19:47:52,high,Billing,Email,Finance,Enterprise,Medium,EMEA,112,1.0,14,1,0,0,positive,7,Support
ACCT-024,TKT-893238,2023-07-06,2023-07-08 22:25:01,high,Mobile App,Live Chat,Support Staff,Enterprise,Large,APAC,919,4.46,15,0,0,0,positive,7,Support
ACCT-072,TKT-857886,2025-01-03,2025-01-03 07:47:06,high,Data Pipeline,Web Portal,Support Staff,Enterprise,Medium,EMEA,207,27.55,0,0,0,0,negative,1,Support
ACCT-072,TKT-246707,2023-10-14,2023-10-16 04:01:51,critical,Data Pipeline,Email,DevOps,Plus,Small,AMER,142,54.63,919,0,0,0,neutral,2,Support
ACCT-017,TKT-848529,2023-11-03,2023-11-03 13:07:12,high,Data Pipeline,Live Chat,Product Manager,Enterprise,Large,EMEA,4760,7.22,64,0,0,0,neutral,6,Support
ACCT-053,TKT-474426,2024-01-27,2024-01-27 12:13:33,high,Authentication,Phone,Finance,Enterprise,Large,EMEA,447,15.18,28,0,0,0,positive,9,Support
ACCT-062,TKT-172956,2024-05-12,2024-05-12 11:18:39,high,Authentication,Live Chat,Support Staff,Plus,Large,EMEA,972,15.17,29,0,0,0,negative,5,Support
ACCT-020,TKT-536577,2024-10-17,2024-10-18 17:26:29,high,Data Pipeline,Web Portal,DevOps,Enterprise,Medium,EMEA,58,13.7,51,0,0,0,neutral,6,Support
ACCT-020,TKT-193819,2024-07-10,2024-07-13 05:39:49,high,Authentication,Live Chat,Finance,Enterprise,Large,EMEA,1372,3.18,88,0,0,0,negative,7,Support
ACCT-056,TKT-373421,2023-12-30,2023-12-31 22:36:27,high,Data Pipeline,Web Portal,DevOps,Plus,Large,AMER,572,6.7,13,0,0,0,neutral,12,Support
ACCT-035,TKT-684774,2024-01-19,2024-01-20 01:25:40,high,Billing,Web Portal,Finance,Basic,Medium,APAC,131,10.82,18,0,0,0,negative,6,Support
ACCT-013,TKT-336474,2023-06-25,2023-06-25 08:53:05,high,Authentication,Email,Executive,Enterprise,Large,APAC,423,4.57,0,0,0,0,negative,3,Support
ACCT-076,TKT-343967,2024-10-03,2024-10-03 08:02:23,high,Authentication,Live Chat,Support Staff,Plus,Large,EMEA,756,6.81,52,0,0,0,negative,14,Support
ACCT-045,TKT-434977,2023-11-04,2023-11-09 13:06:07,high,Notifications,Phone,Support Staff,Enterprise,Large,AMER,383,1.71,20,0,0,0,neutral,10,Support
ACCT-041,TKT-515035,2024-04-26,2024-04-27 16:04:22,high,Billing,Live Chat,DevOps,Enterprise,Large,AMER,517,0.93,0,1,0,0,positive,11,Support
ACCT-018,TKT-124655,2023-06-20,2023-06-22 05:36:18,high,Data Pipeline,Web Portal,DevOps,Enterprise,Medium,EMEA,83,5.98,87,0,0,0,neutral,2,Support
ACCT-062,TKT-718312,2024-07-29,2024-07-31 10:20:59,high,Authentication,Phone,Support Staff,Plus,Large,AMER,601,1.79,10,0,0,0,negative,4,Support
ACCT-001,TKT-107499,2023-07-07,2023-07-07 22:36:15,high,Data Pipeline,Email,DevOps,Enterprise,Medium,EMEA,103,3.5,24,0,0,0,negative,4,Support
ACCT-043,TKT-485999,2024-05-23,2024-05-26 06:44:25,high,Authentication,Phone,Executive,Enterprise,Large,EMEA,1483,29.8,0,0,0,0,neutral,6,Support
ACCT-025,TKT-323114,2024-11-03,2024-11-07 19:56:33,high,Authentication,Live Chat,DevOps,Enterprise,Large,AMER,277,3.92,10,0,0,0,neutral,11,Support
ACCT-060,TKT-880406,2023-11-03,2023-11-05 08:40:51,high,Notifications,Live Chat,Support Staff,Enterprise,Large,EMEA,1197,5.86,0,0,0,0,neutral,2,Support
ACCT-041,TKT-635696,2025-02-27,2025-02-28 05:26:02,high,Data Pipeline,Web Portal,DevOps,Plus,Large,EMEA,354,5.86,13,0,0,0,negative,9,Support
ACCT-036,TKT-737134,2024-07-02,2024-07-02 18:10:18,high,Authentication,Email,Support Staff,Enterprise,Medium,EMEA,455,12.4,0,0,0,0,neutral,2,Support
ACCT-072,TKT-372988,2024-02-18,2024-02-19 10:38:55,high,Data Pipeline,Live Chat,DevOps,Plus,Large,AMER,409,6.58,68,0,0,0,neutral,3,Support
ACCT-072,TKT-130217,2024-07-07,2024-07-07 14:35:09,critical,Authentication,Live Chat,Support Staff,Plus,Large,AMER,1743,13.49,142,0,0,0,negative,10,Support
ACCT-115,TKT-636666,2024-08-30,2024-09-01 17:03:12,high,Authentication,Email,Executive,Plus,Medium,APAC,240,4.32,16,0,0,0,neutral,1,Support
ACCT-038,TKT-506272,2024-07-20,2024-07-20 22:12:52,high,Authentication,Email,Support Staff,Enterprise,Large,EMEA,1172,8.42,0,0,1,0,neutral,6,Support
ACCT-114,TKT-309864,2023-09-18,2023-09-21 13:06:08,high,Authentication,Email,Executive,Enterprise,Large,AMER,2735,13.72,0,0,0,0,neutral,11,Support
ACCT-043,TKT-823255,2025-01-04,2025-01-07 11:57:50,high,Analytics Dashboard,Phone,Support Staff,Enterprise,Large,AMER,896,0.93,5,0,0,0,neutral,7,Support
ACCT-020,TKT-478471,2024-01-06,2024-01-10 16:58:00,high,Authentication,Live Chat,Finance,Enterprise,Large,AMER,1635,3.41,0,0,0,0,neutral,6,Support
ACCT-076,TKT-694381,2024-09-17,2024-09-17 09:02:35,high,Notifications,Email,Support Staff,Enterprise,Medium,EMEA,98,11.54,18,0,0,0,neutral,4,Support
ACCT-077,TKT-112960,2024-02-14,2024-02-14 23:20:18,high,Authentication,Email,Support Staff,Enterprise,Large,AMER,426,6.86,0,0,0,0,neutral,3,Support
ACCT-058,TKT-316376,2024-01-08,2024-01-12 04:31:15,high,Data Pipeline,Phone,DevOps,Enterprise,Medium,EMEA,170,15.84,63,0,0,0,neutral,2,Support
ACCT-020,TKT-443260,2024-10-24,2024-10-29 10:17:43,high,Data Pipeline,Live Chat,Executive,Plus,Medium,EMEA,113,6.43,32,0,0,0,neutral,3,Support
ACCT-085,TKT-273284,2024-09-11,2024-09-17 03:28:20,high,Authentication,Web Portal,Product Manager,Plus,Large,EMEA,2290,4.21,12,0,0,0,neutral,5,Support
ACCT-108,TKT-933621,2024-10-16,2024-10-18 02:08:43,high,Authentication,Web Portal,DevOps,Enterprise,Large,APAC,533,0.17,26,0,0,0,positive,8,Support
ACCT-076,TKT-100283,2024-02-10,2024-02-10 11:00:51,high,Authentication,Web Portal,DevOps,Enterprise,Medium,EMEA,166,7.94,17,0,0,0,negative,6,Support
ACCT-043,TKT-387552,2023-07-02,2023-07-04 19:08:20,high,Billing,Live Chat,Support Staff,Enterprise,Large,AMER,683,0.0,10,0,0,0,neutral,6,Support
ACCT-008,TKT-695707,2023-06-01,2023-06-02 07:34:28,high,Data Pipeline,Live Chat,Support Staff,Enterprise,Large,AMER,1068,9.89,74,0,0,0,negative,14,Support
ACCT-083,TKT-777141,2023-11-11,2023-11-11 12:41:15,high,Notifications,Web Portal,Product Manager,Enterprise,Large,AMER,273,11.03,13,0,0,0,neutral,6,Support
ACCT-038,TKT-490931,2023-12-13,2023-12-18 20:08:04,high,Authentication,Web Portal,Support Staff,Enterprise,Large,AMER,357,1.67,11,0,0,0,neutral,8,Support
ACCT-108,TKT-411919,2023-08-17,2023-08-18 05:17:43,high,Mobile App,Live Chat,DevOps,Enterprise,Large,AMER,124,2.32,27,0,0,0,neutral,2,Support
ACCT-058,TKT-375487,2023-07-06,2023-07-10 19:55:40,critical,Mobile App,Web Portal,Support Staff,Enterprise,Large,AMER,2700,22.01,412,0,0,0,neutral,7,Support
ACCT-018,TKT-939444,2024-09-10,2024-09-15 04:47:26,high,Data Pipeline,Phone,Support Staff,Plus,Large,EMEA,284,15.59,30,0,0,0,neutral,4,Support
ACCT-062,TKT-814949,2023-12-27,2023-12-27 14:41:12,high,Authentication,Web Portal,DevOps,Plus,Large,AMER,821,2.52,17,0,0,0,negative,5,Support
ACCT-048,TKT-283061,2023-07-02,2023-07-06 15:26:36,high,Notifications,Live Chat,Executive,Enterprise,Large,AMER,263,13.69,20,0,0,0,neutral,6,Support
ACCT-010,TKT-577358,2023-06-15,2023-06-15 14:00:50,high,Authentication,Live Chat,DevOps,Enterprise,Large,APAC,88,2.84,57,0,0,0,neutral,8,Support
ACCT-031,TKT-123654,2025-01-14,2025-01-17 05:42:46,high,Authentication,Email,DevOps,Enterprise,Large,APAC,3658,4.27,0,0,0,0,negative,7,Support
ACCT-043,TKT-260741,2024-12-28,2024-12-30 02:05:39,high,Authentication,Live Chat,DevOps,Enterprise,Large,EMEA,963,5.52,52,0,0,0,negative,8,Support
ACCT-109,TKT-131350,2024-01-07,2024-01-07 09:57:09,high,Authentication,Live Chat,Support Staff,Plus,Large,EMEA,996,11.12,54,0,0,0,positive,7,Support
ACCT-076,TKT-532458,2023-07-09,2023-07-11 04:07:01,high,Data Pipeline,Web Portal,Finance,Plus,Large,EMEA,446,16.35,47,0,0,0,neutral,6,Support
ACCT-041,TKT-146172,2023-11-27,2023-12-02 21:05:39,high,Mobile App,Live Chat,DevOps,Plus,Large,AMER,417,2.74,25,0,0,0,neutral,6,Support
ACCT-038,TKT-844385,2023-08-04,2023-08-09 15:04:29,high,Authentication,Phone,Product Manager,Enterprise,Large,AMER,574,3.01,83,0,0,0,,2,Support
ACCT-076,TKT-380268,2024-03-15,2024-03-18 09:19:46,critical,Authentication,Live Chat,Product Manager,Enterprise,Large,AMER,19404,24.5,283,0,0,0,positive,5,Support
ACCT-060,TKT-297205,2023-06-25,2023-06-28 02:16:29,high,Authentication,Live Chat,DevOps,Plus,Large,AMER,2030,10.32,0,0,0,0,negative,9,Support
ACCT-020,TKT-781765,2024-01-27,2024-01-30 04:56:24,high,Authentication,Web Portal,Support Staff,Plus,Large,EMEA,4130,2.06,0,0,0,0,negative,4,Support
ACCT-041,TKT-556491,2023-07-16,2023-07-20 13:51:58,high,Data Pipeline,Live Chat,DevOps,Plus,Large,AMER,960,29.01,0,0,0,0,neutral,8,Support
ACCT-043,TKT-342767,2024-12-24,2024-12-29 12:14:30,high,Billing,Phone,DevOps,Enterprise,Large,APAC,311,4.14,38,0,0,0,positive,5,Support
ACCT-113,TKT-485138,2023-07-19,2023-07-20 05:55:35,high,Notifications,Web Portal,Executive,Plus,Medium,EMEA,257,1.33,36,0,0,0,neutral,0,Support
ACCT-052,TKT-491399,2024-09-10,2024-09-14 02:47:11,high,Authentication,Live Chat,Support Staff,Enterprise,Large,AMER,1733,2.24,0,0,0,0,negative,8,Support
ACCT-025,TKT-436290,2024-06-15,2024-06-18 10:27:59,high,Authentication,Web Portal,DevOps,Plus,Large,EMEA,735,16.81,2,0,0,0,neutral,6,Support
ACCT-062,TKT-490185,2024-05-21,2024-05-22 18:07:24,high,Data Pipeline,Email,Product Manager,Enterprise,Medium,EMEA,209,13.39,66,0,0,0,positive,3,Support
ACCT-083,TKT-254804,2024-09-21,2024-09-27 03:00:39,high,Data Pipeline,Live Chat,Finance,Enterprise,Large,AMER,845,3.71,0,0,0,0,negative,4,Support
ACCT-042,TKT-552682,2024-10-19,2024-10-22 02:54:50,high,Data Pipeline,Phone,Support Staff,Plus,Large,AMER,303,33.63,101,0,0,0,negative,5,Support
ACCT-012,TKT-448970,2023-08-28,2023-08-30 16:53:44,high,Notifications,Email,DevOps,Enterprise,Medium,EMEA,60,6.83,45,0,0,0,neutral,1,Support
ACCT-058,TKT-665404,2024-06-02,2024-06-04 22:40:10,high,Notifications,Web Portal,Support Staff,Enterprise,Large,AMER,163,5.04,51,0,0,0,neutral,8,Support
ACCT-041,TKT-755425,2023-11-16,2023-11-20 17:43:18,high,Authentication,Live Chat,DevOps,Enterprise,Large,EMEA,331,21.75,88,0,0,0,negative,6,Support
ACCT-085,TKT-972428,2023-10-27,2023-10-29 16:27:40,high,Authentication,Phone,Support Staff,Enterprise,Large,AMER,1847,9.84,0,0,0,0,neutral,7,Support
ACCT-109,TKT-955908,2023-11-11,2023-11-15 08:55:24,high,Authentication,Email,DevOps,Plus,Large,AMER,1037,1.29,32,0,0,0,negative,7,Support
ACCT-072,TKT-963442,2023-12-28,2024-01-01 03:33:26,high,Notifications,Live Chat,Support Staff,Enterprise,Large,APAC,135,16.44,3,0,0,0,negative,12,Support
ACCT-108,TKT-670421,2024-08-03,2024-08-07 15:32:44,high,Analytics Dashboard,Web Portal,Finance,Plus,Large,AMER,1052,1.16,22,0,0,0,negative,3,Support
ACCT-083,TKT-367090,2023-07-13,2023-07-15 06:41:56,high,Data Pipeline,Web Portal,Executive,Enterprise,Medium,EMEA,40,11.66,54,0,0,0,neutral,4,Support
ACCT-020,TKT-337798,2024-12-15,2024-12-18 01:20:16,critical,Analytics Dashboard,Phone,Executive,Enterprise,Large,EMEA,18360,7.58,0,0,0,0,negative,2,Support
ACCT-048,TKT-977101,2024-05-08,2024-05-10 03:10:14,high,Authentication,Web Portal,DevOps,Basic,Medium,APAC,87,20.99,39,0,0,0,negative,3,Support
ACCT-038,TKT-788801,2024-06-17,2024-06-19 10:09:26,high,Data Pipeline,Live Chat,Executive,Enterprise,Large,EMEA,2548,8.06,34,0,0,0,neutral,7,Support
ACCT-060,TKT-527817,2024-07-07,2024-07-07 23:32:52,high,Data Pipeline,Live Chat,DevOps,Plus,Large,AMER,342,3.17,36,0,0,0,neutral,5,Support
ACCT-003,TKT-263264,2023-09-17,2023-09-18 00:10:22,high,Billing,Phone,DevOps,Enterprise,Large,APAC,602,1.5,19,0,0,0,negative,10,Support
ACCT-035,TKT-629018,2023-12-10,2023-12-13 08:55:08,high,Data Pipeline,Email,Finance,Enterprise,Medium,EMEA,99,22.02,0,0,0,0,neutral,2,Support
ACCT-035,TKT-828694,2023-09-19,2023-09-21 03:51:40,high,Mobile App,Web Portal,Executive,Enterprise,Large,AMER,229,4.18,5,0,0,0,neutral,6,Support
ACCT-076,TKT-965318,2024-04-09,2024-04-10 01:40:07,high,Authentication,Email,DevOps,Plus,Large,AMER,1053,0.44,14,0,0,0,negative,4,Support
ACCT-046,TKT-954059,2024-01-01,2024-01-03 09:22:17,high,Notifications,Web Portal,Executive,Plus,Medium,EMEA,107,5.02,42,0,0,0,neutral,4,Support
ACCT-077,TKT-226956,2023-12-13,2023-12-13 06:14:31,critical,Billing,Web Portal,Product Manager,Enterprise,Large,AMER,7402,5.61,44,0,0,0,neutral,7,Support
ACCT-025,TKT-174801,2023-12-30,2023-12-30 20:29:42,high,Data Pipeline,Web Portal,Support Staff,Plus,Medium,EMEA,159,3.76,31,0,0,0,neutral,5,Support
ACCT-048,TKT-542412,2023-08-08,2023-08-09 02:45:42,high,Data Pipeline,Phone,DevOps,Enterprise,Large,EMEA,2811,2.87,0,0,0,0,,5,Support
ACCT-035,TKT-726587,2024-06-01,,high,Billing,Live Chat,DevOps,Plus,Large,EMEA,185,4.14,20,1,0,0,neutral,5,Support
ACCT-072,TKT-418543,2024-04-03,2024-04-04 11:31:18,high,Authentication,Live Chat,Executive,Plus,Medium,EMEA,152,9.92,35,0,0,0,positive,2,Support
ACCT-011,TKT-766076,2024-08-12,2024-08-14 19:08:11,high,Authentication,Phone,Support Staff,Basic,Small,APAC,50,26.48,56,0,0,0,neutral,3,Support
ACCT-041,TKT-133049,2025-02-19,2025-02-21 15:45:34,high,Authentication,Web Portal,Product Manager,Enterprise,Medium,EMEA,131,7.67,58,0,0,0,neutral,4,Support
ACCT-020,TKT-834665,2024-10-24,2024-10-25 09:10:07,high,Authentication,Phone,Finance,Enterprise,Large,EMEA,970,9.4,0,0,0,0,neutral,4,Support
ACCT-025,TKT-665200,2024-09-27,2024-10-01 11:05:42,high,Data Pipeline,Web Portal,Support Staff,Enterprise,Medium,EMEA,101,6.47,19,0,0,0,neutral,4,Support
ACCT-054,TKT-468107,2023-09-09,2023-09-10 19:48:03,critical,Notifications,Live Chat,Support Staff,Enterprise,Large,AMER,2364,11.43,449,0,0,0,neutral,2,Support
ACCT-062,TKT-611126,2024-10-15,2024-10-21 12:01:50,high,Authentication,Live Chat,Product Manager,Plus,Large,AMER,73,10.57,55,0,0,0,positive,6,Support
ACCT-041,TKT-186994,2023-08-28,2023-08-30 01:32:44,high,Data Pipeline,Phone,DevOps,Enterprise,Medium,EMEA,43,4.03,101,0,0,0,neutral,7,Support
ACCT-058,TKT-198572,2024-02-07,2024-02-10 10:10:01,high,Authentication,Email,Finance,Enterprise,Medium,EMEA,131,8.76,9,0,0,0,neutral,3,Support
ACCT-010,TKT-732929,2024-09-08,2024-09-09 15:16:26,critical,Notifications,Email,Executive,Enterprise,Large,EMEA,797,45.65,687,0,0,0,negative,2,Support
ACCT-010,TKT-914915,2024-09-23,2024-09-23 07:20:09,high,Data Pipeline,Live Chat,DevOps,Plus,Large,EMEA,641,4.36,15,0,0,0,positive,6,Support
ACCT-056,TKT-110793,2024-09-05,2024-09-05 23:18:55,high,Authentication,Live Chat,Support Staff,Enterprise,Large,APAC,4393,5.06,0,0,0,0,neutral,6,Support
ACCT-035,TKT-129607,2023-10-10,2023-10-12 15:46:17,high,Notifications,Web Portal,Product Manager,Enterprise,Large,AMER,745,4.97,13,0,0,0,negative,4,Support
ACCT-041,TKT-585679,2024-10-31,2024-11-01 22:09:38,high,Data Pipeline,Live Chat,Finance,Enterprise,Large,AMER,509,14.74,35,0,0,0,neutral,6,Support
ACCT-037,TKT-661683,2024-03-08,2024-03-11 06:02:26,high,Data Pipeline,Phone,Support Staff,Enterprise,Large,AMER,1415,11.24,0,0,0,0,neutral,9,Support
ACCT-020,TKT-641837,2023-07-20,2023-07-21 02:44:24,high,Mobile App,Live Chat,Support Staff,Enterprise,Large,AMER,842,4.04,0,0,0,0,neutral,6,Support
ACCT-076,TKT-995017,2024-10-15,2024-10-15 19:25:49,high,Mobile App,Web Portal,Support Staff,Plus,Large,EMEA,109,37.75,13,0,0,0,neutral,5,Support
ACCT-053,TKT-547460,2023-11-14,2023-11-14 07:49:20,high,Data Pipeline,Email,Executive,Enterprise,Large,AMER,725,5.68,53,0,0,0,positive,5,Support
ACCT-041,TKT-180552,2023-09-21,2023-09-24 04:31:13,high,Notifications,Email,Finance,Enterprise,Large,AMER,465,2.3,14,0,0,0,neutral,4,Support
ACCT-107,TKT-506117,2023-12-21,2023-12-23 02:22:08,high,Billing,Live Chat,Product Manager,Enterprise,Large,AMER,189,0.56,32,1,0,0,neutral,5,Support
ACCT-035,TKT-291551,2023-11-28,2023-12-01 18:01:36,high,Authentication,Web Portal,DevOps,Enterprise,Large,AMER,482,2.03,13,0,0,0,negative,9,Support
ACCT-063,TKT-986611,2024-01-15,2024-01-16 11:12:34,high,Authentication,Email,Support Staff,Plus,Small,AMER,87,6.07,65,0,0,0,positive,0,Support
ACCT-036,TKT-834821,2024-10-18,2024-10-19 00:26:39,high,Authentication,Live Chat,Support Staff,Enterprise,Large,AMER,2176,3.13,70,0,0,0,negative,6,Support
ACCT-020,TKT-876319,2023-09-27,2023-09-27 13:03:30,high,Mobile App,Web Portal,Executive,Enterprise,Large,EMEA,1066,6.0,0,0,0,0,negative,7,Support
ACCT-025,TKT-484487,2025-02-09,2025-02-11 11:54:47,high,Billing,Web Portal,Support Staff,Plus,Small,AMER,146,4.4,48,0,0,0,negative,4,Support
ACCT-036,TKT-827514,2024-08-14,2024-08-14 05:53:59,critical,Billing,Web Portal,Support Staff,Enterprise,Large,AMER,4623,22.17,281,0,0,0,negative,4,Support
ACCT-076,TKT-596666,2024-06-12,2024-06-14 21:13:15,critical,Authentication,Live Chat,Support Staff,Plus,Medium,APAC,2144,18.69,264,0,0,0,positive,5,Support
ACCT-073,TKT-542766,2023-07-05,2023-07-06 05:11:30,high,Authentication,Email,Support Staff,Plus,Large,EMEA,1361,8.07,0,0,0,0,neutral,9,Support
ACCT-041,TKT-796990,2023-08-08,2023-08-08 09:57:14,high,Notifications,Web Portal,Support Staff,Enterprise,Large,APAC,398,13.19,0,0,0,0,neutral,7,Support
ACCT-018,TKT-355047,2024-06-01,2024-06-03 01:31:04,high,Mobile App,Email,DevOps,Enterprise,Large,EMEA,673,2.51,16,0,0,0,positive,5,Support
ACCT-047,TKT-698129,2023-10-19,2023-10-19 14:44:47,high,Notifications,Live Chat,Finance,Plus,Large,AMER,388,3.0,19,0,0,0,neutral,5,Support
ACCT-042,TKT-672437,2023-12-09,2023-12-12 01:20:18,high,Authentication,Email,Finance,Plus,Large,EMEA,295,2.74,115,0,0,0,negative,5,Support
ACCT-048,TKT-928373,2024-06-17,2024-06-19 11:14:50,high,Billing,Live Chat,Finance,Enterprise,Large,AMER,386,2.9,14,0,0,0,negative,14,Support
ACCT-058,TKT-141686,2023-12-07,2023-12-09 14:19:54,high,Notifications,Phone,Support Staff,Plus,Large,AMER,106,16.09,19,0,0,0,,5,Support
ACCT-041,TKT-882911,2024-01-24,2024-01-24 22:01:06,high,Authentication,Live Chat,DevOps,Enterprise,Large,AMER,1616,5.19,27,0,0,0,positive,8,Support
ACCT-077,TKT-926369,2024-07-05,2024-07-05 04:37:02,high,Authentication,Live Chat,DevOps,Plus,Large,EMEA,970,3.79,44,0,0,0,neutral,9,Support
ACCT-037,TKT-714017,2023-06-13,2023-06-13 14:01:42,high,Data Pipeline,Web Portal,Finance,Enterprise,Medium,EMEA,579,19.16,0,0,0,0,negative,3,Support
ACCT-038,TKT-243719,2024-11-25,2024-11-25 04:13:04,high,Data Pipeline,Email,Support Staff,Enterprise,Large,EMEA,1716,1.79,0,0,0,0,neutral,9,Support
ACCT-040,TKT-940145,2024-04-23,2024-04-28 01:58:39,high,Notifications,Phone,Support Staff,Enterprise,Large,AMER,110,7.4,21,0,0,0,neutral,6,Support
ACCT-112,TKT-601989,2024-01-05,2024-01-05 20:45:45,high,Mobile App,Email,Finance,Plus,Large,EMEA,1218,3.79,25,0,0,0,negative,6,Support
ACCT-035,TKT-764164,2024-01-06,2024-01-06 12:50:37,high,Authentication,Email,Support Staff,Enterprise,Medium,EMEA,171,2.57,20,0,0,0,negative,8,Support
ACCT-106,TKT-799486,2024-12-06,2024-12-10 10:33:10,high,Data Pipeline,Web Portal,Support Staff,Enterprise,Medium,EMEA,63,8.9,22,0,0,0,neutral,1,Support
ACCT-045,TKT-897460,2023-10-09,2023-10-13 10:22:08,high,Authentication,Email,Support Staff,Plus,Medium,APAC,165,8.65,24,0,0,0,neutral,5,Support
ACCT-043,TKT-176116,2023-08-09,2023-08-11 01:51:49,high,Billing,Web Portal,Finance,Enterprise,Large,AMER,407,5.97,4,0,0,0,positive,8,Support
ACCT-023,TKT-533595,2024-12-31,2024-12-31 18:36:24,high,Notifications,Live Chat,Executive,Enterprise,Large,EMEA,1194,4.47,11,0,0,0,neutral,5,Support
ACCT-010,TKT-526132,2024-06-05,2024-06-10 07:10:11,high,Notifications,Live Chat,Finance,Enterprise,Medium,EMEA,107,3.71,48,0,0,0,neutral,4,Support
ACCT-083,TKT-436055,2023-08-01,2023-08-04 14:39:25,high,Mobile App,Live Chat,Product Manager,Enterprise,Large,AMER,1175,0.85,9,0,0,0,neutral,6,Support
ACCT-020,TKT-491834,2024-07-09,2024-07-09 06:41:12,high,Authentication,Web Portal,Support Staff,Plus,Large,AMER,514,4.45,31,0,0,0,neutral,6,Support
ACCT-056,TKT-335637,2024-07-05,2024-07-06 22:45:14,high,Mobile App,Live Chat,Product Manager,Enterprise,Large,EMEA,498,9.66,17,0,0,0,neutral,1,Support
ACCT-037,TKT-634299,2023-10-09,2023-10-11 02:03:13,high,Billing,Email,DevOps,Enterprise,Large,APAC,2221,0.7,0,0,0,0,positive,9,Support
ACCT-076,TKT-264925,2024-07-21,2024-07-23 22:44:55,high,Data Pipeline,Web Portal,DevOps,Plus,Large,AMER,1714,7.8,41,0,0,0,neutral,3,Support
ACCT-021,TKT-910653,2024-02-03,2024-02-05 16:29:07,high,Authentication,Live Chat,DevOps,Plus,Medium,AMER,61,12.7,34,0,0,0,neutral,6,Support
ACCT-041,TKT-169556,2023-08-16,2023-08-17 20:53:08,high,Authentication,Web Portal,Product Manager,Enterprise,Large,AMER,343,7.18,9,0,0,0,neutral,7,Support
ACCT-035,TKT-252634,2024-12-27,2024-12-27 11:37:31,high,Authentication,Email,Executive,Enterprise,Large,AMER,679,10.07,35,0,0,0,negative,11,Support
ACCT-104,TKT-587070,2023-07-11,2023-07-12 14:12:22,high,Authentication,Web Portal,Product Manager,Plus,Medium,EMEA,248,8.32,55,0,0,0,negative,2,Support
ACCT-060,TKT-442976,2024-05-15,2024-05-16 07:34:46,high,Data Pipeline,Email,Support Staff,Plus,Large,EMEA,2536,10.63,19,0,0,0,neutral,5,Support
ACCT-026,TKT-611482,2024-04-11,2024-04-15 09:50:12,high,Authentication,Live Chat,Executive,Plus,Large,AMER,259,7.28,24,0,0,0,neutral,9,Support
ACCT-035,TKT-718199,2024-06-30,2024-07-03 15:29:25,high,Data Pipeline,Email,Support Staff,Enterprise,Large,EMEA,1988,12.6,0,0,0,0,neutral,5,Support
ACCT-060,TKT-793117,2024-12-25,2024-12-30 02:46:29,high,Billing,Live Chat,Finance,Enterprise,Large,APAC,490,6.39,0,0,0,0,neutral,3,Support
ACCT-024,TKT-825010,2025-01-08,2025-01-08 16:10:13,high,Data Pipeline,Phone,Support Staff,Plus,Large,AMER,2669,14.25,10,0,0,0,neutral,9,Support
ACCT-078,TKT-746307,2024-10-14,2024-10-19 22:16:18,high,Billing,Phone,Support Staff,Enterprise,Large,AMER,2540,2.69,0,0,0,0,neutral,7,Support
ACCT-010,TKT-384427,2023-08-04,2023-08-05 02:35:15,high,Authentication,Web Portal,Product Manager,Enterprise,Medium,EMEA,31,9.68,17,1,0,0,neutral,3,Support
ACCT-035,TKT-439910,2024-03-22,2024-03-24 15:54:01,high,Analytics Dashboard,Email,Support Staff,Enterprise,Large,APAC,392,3.36,12,0,0,0,negative,9,Support
ACCT-048,TKT-421228,2024-02-01,2024-02-03 12:18:53,high,Notifications,Phone,Support Staff,Enterprise,Large,EMEA,393,0.3,29,0,0,0,,8,Support
ACCT-056,TKT-531530,2023-12-14,2023-12-18 03:45:45,high,Data Pipeline,Live Chat,Product Manager,Enterprise,Medium,EMEA,104,9.31,23,0,0,0,negative,0,Support
ACCT-078,TKT-791128,2024-03-12,2024-03-13 03:45:22,high,Data Pipeline,Live Chat,Product Manager,Plus,Large,EMEA,120,8.12,33,0,0,0,neutral,7,Support
ACCT-036,TKT-246043,2023-12-10,2023-12-13 17:19:09,critical,Data Pipeline,Web Portal,Finance,Plus,Large,AMER,19015,30.69,743,0,0,0,neutral,4,Support
ACCT-064,TKT-847237,2024-03-29,2024-03-29 20:52:50,critical,Notifications,Live Chat,DevOps,Enterprise,Large,AMER,3324,45.6,107,0,0,0,neutral,12,Support
ACCT-017,TKT-585166,2024-12-07,2024-12-09 10:42:01,high,Analytics Dashboard,Web Portal,Support Staff,Enterprise,Large,AMER,333,2.26,21,0,0,0,neutral,8,Support
ACCT-062,TKT-857850,2025-01-16,2025-01-18 06:45:47,critical,Data Pipeline,Phone,Finance,Plus,Large,EMEA,2132,5.43,234,0,0,0,positive,8,Support
ACCT-025,TKT-928317,2024-03-25,2024-03-27 21:43:52,critical,Data Pipeline,Web Portal,Support Staff,Enterprise,Medium,EMEA,412,51.48,86,0,0,0,negative,6,Support
ACCT-036,TKT-621095,2024-05-11,2024-05-11 20:15:23,high,Notifications,Phone,DevOps,Plus,Large,EMEA,82,8.85,48,0,0,0,neutral,6,Support
ACCT-010,TKT-383891,2024-06-18,2024-06-19 02:01:32,high,Data Pipeline,Live Chat,Executive,Enterprise,Medium,EMEA,46,5.65,42,0,0,0,positive,2,Support
ACCT-043,TKT-367099,2025-01-02,2025-01-03 23:46:39,high,Data Pipeline,Live Chat,DevOps,Plus,Large,AMER,1182,35.05,0,0,0,0,negative,10,Support
ACCT-036,TKT-494853,2025-02-10,2025-02-10 10:32:10,high,Analytics Dashboard,Live Chat,Support Staff,Enterprise,Large,AMER,186,1.81,25,0,0,0,neutral,11,Support
ACCT-076,TKT-298105,2024-12-15,,high,Authentication,Live Chat,Support Staff,Plus,Large,EMEA,680,4.78,40,0,0,0,neutral,3,Support
ACCT-072,TKT-677392,2024-02-16,2024-02-21 04:04:45,high,Billing,Email,Executive,Basic,Medium,APAC,78,3.63,30,0,0,0,neutral,1,Support
ACCT-025,TKT-540919,2025-01-18,2025-01-22 02:52:19,high,Billing,Email,Executive,Basic,Medium,APAC,80,2.22,22,0,0,0,neutral,4,Support
ACCT-062,TKT-758623,2023-12-21,2023-12-22 03:55:36,critical,Data Pipeline,Phone,Support Staff,Plus,Large,EMEA,5626,14.07,744,0,0,0,neutral,3,Support
ACCT-038,TKT-505678,2024-10-14,2024-10-16 16:00:28,high,Analytics Dashboard,Email,Support Staff,Enterprise,Large,AMER,312,5.52,17,0,0,0,neutral,8,Support
ACCT-060,TKT-478887,2024-04-16,2024-04-16 14:36:36,high,Notifications,Web Portal,DevOps,Basic,Medium,APAC,115,5.11,32,0,0,0,negative,0,Support
ACCT-058,TKT-212681,2023-07-26,2023-07-26 07:55:33,high,Notifications,Web Portal,Product Manager,Enterprise,Large,AMER,223,11.72,13,0,0,0,neutral,10,Support
ACCT-083,TKT-200548,2024-12-13,2024-12-15 08:33:36,high,Authentication,Web Portal,Executive,Enterprise,Medium,EMEA,225,6.04,22,0,0,0,negative,4,Support
ACCT-075,TKT-694088,2024-08-07,2024-08-07 22:14:32,high,Notifications,Phone,DevOps,Enterprise,Large,APAC,244,2.38,21,0,0,0,positive,9,Support
ACCT-077,TKT-754688,2023-08-01,2023-08-01 04:23:39,high,Mobile App,Email,Product Manager,Enterprise,Large,EMEA,222,8.17,13,0,0,0,positive,9,Support
ACCT-025,TKT-331145,2024-03-10,2024-03-11 05:42:05,high,Data Pipeline,Web Portal,Executive,Plus,Medium,EMEA,277,19.17,11,0,0,0,negative,3,Support
ACCT-048,TKT-679459,2025-02-23,2025-02-25 17:05:29,critical,Data Pipeline,Live Chat,Support Staff,Plus,Large,AMER,5034,20.55,84,0,0,0,neutral,6,Support
ACCT-043,TKT-680607,2024-05-28,2024-06-01 06:46:19,high,Billing,Phone,Support Staff,Enterprise,Large,APAC,1161,0.0,28,0,0,0,,12,Support
ACCT-020,TKT-944848,2025-01-19,2025-01-20 08:52:49,high,Notifications,Email,DevOps,Enterprise,Medium,EMEA,86,8.54,44,0,0,0,neutral,2,Support
ACCT-021,TKT-268187,2024-06-27,2024-06-27 22:04:55,high,Billing,Email,Support Staff,Enterprise,Large,APAC,260,3.09,9,0,0,0,neutral,9,Support
ACCT-041,TKT-382831,2023-09-02,2023-09-04 12:57:54,high,Data Pipeline,Live Chat,Support Staff,Enterprise,Large,AMER,305,10.44,81,0,0,0,neutral,3,Support
ACCT-037,TKT-526143,2024-10-10,2024-10-10 15:03:23,high,Authentication,Phone,Executive,Enterprise,Large,AMER,770,5.32,0,0,0,0,neutral,5,Support
ACCT-035,TKT-281973,2024-01-13,2024-01-14 01:41:11,high,Authentication,Web Portal,Finance,Plus,Medium,EMEA,85,20.16,36,0,0,0,neutral,2,Support
ACCT-072,TKT-803763,2024-01-12,,high,Notifications,Phone,Support Staff,Plus,Large,EMEA,1992,5.33,16,0,0,0,neutral,2,Support
ACCT-010,TKT-990859,2024-04-11,2024-04-12 21:09:07,critical,Mobile App,Email,Finance,Enterprise,Large,EMEA,8686,2.99,104,0,0,0,neutral,4,Support
ACCT-016,TKT-988439,2024-06-30,2024-07-01 22:21:03,critical,Notifications,Web Portal,Executive,Enterprise,Medium,EMEA,111,34.06,473,0,0,0,neutral,6,Support
ACCT-010,TKT-257690,2023-08-23,2023-08-24 18:17:10,high,Billing,Live Chat,Finance,Enterprise,Large,AMER,2191,4.88,15,1,0,0,negative,5,Support
ACCT-060,TKT-124145,2024-06-28,2024-07-02 08:48:54,high,Authentication,Web Portal,Executive,Enterprise,Large,APAC,1334,1.66,14,0,0,0,neutral,4,Support
ACCT-041,TKT-806017,2024-12-06,2024-12-09 16:46:04,high,Data Pipeline,Live Chat,Support Staff,Enterprise,Large,APAC,116,32.44,0,0,0,0,negative,9,Support
ACCT-075,TKT-458915,2024-10-16,2024-10-17 21:18:37,high,Authentication,Email,Support Staff,Basic,Small,APAC,7,7.35,27,0,1,0,neutral,0,Support
ACCT-020,TKT-506743,2024-04-25,2024-04-25 05:55:15,high,Notifications,Email,Support Staff,Enterprise,Large,AMER,609,9.35,0,0,0,0,negative,9,Support
ACCT-035,TKT-837627,2024-08-26,2024-08-28 17:28:03,critical,Authentication,Web Portal,Support Staff,Enterprise,Medium,EMEA,1116,19.47,777,0,0,0,negative,3,Support
ACCT-040,TKT-496009,2023-08-19,2023-08-21 16:44:25,high,Authentication,Email,DevOps,Enterprise,Medium,EMEA,164,7.38,8,0,0,0,neutral,3,Support
ACCT-038,TKT-429474,2023-11-20,2023-11-23 20:44:55,high,Data Pipeline,Email,Product Manager,Enterprise,Medium,EMEA,33,6.08,49,0,0,0,neutral,4,Support
ACCT-041,TKT-404798,2024-05-27,2024-05-28 17:55:19,high,Notifications,Live Chat,Support Staff,Enterprise,Large,AMER,706,10.18,0,0,0,0,neutral,4,Support
ACCT-035,TKT-125455,2024-01-23,2024-01-24 15:13:54,high,Authentication,Live Chat,Product Manager,Enterprise,Large,EMEA,458,11.44,0,0,0,0,positive,17,Support
ACCT-060,TKT-574214,2024-12-28,2024-12-29 01:52:44,high,Authentication,Web Portal,Finance,Enterprise,Medium,EMEA,342,8.63,0,0,0,0,negative,3,Support
ACCT-077,TKT-499476,2023-06-23,2023-06-24 16:12:48,high,Data Pipeline,Phone,Support Staff,Plus,Medium,APAC,159,5.37,139,0,0,0,negative,9,Support
ACCT-035,TKT-544740,2023-06-21,2023-06-23 03:22:26,critical,Authentication,Live Chat,Support Staff,Enterprise,Large,AMER,9848,14.62,373,0,0,0,neutral,11,Support
ACCT-041,TKT-382194,2023-08-31,2023-09-01 21:23:17,high,Authentication,Live Chat,Product Manager,Enterprise,Large,AMER,392,16.78,0,0,0,0,negative,3,Support
ACCT-058,TKT-265777,2024-06-10,2024-06-14 23:23:55,high,Notifications,Live Chat,Support Staff,Enterprise,Large,AMER,209,3.67,20,0,0,0,negative,6,Support
ACCT-058,TKT-642291,2023-11-20,2023-11-20 23:33:14,high,Authentication,Live Chat,Product Manager,Enterprise,Large,EMEA,621,6.93,0,0,0,0,negative,10,Support
ACCT-076,TKT-138056,2025-02-03,2025-02-05 08:02:50,critical,Authentication,Phone,Product Manager,Enterprise,Large,AMER,4460,23.43,0,0,0,0,,5,Support
ACCT-037,TKT-194343,2024-06-25,2024-06-26 13:41:52,high,Data Pipeline,Phone,Support Staff,Plus,Large,EMEA,562,4.2,52,0,0,0,neutral,8,Support
ACCT-106,TKT-152497,2023-11-10,2023-11-10 12:16:13,high,Data Pipeline,Live Chat,Support Staff,Enterprise,Medium,EMEA,117,14.43,84,0,0,0,neutral,3,Support
ACCT-043,TKT-575110,2024-02-12,2024-02-12 11:08:55,critical,Authentication,Email,Support Staff,Enterprise,Large,AMER,5853,61.47,0,0,0,0,neutral,8,Support
ACCT-048,TKT-392042,2023-10-31,2023-11-01 06:34:12,critical,Mobile App,Live Chat,Product Manager,Enterprise,Large,EMEA,2354,1.89,313,0,0,0,neutral,8,Support
ACCT-062,TKT-645792,2023-12-08,2023-12-09 00:28:38,high,Authentication,Phone,Product Manager,Enterprise,Medium,EMEA,95,7.14,35,0,0,0,neutral,7,Support
ACCT-083,TKT-154679,2023-08-08,2023-08-09 00:43:53,critical,Authentication,Web Portal,Product Manager,Basic,Medium,APAC,3279,18.69,218,0,0,0,neutral,2,Support
ACCT-037,TKT-877094,2025-01-07,2025-01-09 23:56:05,high,Data Pipeline,Web Portal,Product Manager,Plus,Large,AMER,432,4.29,23,0,0,0,positive,7,Support
ACCT-063,TKT-543824,2023-11-28,2023-11-29 06:05:37,high,Authentication,Email,Support Staff,Basic,Medium,APAC,221,7.37,28,0,0,0,negative,3,Support
