account_id,lead_id,campaign_name,campaign_channel,campaign_date,funnel_stage,customer_segment,annual_income,household_size,days_since_last_engagement,product_spend_tier1,product_spend_tier2,product_spend_tier3,campaign_spend,revenue_attributed,web_visits_per_month,campaign_response,Mkt_Src_Cd,complaint_flag,data_source
ACCT-012,LEAD-01826,Digital Retarget,Partner Referral,2025-01-16,Closed Won,Professional,84835.0,1,0,189,379,218,6027.26,1554.71,1,1,ES,0,Marketing
ACCT-047,LEAD-00001,NovaEdge Awareness,Partner Referral,2025-01-15,Closed Won,Professional,57091.0,1,0,464,64,37,3232.6,1097.02,5,1,CA,0,Marketing
ACCT-030,LEAD-10476,NovaPulse Launch,Email,2024-12-10,Qualified Lead,Professional,67267.0,2,0,134,59,30,2999.77,0.0,2,0,US,0,Marketing
ACCT-068,LEAD-01386,NovaPulse Launch,Organic Search,2024-12-08,Prospect,Professional,32474.0,3,0,10,1,0,1724.86,0.0,7,0,AU,0,Marketing
ACCT-079,LEAD-05371,Q3 Growth Sprint,Paid Social,2024-11-02,Lead,Professional,21474.0,2,0,6,24,34,8501.44,201.62,7,1,ES,0,Marketing
ACCT-055,LEAD-07348,Digital Retarget,Direct Mail,2024-10-09,Closed Won,Enterprise,71691.0,1,0,336,411,43,5736.41,2599.16,2,1,ES,0,Marketing
ACCT-012,LEAD-04073,Q3 Growth Sprint,Direct Mail,2024-08-19,Closed Won,Standard,63564.0,1,0,769,252,65,7672.48,1772.89,6,1,DE,0,Marketing
ACCT-012,LEAD-01991,Digital Retarget,Email,2024-08-07,Lead,Professional,44931.0,2,0,78,11,7,550.95,0.0,5,0,ES,0,Marketing
ACCT-030,LEAD-04047,Enterprise Expansion,Partner Referral,2024-07-31,Qualified Lead,Enterprise,65324.0,2,0,384,102,5,4828.59,0.0,4,0,US,0,Marketing
ACCT-012,LEAD-09477,Enterprise Expansion,Partner Referral,2024-07-31,Qualified Lead,Enterprise,65324.0,2,0,384,102,5,4514.65,0.0,4,0,IN,0,Marketing
ACCT-012,LEAD-02079,Enterprise Expansion,Partner Referral,2024-07-14,Qualified Lead,Standard,81044.0,1,0,450,535,26,11033.51,0.0,1,0,US,0,Marketing
ACCT-080,LEAD-05642,Q3 Growth Sprint,Partner Referral,2024-06-25,Qualified Lead,Growth,62499.0,2,0,140,61,4,9767.63,0.0,4,0,ES,0,Marketing
ACCT-081,LEAD-10530,Digital Retarget,Partner Referral,2024-06-22,Closed Won,Enterprise,67786.0,1,0,431,441,102,5615.57,2438.36,1,1,IN,0,Marketing
ACCT-012,LEAD-02964,NovaPulse Launch,Organic Search,2024-04-27,Lead,Professional,26872.0,1,0,3,8,32,3184.14,0.0,6,0,CA,0,Marketing
ACCT-030,LEAD-10311,Enterprise Expansion,Paid Social,2024-04-15,Qualified Lead,Professional,4428.0,2,0,16,12,321,3677.89,0.0,1,0,ES,0,Marketing
ACCT-113,LEAD-00837,Enterprise Expansion,Email,2024-03-20,Lead,Professional,54809.0,3,0,63,57,22,2018.12,0.0,4,0,ES,0,Marketing
ACCT-080,LEAD-10521,Digital Retarget,Email,2024-03-20,Opportunity,Professional,54809.0,3,0,63,57,22,2369.81,234.71,4,1,ES,0,Marketing
ACCT-012,LEAD-10175,Digital Retarget,Email,2024-02-04,Prospect,Enterprise,32173.0,2,0,18,2,2,2548.25,0.0,4,0,ES,0,Marketing
ACCT-012,LEAD-01473,Enterprise Expansion,Organic Search,2024-01-25,Lead,Standard,47823.0,2,0,53,5,10,3876.52,0.0,8,0,CA,0,Marketing
ACCT-012,LEAD-02795,Digital Retarget,Organic Search,2024-01-01,Prospect,Growth,30523.0,4,0,5,3,5,878.35,0.0,7,0,CA,0,Marketing
ACCT-029,LEAD-02285,Digital Retarget,Organic Search,2023-11-25,Qualified Lead,Growth,36634.0,2,0,213,76,30,589.87,0.0,7,0,SA,0,Marketing
ACCT-074,LEAD-00115,NovaEdge Awareness,Partner Referral,2023-09-18,Qualified Lead,Growth,43456.0,2,0,275,68,7,6743.49,0.0,5,0,IN,0,Marketing
ACCT-015,LEAD-10470,NovaPulse Launch,Email,2023-09-06,Lead,Growth,40662.0,2,0,40,23,23,2193.37,0.0,4,0,DE,0,Marketing
ACCT-049,LEAD-04065,Enterprise Expansion,Partner Referral,2023-08-03,Qualified Lead,Enterprise,49544.0,2,0,308,73,23,14498.07,0.0,7,0,ES,0,Marketing
ACCT-012,LEAD-10968,NovaPulse Launch,Direct Mail,2023-05-07,Qualified Lead,Professional,57731.0,2,0,266,300,44,4078.25,0.0,6,0,IN,0,Marketing
ACCT-012,LEAD-05985,Enterprise Expansion,Organic Search,2023-03-23,Lead,Growth,33168.0,2,0,80,37,3,3002.55,0.0,7,0,ES,0,Marketing
ACCT-081,LEAD-05430,NovaPulse Launch,Paid Social,2023-02-20,Qualified Lead,Professional,54450.0,3,0,454,171,32,2759.96,0.0,8,0,ES,0,Marketing
ACCT-012,LEAD-08432,Q3 Growth Sprint,Paid Social,2023-02-20,Qualified Lead,Professional,54450.0,3,0,454,171,32,8906.14,0.0,8,0,ES,0,Marketing
ACCT-012,LEAD-00453,Enterprise Expansion,Email,2025-01-31,Prospect,Enterprise,35340.0,3,1,27,12,5,2068.11,0.0,5,0,ES,0,Marketing
ACCT-012,LEAD-09687,Enterprise Expansion,Partner Referral,2024-12-30,Qualified Lead,Professional,73170.0,1,1,184,256,32,4222.82,0.0,2,0,CA,0,Marketing
ACCT-080,LEAD-08890,Year-End Accelerator,Organic Search,2024-12-29,Qualified Lead,Enterprise,65808.0,3,1,155,80,10,3203.68,0.0,6,0,ES,0,Marketing
ACCT-012,LEAD-09264,NovaPulse Launch,Partner Referral,2024-11-23,Qualified Lead,Professional,79529.0,1,1,423,706,197,13203.52,0.0,2,0,CA,0,Marketing
ACCT-030,LEAD-05824,Year-End Accelerator,Organic Search,2024-11-05,Prospect,Enterprise,34578.0,4,1,7,1,0,2601.44,0.0,6,0,AU,0,Marketing
ACCT-109,LEAD-05794,NovaPulse Launch,Partner Referral,2024-10-09,Opportunity,Enterprise,46374.0,2,1,408,21,17,4452.66,1105.63,8,1,IN,0,Marketing
ACCT-030,LEAD-03068,Q3 Growth Sprint,Organic Search,2024-05-11,Prospect,Professional,18351.0,1,1,1,9,7,3239.22,0.0,7,0,ES,0,Marketing
ACCT-066,LEAD-07962,NovaPulse Launch,Email,2024-04-19,Closed Won,Enterprise,95169.0,1,1,1285,449,20,1368.01,3339.85,1,1,ES,0,Marketing
ACCT-009,LEAD-02681,Digital Retarget,Partner Referral,2024-02-04,Qualified Lead,Standard,65370.0,1,1,71,112,29,7446.85,0.0,1,0,ES,0,Marketing
ACCT-020,LEAD-10141,NovaEdge Awareness,Email,2023-11-06,Prospect,Growth,39228.0,1,1,7,6,3,1764.9,0.0,4,0,SA,0,Marketing
ACCT-081,LEAD-03725,NovaPulse Launch,Partner Referral,2023-11-05,Closed Won,Enterprise,84865.0,1,1,1248,349,16,7094.77,3889.91,4,1,ES,0,Marketing
ACCT-012,LEAD-03767,Digital Retarget,Partner Referral,2023-10-20,Qualified Lead,Professional,61314.0,2,1,378,189,172,12867.97,0.0,3,0,ES,0,Marketing
ACCT-012,LEAD-05585,Digital Retarget,Organic Search,2023-10-15,Prospect,Professional,21359.0,2,1,12,17,10,869.39,117.55,8,1,CA,0,Marketing
ACCT-068,LEAD-07030,NovaPulse Launch,Partner Referral,2023-09-22,Closed Won,Enterprise,66465.0,2,1,1200,204,14,10627.02,3381.82,6,1,ES,0,Marketing
ACCT-012,LEAD-01524,NovaPulse Launch,Paid Social,2023-08-21,Closed Won,Standard,81698.0,1,1,709,115,45,9073.09,1949.81,5,1,ES,0,Marketing
ACCT-066,LEAD-03657,Enterprise Expansion,Organic Search,2023-08-05,Lead,Professional,39146.0,2,1,94,33,12,3068.28,0.0,8,0,ES,0,Marketing
ACCT-012,LEAD-05740,Digital Retarget,Organic Search,2023-08-05,Lead,Standard,25959.0,3,1,4,12,26,3879.16,86.86,6,1,ES,0,Marketing
ACCT-012,LEAD-09595,Digital Retarget,Direct Mail,2023-06-29,Closed Won,Professional,64260.0,1,1,539,816,30,6753.29,2990.01,3,1,ES,0,Marketing
ACCT-012,LEAD-03158,Q3 Growth Sprint,Organic Search,2023-06-20,Prospect,Professional,32300.0,2,1,13,6,6,2192.24,0.0,8,0,ES,0,Marketing
ACCT-012,LEAD-05114,Q3 Growth Sprint,Email,2023-06-04,Qualified Lead,Growth,74806.0,2,1,670,249,9,1588.94,0.0,4,0,AU,0,Marketing
ACCT-012,LEAD-00340,Q3 Growth Sprint,Partner Referral,2023-05-31,Opportunity,Professional,72967.0,2,1,158,179,125,11772.31,769.81,5,1,DE,0,Marketing
ACCT-012,LEAD-08805,Enterprise Expansion,Paid Social,2023-05-17,Qualified Lead,Professional,48904.0,2,1,283,38,27,10517.13,0.0,8,0,US,0,Marketing
ACCT-012,LEAD-01241,Digital Retarget,Organic Search,2023-02-23,Lead,Standard,14796.0,2,1,13,8,16,3407.56,66.95,9,1,DE,0,Marketing
ACCT-012,LEAD-01402,Year-End Accelerator,Direct Mail,2023-02-16,Qualified Lead,Growth,66991.0,1,1,496,460,12,7230.6,0.0,3,0,DE,0,Marketing
ACCT-012,LEAD-07264,Year-End Accelerator,Organic Search,2024-12-09,Prospect,Standard,52195.0,4,2,12,4,1,1353.52,0.0,8,0,SA,0,Marketing
ACCT-080,LEAD-01619,Digital Retarget,Partner Referral,2024-11-24,Closed Won,Professional,90369.0,1,2,292,981,17,8576.5,3165.57,1,1,ES,0,Marketing
ACCT-027,LEAD-06398,Q3 Growth Sprint,Organic Search,2024-10-22,Prospect,Starter,18393.0,2,2,7,13,4,1826.46,0.0,8,0,ES,0,Marketing
ACCT-012,LEAD-01857,Digital Retarget,Organic Search,2024-09-27,Lead,Professional,47139.0,3,2,46,12,23,600.45,191.42,7,1,ES,0,Marketing
ACCT-068,LEAD-04877,Digital Retarget,Organic Search,2024-09-25,Prospect,Growth,38576.0,2,2,34,7,0,1136.44,0.0,7,0,IN,0,Marketing
ACCT-014,LEAD-03066,NovaPulse Launch,Email,2024-08-26,Qualified Lead,Enterprise,61905.0,2,2,167,43,13,1030.3,0.0,5,0,SA,0,Marketing
ACCT-012,LEAD-10286,Q3 Growth Sprint,Partner Referral,2024-08-25,Qualified Lead,Professional,83715.0,1,2,318,407,8,12573.99,0.0,0,0,SA,0,Marketing
ACCT-012,LEAD-01992,NovaPulse Launch,Partner Referral,2024-07-20,Closed Won,Professional,60597.0,2,2,522,257,66,7084.07,2093.56,7,1,ES,0,Marketing
ACCT-012,LEAD-04246,Year-End Accelerator,Organic Search,2024-06-28,Qualified Lead,Growth,6560.0,1,2,67,26,262,2954.14,0.0,17,0,ES,0,Marketing
ACCT-080,LEAD-10623,Enterprise Expansion,Email,2024-05-29,Prospect,Growth,48330.0,2,2,28,4,0,1190.67,0.0,5,0,ES,0,Marketing
ACCT-012,LEAD-04867,NovaEdge Awareness,Organic Search,2024-03-29,Lead,Enterprise,38236.0,3,2,58,18,10,535.53,0.0,7,0,ES,0,Marketing
ACCT-042,LEAD-03112,Year-End Accelerator,Email,2024-03-13,Prospect,Growth,22701.0,2,2,2,9,5,2870.16,0.0,5,0,ES,0,Marketing
ACCT-050,LEAD-04865,Digital Retarget,Partner Referral,2024-03-08,Opportunity,Growth,53367.0,3,2,229,140,11,4027.36,854.44,7,1,AU,0,Marketing
ACCT-030,LEAD-06287,Digital Retarget,Organic Search,2024-02-02,Prospect,Professional,34728.0,2,2,14,16,6,2210.02,78.68,6,1,ES,0,Marketing
ACCT-068,LEAD-04405,NovaEdge Awareness,Partner Referral,2024-02-02,Qualified Lead,Growth,63915.0,3,2,622,115,15,11287.31,0.0,5,0,AU,0,Marketing
ACCT-012,LEAD-05332,Year-End Accelerator,Partner Referral,2024-01-30,Qualified Lead,Standard,82504.0,1,2,362,431,54,10750.83,0.0,1,0,IN,0,Marketing
ACCT-071,LEAD-01519,Digital Retarget,Organic Search,2023-12-23,Lead,Enterprise,38578.0,3,2,38,22,3,2217.87,162.85,8,1,ES,0,Marketing
ACCT-014,LEAD-09080,Q3 Growth Sprint,Organic Search,2023-12-23,Lead,Enterprise,38578.0,3,2,38,22,3,825.69,0.0,8,0,ES,0,Marketing
ACCT-012,LEAD-01772,NovaPulse Launch,Partner Referral,2023-06-29,Closed Won,Enterprise,79174.0,1,2,1074,518,129,5659.16,4288.92,2,1,CA,0,Marketing
ACCT-061,LEAD-05341,Year-End Accelerator,Paid Social,2023-06-23,Closed Won,Standard,81975.0,2,2,983,184,27,5062.06,3106.16,7,1,SA,0,Marketing
ACCT-030,LEAD-05510,Q3 Growth Sprint,Partner Referral,2023-05-05,Qualified Lead,Growth,43263.0,2,2,262,61,102,8679.13,0.0,5,0,ES,0,Marketing
ACCT-061,LEAD-03887,Digital Retarget,Organic Search,2023-04-24,Opportunity,Professional,27242.0,2,2,3,26,39,2358.23,185.83,9,1,IN,0,Marketing
ACCT-081,LEAD-07022,Q3 Growth Sprint,Partner Referral,2023-03-07,Qualified Lead,Professional,76445.0,2,2,739,309,35,11951.23,0.0,6,0,SA,0,Marketing
ACCT-054,LEAD-09999,Enterprise Expansion,Partner Referral,2023-03-06,Qualified Lead,Professional,75276.0,1,2,610,125,21,6969.5,0.0,5,0,ES,0,Marketing
ACCT-012,LEAD-10352,Digital Retarget,Paid Social,2023-02-12,Opportunity,Professional,34213.0,3,2,50,28,26,9028.55,181.61,9,1,SA,0,Marketing
ACCT-068,LEAD-07919,Digital Retarget,Paid Social,2023-01-16,Closed Won,Enterprise,72335.0,1,2,1285,653,0,4514.04,2838.54,8,1,ES,0,Marketing
ACCT-012,LEAD-04114,Year-End Accelerator,Partner Referral,2023-01-14,Qualified Lead,Growth,79143.0,1,2,650,780,32,5311.01,0.0,3,0,AU,0,Marketing
ACCT-061,LEAD-07990,Year-End Accelerator,Organic Search,2023-01-04,Prospect,Professional,27469.0,1,2,9,2,0,918.44,0.0,6,0,CA,0,Marketing
ACCT-012,LEAD-09888,NovaPulse Launch,Partner Referral,2025-01-26,Qualified Lead,Professional,68695.0,1,3,458,356,40,9430.37,0.0,2,0,ES,0,Marketing
ACCT-104,LEAD-04399,NovaEdge Awareness,Partner Referral,2025-01-26,Qualified Lead,Professional,68695.0,1,3,458,356,40,12146.28,0.0,2,0,CA,0,Marketing
ACCT-029,LEAD-04452,NovaPulse Launch,Partner Referral,2024-12-27,Opportunity,Professional,50388.0,2,3,292,37,34,5221.8,551.04,7,1,DE,0,Marketing
ACCT-012,LEAD-04785,Enterprise Expansion,Partner Referral,2024-11-09,Qualified Lead,Enterprise,77622.0,3,3,520,154,14,8810.38,0.0,3,0,SA,0,Marketing
ACCT-069,LEAD-08461,NovaEdge Awareness,Organic Search,2024-10-02,Prospect,Professional,46102.0,4,3,14,1,1,3036.05,0.0,7,0,ES,0,Marketing
ACCT-012,LEAD-03878,Q3 Growth Sprint,Organic Search,2024-09-20,Prospect,Standard,31859.0,2,3,3,7,11,3918.12,0.0,7,0,ES,0,Marketing
ACCT-012,LEAD-09612,NovaPulse Launch,Organic Search,2024-08-29,Prospect,Standard,23830.0,1,3,1,6,16,2336.23,0.0,7,0,ES,0,Marketing
ACCT-012,LEAD-04098,NovaPulse Launch,Organic Search,2024-08-18,Prospect,Professional,24639.0,3,3,20,16,1,1490.5,0.0,6,0,AU,0,Marketing
ACCT-044,LEAD-00158,Q3 Growth Sprint,Paid Social,2024-06-01,Closed Won,Enterprise,71604.0,1,3,345,528,97,3005.26,1737.01,4,1,ES,0,Marketing
ACCT-012,LEAD-03896,Q3 Growth Sprint,Organic Search,2024-05-21,Prospect,Professional,27255.0,2,3,22,11,2,1296.19,0.0,7,0,ES,0,Marketing
ACCT-012,LEAD-09970,Year-End Accelerator,Partner Referral,2024-04-28,Lead,Professional,55375.0,2,3,42,57,14,5153.3,0.0,2,0,CA,0,Marketing
ACCT-012,LEAD-04002,NovaPulse Launch,Partner Referral,2024-04-24,Qualified Lead,Enterprise,77037.0,2,3,463,333,10,3169.78,0.0,3,0,ES,0,Marketing
ACCT-015,LEAD-10914,NovaPulse Launch,Email,2024-04-22,Prospect,Professional,24163.0,3,3,4,7,2,1835.34,0.0,4,0,ES,0,Marketing
ACCT-104,LEAD-07279,NovaEdge Awareness,Direct Mail,2024-04-09,Qualified Lead,Enterprise,69476.0,1,3,260,559,67,3283.02,0.0,2,0,US,0,Marketing
ACCT-012,LEAD-10582,Year-End Accelerator,Partner Referral,2024-01-03,Qualified Lead,Professional,72063.0,2,3,180,348,90,14691.54,0.0,2,0,DE,0,Marketing
ACCT-012,LEAD-04470,NovaPulse Launch,Email,2023-12-09,Lead,Growth,58646.0,2,3,62,44,22,1883.4,0.0,4,0,ES,0,Marketing
ACCT-106,LEAD-06183,Enterprise Expansion,Email,2023-12-09,Lead,Growth,58646.0,2,3,62,44,22,2243.54,0.0,4,0,DE,0,Marketing
ACCT-061,LEAD-06379,Digital Retarget,Organic Search,2023-11-26,Opportunity,Growth,47570.0,3,3,67,20,31,941.98,281.81,7,1,US,0,Marketing
ACCT-081,LEAD-08601,Enterprise Expansion,Paid Social,2023-10-25,Qualified Lead,Professional,80011.0,2,3,421,536,102,6908.79,0.0,4,0,AU,0,Marketing
ACCT-081,LEAD-04827,Digital Retarget,Partner Referral,2023-08-31,Opportunity,Enterprise,54998.0,2,3,154,202,8,13472.64,885.56,4,1,ES,0,Marketing
ACCT-012,LEAD-06715,NovaEdge Awareness,Partner Referral,2023-06-19,Qualified Lead,Enterprise,60200.0,2,3,502,132,26,8632.76,0.0,6,0,ES,0,Marketing
ACCT-012,LEAD-10676,Digital Retarget,Direct Mail,2023-04-14,Closed Won,Professional,63211.0,1,3,145,459,145,4363.05,1688.74,2,1,ES,0,Marketing
ACCT-081,LEAD-01041,Digital Retarget,Paid Social,2023-03-29,Opportunity,Enterprise,48432.0,2,3,322,50,42,2513.77,1027.51,8,1,SA,0,Marketing
ACCT-081,LEAD-00492,NovaPulse Launch,Paid Social,2023-03-29,Qualified Lead,Enterprise,48432.0,2,3,322,50,42,6777.29,0.0,8,0,CA,0,Marketing
ACCT-054,LEAD-11133,Digital Retarget,Paid Social,2023-03-29,Opportunity,Enterprise,48432.0,2,3,322,50,42,10221.16,729.67,8,1,IN,0,Marketing
ACCT-008,LEAD-04491,Enterprise Expansion,Partner Referral,2023-03-10,Closed Won,Growth,62845.0,3,3,1099,45,34,3888.99,2377.53,8,1,ES,0,Marketing
ACCT-027,LEAD-00873,Enterprise Expansion,Partner Referral,2023-03-10,Closed Won,Growth,62845.0,3,3,1099,45,34,3643.31,1642.08,8,1,ES,0,Marketing
ACCT-012,LEAD-01631,Digital Retarget,Paid Social,2023-02-08,Closed Won,Enterprise,65220.0,1,3,890,292,12,7628.4,2044.77,6,1,DE,0,Marketing
ACCT-002,LEAD-08278,Year-End Accelerator,Paid Social,2023-01-30,Qualified Lead,Enterprise,74214.0,1,3,863,547,33,11939.18,0.0,5,0,ES,0,Marketing
ACCT-003,LEAD-06815,NovaPulse Launch,Partner Referral,2024-12-21,Closed Won,Standard,96547.0,1,4,448,125,62,4421.42,1774.77,2,1,ES,0,Marketing
ACCT-012,LEAD-00254,Enterprise Expansion,Partner Referral,2024-12-15,Opportunity,Professional,53863.0,2,4,399,30,30,10275.81,1053.83,7,1,ES,0,Marketing
ACCT-014,LEAD-01349,Digital Retarget,Organic Search,2024-11-16,Lead,Professional,50447.0,3,4,85,24,27,1289.9,0.0,6,0,IN,0,Marketing
ACCT-110,LEAD-02534,Q3 Growth Sprint,Paid Social,2024-11-16,Lead,Professional,37716.0,2,4,97,41,41,7225.73,0.0,7,0,AU,0,Marketing
ACCT-012,LEAD-02130,Digital Retarget,Organic Search,2024-10-16,Opportunity,Professional,45203.0,3,4,35,67,24,2076.8,261.0,6,1,SA,0,Marketing
ACCT-012,LEAD-02296,Q3 Growth Sprint,Organic Search,2024-07-02,Prospect,Growth,37368.0,2,4,3,11,10,3510.58,74.61,6,1,ES,0,Marketing
ACCT-012,LEAD-03799,NovaEdge Awareness,Partner Referral,2024-06-10,Qualified Lead,Professional,67225.0,2,4,315,322,143,6664.56,0.0,5,0,US,0,Marketing
ACCT-055,LEAD-11084,Digital Retarget,Partner Referral,2024-05-28,Closed Won,Growth,65104.0,2,4,738,232,50,10452.33,2098.12,7,1,CA,0,Marketing
ACCT-080,LEAD-05172,NovaPulse Launch,Partner Referral,2024-05-28,Qualified Lead,Growth,65104.0,2,4,738,232,50,11881.07,0.0,7,0,ES,0,Marketing
ACCT-012,LEAD-09504,Digital Retarget,Partner Referral,2024-05-20,Closed Won,Growth,81698.0,1,4,179,520,47,14371.08,1481.89,1,1,ES,0,Marketing
ACCT-012,LEAD-00850,Year-End Accelerator,Partner Referral,2024-04-16,Qualified Lead,Professional,70566.0,2,4,381,215,21,5532.3,0.0,3,0,ES,0,Marketing
ACCT-012,LEAD-04477,NovaEdge Awareness,Partner Referral,2024-04-06,Qualified Lead,Professional,69096.0,2,4,247,159,109,10925.14,0.0,4,0,DE,0,Marketing
ACCT-012,LEAD-01945,NovaPulse Launch,Partner Referral,2024-03-27,Closed Won,Professional,71434.0,2,4,711,217,168,4884.69,1996.34,4,1,ES,0,Marketing
ACCT-012,LEAD-07685,Digital Retarget,Email,2024-03-18,Lead,Professional,33039.0,2,4,30,12,12,687.66,0.0,5,0,ES,0,Marketing
ACCT-030,LEAD-06310,Year-End Accelerator,Email,2024-03-18,Lead,Professional,33039.0,2,4,30,12,12,506.69,0.0,5,0,CA,0,Marketing
ACCT-017,LEAD-10832,Q3 Growth Sprint,Partner Referral,2024-01-20,Qualified Lead,Professional,46610.0,1,4,288,30,125,8406.04,0.0,6,0,ES,0,Marketing
ACCT-081,LEAD-03025,NovaEdge Awareness,Paid Social,2024-01-09,Qualified Lead,Professional,49967.0,2,4,212,69,3,7938.11,0.0,7,0,CA,0,Marketing
ACCT-012,LEAD-02404,Year-End Accelerator,Paid Social,2023-11-24,Qualified Lead,Professional,53359.0,3,4,173,30,41,4912.59,0.0,7,0,US,0,Marketing
ACCT-012,LEAD-08581,NovaEdge Awareness,Paid Social,2023-08-26,Qualified Lead,Growth,49505.0,3,4,604,100,28,4314.76,0.0,8,0,ES,0,Marketing
ACCT-080,LEAD-08755,NovaEdge Awareness,Partner Referral,2023-08-12,Qualified Lead,Growth,68657.0,1,4,482,471,22,11483.47,0.0,7,0,AU,0,Marketing
ACCT-012,LEAD-10177,NovaEdge Awareness,Partner Referral,2023-08-05,Qualified Lead,Professional,72071.0,2,4,531,300,150,11435.85,0.0,2,0,ES,0,Marketing
ACCT-012,LEAD-02429,Digital Retarget,Partner Referral,2023-08-05,Qualified Lead,Professional,72071.0,2,4,531,300,150,8448.38,0.0,2,0,CA,0,Marketing
ACCT-052,LEAD-08920,Year-End Accelerator,Partner Referral,2023-06-30,Qualified Lead,Growth,59235.0,2,4,448,469,91,11248.62,0.0,7,0,IN,0,Marketing
ACCT-012,LEAD-08430,NovaPulse Launch,Email,2023-06-10,Prospect,Professional,21994.0,2,4,9,6,3,2809.78,0.0,5,0,AU,0,Marketing
ACCT-056,LEAD-08619,Enterprise Expansion,Email,2023-06-10,Prospect,Professional,21994.0,2,4,9,6,3,2469.57,0.0,5,0,ES,0,Marketing
ACCT-012,LEAD-08996,Q3 Growth Sprint,Partner Referral,2023-05-02,Qualified Lead,Enterprise,,4,4,230,192,53,10500.7,0.0,9,0,DE,0,Marketing
ACCT-071,LEAD-07233,NovaPulse Launch,Partner Referral,2023-02-23,Closed Won,Professional,69209.0,1,4,496,849,128,10934.2,4301.34,4,1,CA,0,Marketing
ACCT-061,LEAD-06678,NovaPulse Launch,Organic Search,2024-10-21,Lead,Professional,31928.0,2,5,33,24,5,1987.99,0.0,7,0,IN,0,Marketing
ACCT-012,LEAD-00830,NovaPulse Launch,Direct Mail,2024-09-16,Closed Won,Enterprise,74004.0,1,5,784,560,48,5039.66,3385.51,3,1,IN,0,Marketing
ACCT-081,LEAD-06365,Digital Retarget,Organic Search,2024-03-10,Lead,Standard,30390.0,1,5,10,12,20,3679.44,0.0,6,0,IN,0,Marketing
ACCT-061,LEAD-06770,Q3 Growth Sprint,Organic Search,2024-02-25,Lead,Professional,21355.0,2,5,5,14,31,3393.21,87.91,6,1,US,0,Marketing
ACCT-012,LEAD-02261,Digital Retarget,Organic Search,2023-12-24,Prospect,Professional,26304.0,2,5,4,5,4,1080.73,0.0,7,0,DE,0,Marketing
ACCT-039,LEAD-01031,Year-End Accelerator,Partner Referral,2023-10-31,Closed Won,Standard,85710.0,1,5,600,350,33,6691.34,2308.41,2,1,IN,0,Marketing
ACCT-012,LEAD-10089,NovaPulse Launch,Partner Referral,2023-09-29,Closed Won,Professional,102692.0,1,5,168,444,148,9830.48,1751.62,2,1,SA,0,Marketing
ACCT-068,LEAD-09256,Year-End Accelerator,Partner Referral,2023-06-22,Qualified Lead,Professional,58350.0,2,5,493,206,80,4492.24,0.0,6,0,ES,0,Marketing
ACCT-012,LEAD-10641,Enterprise Expansion,Organic Search,2023-06-13,Lead,Professional,7500.0,3,5,6,4,25,2910.37,0.0,6,0,ES,0,Marketing
ACCT-029,LEAD-00624,Q3 Growth Sprint,Organic Search,2023-04-23,Prospect,Growth,18890.0,1,5,6,1,15,2949.07,84.89,6,1,SA,0,Marketing
ACCT-012,LEAD-04211,Digital Retarget,Organic Search,2023-04-10,Lead,Starter,20425.0,2,5,4,5,17,2251.65,0.0,7,0,CA,0,Marketing
ACCT-012,LEAD-01407,Enterprise Expansion,Organic Search,2023-04-10,Lead,Starter,20425.0,2,5,4,5,17,2228.28,0.0,7,0,DE,0,Marketing
ACCT-012,LEAD-10356,NovaPulse Launch,Organic Search,2023-02-28,Prospect,Enterprise,41437.0,3,5,29,2,1,781.55,0.0,7,0,ES,0,Marketing
ACCT-012,LEAD-09323,Q3 Growth Sprint,Paid Social,2023-02-12,Closed Won,Growth,49912.0,2,5,520,223,42,2398.61,1539.67,8,1,MX,0,Marketing
ACCT-030,LEAD-01146,Q3 Growth Sprint,Paid Social,2023-02-12,Closed Won,Growth,49912.0,2,5,520,223,42,5223.22,1333.27,8,1,AU,0,Marketing
ACCT-074,LEAD-06343,Enterprise Expansion,Direct Mail,2024-10-25,Closed Won,Professional,79823.0,2,6,835,380,43,2093.62,3719.84,2,1,AU,0,Marketing
ACCT-012,LEAD-08545,NovaPulse Launch,Partner Referral,2024-10-14,Closed Won,Professional,85683.0,1,6,1296,311,51,13031.5,3484.54,1,1,ES,0,Marketing
ACCT-068,LEAD-08275,NovaEdge Awareness,Organic Search,2024-08-31,Prospect,Enterprise,47025.0,3,6,16,3,1,3827.75,0.0,7,0,ES,0,Marketing
ACCT-012,LEAD-10673,Digital Retarget,Direct Mail,2024-06-01,Qualified Lead,Enterprise,68397.0,2,6,760,466,80,7997.22,0.0,3,0,SA,0,Marketing
ACCT-053,LEAD-08799,Enterprise Expansion,Organic Search,2024-04-02,Lead,Enterprise,38175.0,2,6,70,69,3,2852.99,0.0,7,0,ES,0,Marketing
ACCT-012,LEAD-00067,NovaEdge Awareness,Organic Search,2024-03-27,Lead,Growth,46423.0,3,6,68,16,8,1443.29,0.0,7,0,ES,0,Marketing
ACCT-012,LEAD-09923,Digital Retarget,Organic Search,2024-03-27,Lead,Growth,46423.0,3,6,68,16,8,640.81,0.0,7,0,ES,0,Marketing
ACCT-012,LEAD-02814,NovaPulse Launch,Organic Search,2023-12-28,Prospect,Growth,30560.0,2,6,9,5,7,3146.94,0.0,7,0,SA,0,Marketing
ACCT-012,LEAD-02711,Digital Retarget,Organic Search,2023-12-28,Prospect,Growth,30560.0,2,6,9,5,7,2146.75,0.0,7,0,CA,0,Marketing
ACCT-012,LEAD-04320,NovaPulse Launch,Partner Referral,2023-09-20,Qualified Lead,Professional,60152.0,2,6,325,300,91,10818.11,0.0,3,0,ES,0,Marketing
ACCT-061,LEAD-10451,Digital Retarget,Organic Search,2023-09-02,Prospect,Professional,29672.0,3,6,9,3,8,3706.25,0.0,6,0,SA,0,Marketing
ACCT-012,LEAD-04198,Year-End Accelerator,Organic Search,2023-09-02,Prospect,Professional,29672.0,3,6,9,3,8,1135.21,0.0,6,0,ES,0,Marketing
ACCT-012,LEAD-10814,Digital Retarget,Partner Referral,2023-07-05,Closed Won,Professional,70321.0,1,6,303,751,191,10023.96,2786.7,4,1,ES,0,Marketing
ACCT-012,LEAD-00944,Q3 Growth Sprint,Partner Referral,2023-06-26,Qualified Lead,Professional,56181.0,2,6,121,69,48,8900.71,0.0,4,0,ES,0,Marketing
ACCT-012,LEAD-08151,Enterprise Expansion,Paid Social,2023-06-15,Qualified Lead,Starter,24279.0,1,6,16,21,108,2912.42,0.0,8,0,ES,0,Marketing
ACCT-012,LEAD-06184,Year-End Accelerator,Partner Referral,2023-05-27,Qualified Lead,Enterprise,68462.0,1,6,561,785,48,7175.53,0.0,1,0,ES,0,Marketing
ACCT-014,LEAD-03498,Q3 Growth Sprint,Partner Referral,2023-05-09,Closed Won,Enterprise,55424.0,2,6,462,184,107,6999.7,1816.42,6,1,ES,0,Marketing
ACCT-080,LEAD-02870,Q3 Growth Sprint,Partner Referral,2023-02-27,Qualified Lead,Professional,49094.0,2,6,376,38,69,13292.8,0.0,6,0,ES,0,Marketing
ACCT-017,LEAD-07342,Year-End Accelerator,Partner Referral,2023-02-14,Qualified Lead,Standard,59184.0,2,6,341,113,66,6957.64,0.0,5,0,ES,0,Marketing
ACCT-029,LEAD-01911,Enterprise Expansion,Partner Referral,2023-02-10,Qualified Lead,Professional,67430.0,1,6,595,291,121,11324.08,0.0,6,0,DE,0,Marketing
ACCT-052,LEAD-10862,Q3 Growth Sprint,Partner Referral,2023-01-20,Qualified Lead,Growth,30522.0,2,6,179,83,26,6458.61,0.0,2,0,ES,0,Marketing
ACCT-002,LEAD-02546,Q3 Growth Sprint,Email,2025-01-23,Lead,Standard,31878.0,2,7,23,5,23,2862.98,0.0,3,0,ES,0,Marketing
ACCT-012,LEAD-03005,NovaPulse Launch,Direct Mail,2024-11-27,Closed Won,Professional,83528.0,1,7,530,678,147,6788.18,3159.96,1,1,ES,0,Marketing
ACCT-081,LEAD-08318,Year-End Accelerator,Partner Referral,2024-07-22,Closed Won,Professional,90300.0,1,7,594,786,57,8457.91,2796.22,1,1,ES,0,Marketing
ACCT-012,LEAD-02930,Q3 Growth Sprint,Partner Referral,2024-07-02,Qualified Lead,Growth,68092.0,1,7,852,207,48,6879.29,0.0,5,0,SA,0,Marketing
ACCT-103,LEAD-08216,Q3 Growth Sprint,Direct Mail,2024-04-21,Qualified Lead,Growth,53761.0,3,7,158,76,71,7806.2,0.0,5,0,AU,0,Marketing
ACCT-012,LEAD-01212,Q3 Growth Sprint,Direct Mail,2024-02-17,Closed Won,Professional,52845.0,2,7,384,292,64,4127.14,1749.36,6,1,ES,0,Marketing
ACCT-012,LEAD-02541,Enterprise Expansion,Organic Search,2023-12-08,Prospect,Professional,24027.0,2,7,14,11,5,3958.42,0.0,8,0,ES,0,Marketing
ACCT-012,LEAD-10659,Enterprise Expansion,Paid Social,2023-11-02,Lead,Standard,7500.0,2,7,2,11,21,8576.6,0.0,7,0,IN,0,Marketing
ACCT-012,LEAD-10905,Digital Retarget,Partner Referral,2023-04-10,Opportunity,Professional,42586.0,3,7,194,56,0,9511.12,437.78,8,1,ES,0,Marketing
ACCT-012,LEAD-08910,Digital Retarget,Partner Referral,2023-04-10,Opportunity,Professional,42586.0,3,7,194,56,0,5250.99,420.92,8,1,ES,0,Marketing
ACCT-008,LEAD-07349,Digital Retarget,Organic Search,2023-03-11,Opportunity,Starter,9722.0,2,7,6,16,42,3147.55,207.34,8,1,ES,0,Marketing
ACCT-061,LEAD-07872,NovaPulse Launch,Direct Mail,2023-02-17,Closed Won,Enterprise,86836.0,1,7,179,273,63,6439.94,815.8,5,1,ES,0,Marketing
ACCT-012,LEAD-04290,NovaPulse Launch,Organic Search,2024-10-11,Prospect,Professional,30467.0,2,8,1,8,5,2422.27,0.0,7,0,CA,0,Marketing
ACCT-061,LEAD-07408,Year-End Accelerator,Paid Social,2024-09-24,Qualified Lead,Enterprise,54549.0,2,8,216,6,9,11276.73,0.0,7,0,SA,0,Marketing
ACCT-012,LEAD-09986,Digital Retarget,Paid Social,2024-09-14,Lead,Professional,19444.0,2,8,16,23,10,6381.16,113.82,7,1,SA,0,Marketing
ACCT-061,LEAD-08235,Enterprise Expansion,Partner Referral,2024-08-14,Qualified Lead,Growth,69245.0,2,8,428,214,61,4457.11,0.0,3,0,SA,0,Marketing
ACCT-012,LEAD-10949,NovaPulse Launch,Partner Referral,2024-07-02,Closed Won,Enterprise,72968.0,1,8,1092,592,55,14677.76,3899.42,3,1,ES,0,Marketing
ACCT-068,LEAD-07284,NovaPulse Launch,Organic Search,2024-06-19,Prospect,Professional,48686.0,4,8,10,7,1,1337.54,0.0,8,0,ES,0,Marketing
ACCT-014,LEAD-09529,NovaPulse Launch,Partner Referral,2024-06-13,Closed Won,Professional,73687.0,1,8,559,503,181,4900.54,3117.48,2,1,SA,0,Marketing
ACCT-012,LEAD-09930,NovaPulse Launch,Partner Referral,2024-05-19,Qualified Lead,Enterprise,82716.0,1,8,606,228,22,9627.02,0.0,2,0,CA,0,Marketing
ACCT-012,LEAD-10270,Year-End Accelerator,Organic Search,2024-04-13,Lead,Standard,35523.0,2,8,11,22,11,826.23,0.0,7,0,DE,0,Marketing
ACCT-003,LEAD-00760,Year-End Accelerator,Partner Referral,2024-02-13,Qualified Lead,Enterprise,60554.0,2,8,588,76,15,14907.09,0.0,6,0,SA,0,Marketing
ACCT-012,LEAD-05519,Digital Retarget,Direct Mail,2024-02-11,Closed Won,Professional,64090.0,2,8,316,161,135,7434.04,1434.51,5,1,SA,0,Marketing
ACCT-029,LEAD-00232,Year-End Accelerator,Partner Referral,2024-01-19,Qualified Lead,Professional,61559.0,2,8,279,88,34,4409.59,0.0,3,0,ES,0,Marketing
ACCT-012,LEAD-03009,NovaEdge Awareness,Partner Referral,2024-01-10,Closed Won,Enterprise,71670.0,1,8,1462,128,160,12985.72,3263.37,6,1,ES,0,Marketing
ACCT-061,LEAD-06518,Q3 Growth Sprint,Partner Referral,2023-12-11,Qualified Lead,Enterprise,67680.0,2,8,546,48,6,11599.24,0.0,5,0,AU,0,Marketing
ACCT-012,LEAD-10669,NovaEdge Awareness,Partner Referral,2023-11-13,Qualified Lead,Professional,54386.0,2,8,277,64,25,9106.46,0.0,3,0,ES,0,Marketing
ACCT-029,LEAD-05682,NovaPulse Launch,Partner Referral,2023-09-14,Qualified Lead,Enterprise,64108.0,2,8,948,86,21,6281.1,0.0,5,0,AU,0,Marketing
ACCT-012,LEAD-01570,Year-End Accelerator,Partner Referral,2023-08-11,Qualified Lead,Enterprise,69702.0,2,8,664,240,57,13016.69,0.0,4,0,ES,0,Marketing
ACCT-012,LEAD-01497,Enterprise Expansion,Paid Social,2023-07-08,Qualified Lead,Professional,47958.0,2,8,268,88,22,11802.45,0.0,5,0,SA,0,Marketing
ACCT-030,LEAD-09723,Enterprise Expansion,Partner Referral,2023-06-28,Closed Won,Professional,67716.0,2,8,530,217,56,5924.77,1947.31,5,1,CA,0,Marketing
ACCT-012,LEAD-07261,Digital Retarget,Organic Search,2023-06-18,Opportunity,Professional,34600.0,3,8,199,60,15,1842.55,762.7,8,1,ES,0,Marketing
ACCT-030,LEAD-02452,Digital Retarget,Organic Search,2023-06-18,Opportunity,Professional,34600.0,3,8,199,60,15,2278.84,745.11,8,1,ES,0,Marketing
ACCT-012,LEAD-05621,Digital Retarget,Paid Social,2023-05-27,Opportunity,Professional,48752.0,3,8,73,100,0,10640.27,492.68,9,1,ES,0,Marketing
ACCT-012,LEAD-10995,Enterprise Expansion,Organic Search,2023-04-25,Lead,Standard,15716.0,2,8,16,30,26,3265.02,0.0,8,0,SA,1,Marketing
ACCT-012,LEAD-07373,Digital Retarget,Partner Referral,2023-04-10,Opportunity,Enterprise,46610.0,3,8,96,96,43,7979.31,729.19,6,1,AU,0,Marketing
ACCT-061,LEAD-05331,Enterprise Expansion,Partner Referral,2023-02-16,Qualified Lead,Professional,74985.0,1,8,587,898,86,9092.85,0.0,2,0,DE,0,Marketing
ACCT-110,LEAD-00263,Digital Retarget,Organic Search,2024-12-27,Opportunity,Enterprise,45576.0,1,9,56,29,25,3371.92,227.32,8,1,ES,0,Marketing
ACCT-029,LEAD-04619,Digital Retarget,Paid Social,2024-12-27,Qualified Lead,Enterprise,113734.0,1,9,6,3,3,4985.56,0.0,1,0,ES,0,Marketing
ACCT-107,LEAD-00940,Year-End Accelerator,Partner Referral,2024-12-16,Qualified Lead,Professional,57100.0,2,9,158,99,17,10043.25,0.0,3,0,SA,0,Marketing
ACCT-109,LEAD-10084,Year-End Accelerator,Organic Search,2024-12-16,Prospect,Professional,24434.0,3,9,3,8,17,3996.16,0.0,7,0,IN,0,Marketing
ACCT-029,LEAD-06019,Q3 Growth Sprint,Organic Search,2024-10-23,Lead,Enterprise,37126.0,2,9,45,9,7,2213.74,100.31,6,1,ES,0,Marketing
ACCT-012,LEAD-01463,Digital Retarget,Organic Search,2024-10-22,Prospect,Professional,45160.0,3,9,8,5,3,2385.03,0.0,7,0,AU,0,Marketing
ACCT-012,LEAD-06424,Year-End Accelerator,Email,2024-08-20,Prospect,Professional,33178.0,2,9,12,2,16,1362.81,0.0,4,0,ES,0,Marketing
ACCT-012,LEAD-08233,Enterprise Expansion,Partner Referral,2024-08-16,Closed Won,Growth,64866.0,2,9,508,21,10,9623.01,1059.99,5,1,CA,0,Marketing
ACCT-012,LEAD-01515,Enterprise Expansion,Email,2024-08-11,Prospect,Growth,34176.0,2,9,11,7,2,1638.36,0.0,3,0,CA,0,Marketing
ACCT-110,LEAD-10855,NovaEdge Awareness,Partner Referral,2024-08-11,Qualified Lead,Growth,50014.0,2,9,234,77,42,6861.33,0.0,5,0,ES,0,Marketing
ACCT-111,LEAD-10909,Q3 Growth Sprint,Direct Mail,2024-08-04,Closed Won,Professional,92344.0,1,9,992,694,119,2726.24,4000.71,1,1,AU,0,Marketing
ACCT-033,LEAD-03376,Year-End Accelerator,Partner Referral,2024-06-29,Qualified Lead,Growth,55282.0,2,9,125,73,19,9861.57,0.0,4,0,ES,0,Marketing
ACCT-030,LEAD-10232,Q3 Growth Sprint,Partner Referral,2024-05-19,Qualified Lead,Enterprise,48799.0,2,9,174,81,24,5802.75,0.0,3,0,ES,0,Marketing
ACCT-012,LEAD-05547,Enterprise Expansion,Paid Social,2024-02-11,Closed Won,Enterprise,84169.0,1,9,1478,403,0,9755.44,2411.69,3,1,ES,0,Marketing
ACCT-012,LEAD-08362,Enterprise Expansion,Paid Social,2024-02-11,Closed Won,Enterprise,84169.0,1,9,1478,403,0,9447.05,4062.13,3,1,SA,0,Marketing
ACCT-012,LEAD-03524,Digital Retarget,Paid Social,2024-02-07,Opportunity,Growth,39763.0,2,9,80,60,16,10114.09,284.22,9,1,ES,0,Marketing
ACCT-012,LEAD-10095,Enterprise Expansion,Partner Referral,2023-10-27,Qualified Lead,Enterprise,74165.0,1,9,1001,240,12,10964.27,0.0,2,0,CA,0,Marketing
ACCT-044,LEAD-08897,Digital Retarget,Partner Referral,2023-10-19,Closed Won,Professional,42720.0,3,9,392,91,112,12848.97,1618.69,8,1,DE,0,Marketing
ACCT-080,LEAD-00466,Year-End Accelerator,Partner Referral,2023-09-26,Qualified Lead,Professional,65275.0,1,9,388,218,21,8943.94,0.0,2,0,ES,0,Marketing
ACCT-030,LEAD-11025,Enterprise Expansion,Organic Search,2023-07-24,Lead,Professional,36443.0,3,9,65,46,20,629.57,0.0,8,0,ES,0,Marketing
ACCT-015,LEAD-02387,Digital Retarget,Paid Social,2023-07-24,Opportunity,Growth,43776.0,3,9,177,71,20,7022.91,540.99,8,1,SA,0,Marketing
ACCT-080,LEAD-01618,Q3 Growth Sprint,Paid Social,2023-06-19,Closed Won,Professional,56046.0,1,9,577,64,51,10697.0,1616.82,8,1,DE,0,Marketing
ACCT-012,LEAD-00025,NovaEdge Awareness,Partner Referral,2023-04-29,Qualified Lead,Professional,65148.0,2,9,460,422,153,8283.67,0.0,4,0,CA,0,Marketing
ACCT-012,LEAD-03277,NovaEdge Awareness,Paid Social,2023-01-05,Qualified Lead,Professional,49431.0,2,9,219,100,17,7259.51,0.0,8,0,ES,0,Marketing
ACCT-012,LEAD-08566,Year-End Accelerator,Organic Search,2025-01-15,Prospect,Enterprise,32583.0,3,10,5,3,1,2099.25,0.0,7,0,ES,0,Marketing
ACCT-109,LEAD-02634,Digital Retarget,Organic Search,2024-11-13,Lead,Growth,16653.0,2,10,5,31,7,3028.55,119.58,6,1,ES,0,Marketing
ACCT-012,LEAD-08036,Q3 Growth Sprint,Email,2024-11-13,Lead,Standard,26850.0,3,10,31,13,9,2136.95,0.0,4,0,ES,0,Marketing
ACCT-012,LEAD-08159,Digital Retarget,Paid Social,2024-10-26,Lead,Professional,51287.0,3,10,117,22,30,3543.61,0.0,7,0,ES,0,Marketing
ACCT-012,LEAD-07628,Q3 Growth Sprint,Email,2024-10-10,Lead,Standard,43050.0,2,10,30,24,8,1673.73,0.0,5,0,ES,0,Marketing
ACCT-014,LEAD-09597,Enterprise Expansion,Partner Referral,2024-09-01,Qualified Lead,Professional,73448.0,1,10,236,189,130,14630.44,0.0,4,0,CA,0,Marketing
ACCT-012,LEAD-01384,Q3 Growth Sprint,Organic Search,2024-06-07,Lead,Starter,17256.0,2,10,6,14,22,1684.96,130.23,8,1,US,0,Marketing
ACCT-012,LEAD-10150,NovaPulse Launch,Partner Referral,2024-06-05,Closed Won,Professional,86429.0,1,10,464,873,37,10798.04,3343.27,2,1,SA,0,Marketing
ACCT-012,LEAD-03885,Q3 Growth Sprint,Organic Search,2024-04-27,Lead,Enterprise,33569.0,2,10,16,18,24,3483.19,145.98,8,1,ES,0,Marketing
ACCT-081,LEAD-11003,Digital Retarget,Organic Search,2024-04-12,Prospect,Standard,25130.0,2,10,2,7,18,1830.03,0.0,7,0,CA,0,Marketing
ACCT-111,LEAD-08026,Year-End Accelerator,Email,2024-04-09,Qualified Lead,Professional,62998.0,2,10,120,73,58,1291.65,0.0,5,0,CA,0,Marketing
ACCT-012,LEAD-00577,NovaEdge Awareness,Organic Search,2024-02-25,Prospect,Standard,26907.0,3,10,9,7,2,3015.51,0.0,7,0,ES,0,Marketing
ACCT-012,LEAD-08702,Q3 Growth Sprint,Organic Search,2024-02-25,Prospect,Standard,26907.0,3,10,9,7,2,3157.91,0.0,7,0,AU,0,Marketing
ACCT-015,LEAD-05429,Digital Retarget,Organic Search,2024-02-25,Lead,Enterprise,45579.0,2,10,145,33,1,3553.34,0.0,6,0,ES,0,Marketing
ACCT-017,LEAD-00977,Digital Retarget,Partner Referral,2024-02-04,Qualified Lead,Professional,47320.0,2,10,200,111,19,3430.79,0.0,6,0,CA,0,Marketing
ACCT-012,LEAD-02793,Enterprise Expansion,Partner Referral,2024-01-23,Qualified Lead,Enterprise,70179.0,2,10,532,168,133,3821.05,0.0,5,0,SA,0,Marketing
ACCT-012,LEAD-01071,Enterprise Expansion,Partner Referral,2024-01-23,Qualified Lead,Enterprise,70179.0,2,10,532,168,133,10573.93,0.0,5,0,US,0,Marketing
ACCT-012,LEAD-05074,Year-End Accelerator,Organic Search,2024-01-09,Prospect,Growth,28072.0,2,10,30,10,5,3723.25,0.0,7,0,CA,0,Marketing
ACCT-035,LEAD-02632,Q3 Growth Sprint,Paid Social,2023-12-18,Opportunity,Professional,50501.0,3,10,297,38,152,11974.26,1085.4,6,1,IN,0,Marketing
ACCT-012,LEAD-06404,Q3 Growth Sprint,Partner Referral,2023-09-16,Qualified Lead,Professional,58917.0,4,10,151,89,28,8207.66,0.0,5,0,SA,0,Marketing
ACCT-061,LEAD-10240,Enterprise Expansion,Paid Social,2023-08-11,Closed Won,Professional,69372.0,1,10,997,269,42,2984.43,2794.97,4,1,CA,0,Marketing
ACCT-061,LEAD-02521,Q3 Growth Sprint,Organic Search,2023-06-28,Lead,Growth,35178.0,2,10,23,13,18,3554.03,104.83,7,1,ES,0,Marketing
ACCT-012,LEAD-04301,Q3 Growth Sprint,Organic Search,2023-06-28,Lead,Growth,35178.0,2,10,23,13,18,2929.0,140.09,7,1,AU,0,Marketing
ACCT-081,LEAD-07381,NovaPulse Launch,Paid Social,2023-05-21,Closed Won,Professional,75693.0,1,10,797,293,30,2459.91,3222.85,4,1,ES,0,Marketing
ACCT-012,LEAD-02407,Year-End Accelerator,Partner Referral,2023-04-22,Closed Won,Professional,69109.0,1,10,823,459,95,6520.41,2623.74,4,1,US,0,Marketing
ACCT-012,LEAD-09064,Year-End Accelerator,Partner Referral,2023-04-22,Closed Won,Professional,69109.0,1,10,823,459,95,4746.84,2939.75,4,1,ES,0,Marketing
ACCT-012,LEAD-05067,NovaPulse Launch,Partner Referral,2024-09-06,Closed Won,Professional,80134.0,1,11,966,282,26,9791.14,3073.32,5,1,ES,0,Marketing
ACCT-012,LEAD-10281,Digital Retarget,Partner Referral,2024-08-29,Closed Won,Professional,64713.0,2,11,180,241,54,5039.8,784.2,4,1,AU,0,Marketing
ACCT-030,LEAD-11191,NovaEdge Awareness,Organic Search,2024-06-22,Lead,Professional,41411.0,1,11,37,38,18,3547.94,0.0,6,0,ES,0,Marketing
ACCT-012,LEAD-01994,Q3 Growth Sprint,Organic Search,2024-05-29,Prospect,Professional,,2,11,5,6,1,2668.99,0.0,7,0,US,0,Marketing
ACCT-012,LEAD-02552,Enterprise Expansion,Partner Referral,2024-05-03,Opportunity,Enterprise,55521.0,4,11,416,26,4,5889.96,1064.46,7,1,ES,0,Marketing
ACCT-012,LEAD-06720,Enterprise Expansion,Paid Social,2024-04-27,Opportunity,Growth,43795.0,2,11,314,53,107,3431.18,885.35,7,1,ES,0,Marketing
ACCT-003,LEAD-04557,Enterprise Expansion,Organic Search,2024-04-14,Lead,Professional,22070.0,2,11,10,19,21,1388.92,0.0,6,0,SA,0,Marketing
ACCT-061,LEAD-01183,NovaEdge Awareness,Organic Search,2024-03-31,Prospect,Growth,36408.0,3,11,9,4,3,1393.64,0.0,6,0,DE,0,Marketing
ACCT-012,LEAD-04186,Year-End Accelerator,Email,2024-02-08,Lead,Professional,34026.0,3,11,18,15,17,523.49,0.0,5,0,CA,0,Marketing
ACCT-081,LEAD-01419,Enterprise Expansion,Email,2024-02-08,Lead,Professional,34026.0,3,11,18,15,17,2511.58,0.0,5,0,ES,0,Marketing
ACCT-012,LEAD-00967,Digital Retarget,Partner Referral,2024-01-23,Closed Won,Professional,46049.0,3,11,342,112,19,13814.51,1071.66,7,1,ES,0,Marketing
ACCT-080,LEAD-01048,Digital Retarget,Organic Search,2024-01-15,Opportunity,Growth,35641.0,2,11,63,67,28,1052.91,315.82,7,1,SA,0,Marketing
ACCT-012,LEAD-09262,Q3 Growth Sprint,Organic Search,2024-01-05,Lead,Standard,32414.0,1,11,20,5,12,1709.48,102.12,7,1,SA,0,Marketing
ACCT-015,LEAD-03427,NovaEdge Awareness,Paid Social,2023-10-06,Qualified Lead,Enterprise,59821.0,2,11,629,70,35,8389.39,0.0,8,0,SA,0,Marketing
ACCT-109,LEAD-05892,NovaPulse Launch,Organic Search,2023-10-04,Qualified Lead,Professional,34968.0,2,11,158,45,2,1985.08,0.0,7,0,SA,0,Marketing
ACCT-012,LEAD-08911,NovaEdge Awareness,Partner Referral,2023-10-02,Qualified Lead,Enterprise,56320.0,2,11,201,172,83,6001.18,0.0,4,0,ES,0,Marketing
ACCT-012,LEAD-06606,Enterprise Expansion,Partner Referral,2023-09-23,Closed Won,Growth,70091.0,2,11,964,137,11,13143.65,1693.88,8,1,ES,0,Marketing
ACCT-012,LEAD-02677,NovaEdge Awareness,Partner Referral,2023-09-23,Qualified Lead,Professional,46097.0,2,11,72,68,8,7616.32,0.0,4,0,SA,0,Marketing
ACCT-108,LEAD-00252,NovaPulse Launch,Partner Referral,2023-09-08,Qualified Lead,Enterprise,41003.0,1,11,123,142,88,8798.5,0.0,6,0,SA,0,Marketing
ACCT-080,LEAD-09860,Q3 Growth Sprint,Organic Search,2023-09-06,Qualified Lead,Professional,44911.0,2,11,159,22,31,1330.22,0.0,7,0,ES,0,Marketing
ACCT-082,LEAD-01388,Q3 Growth Sprint,Organic Search,2023-08-12,Lead,Professional,33249.0,2,11,6,21,42,2501.73,0.0,6,0,AU,0,Marketing
ACCT-012,LEAD-00979,NovaEdge Awareness,Organic Search,2023-08-12,Lead,Professional,33249.0,2,11,6,21,42,2511.84,0.0,6,0,ES,0,Marketing
ACCT-012,LEAD-07494,NovaPulse Launch,Paid Social,2023-07-10,Qualified Lead,Enterprise,42873.0,3,11,209,40,15,11926.92,0.0,8,0,CA,0,Marketing
ACCT-044,LEAD-10490,Q3 Growth Sprint,Paid Social,2023-05-25,Qualified Lead,Enterprise,51039.0,3,11,100,79,109,4952.31,0.0,7,0,AU,0,Marketing
ACCT-078,LEAD-03403,NovaEdge Awareness,Partner Referral,2023-03-02,Qualified Lead,Enterprise,78952.0,2,11,1170,594,134,14735.33,0.0,6,0,ES,0,Marketing
ACCT-080,LEAD-02715,Digital Retarget,Paid Social,2023-01-08,Opportunity,Growth,29435.0,3,11,70,37,64,8582.3,280.23,9,1,CA,0,Marketing
ACCT-082,LEAD-04828,Year-End Accelerator,Direct Mail,2025-01-19,Qualified Lead,Professional,79865.0,2,12,71,278,38,5178.54,0.0,1,0,SA,0,Marketing
ACCT-012,LEAD-00092,Q3 Growth Sprint,Organic Search,2024-12-09,Lead,Professional,34176.0,2,12,5,24,20,2900.3,0.0,6,0,CA,0,Marketing
ACCT-106,LEAD-03312,NovaPulse Launch,Organic Search,2024-12-09,Lead,Professional,34176.0,2,12,5,24,20,3106.34,0.0,6,0,IN,0,Marketing
ACCT-012,LEAD-11176,Year-End Accelerator,Partner Referral,2024-12-09,Qualified Lead,Enterprise,65968.0,2,12,376,83,4,3588.53,0.0,3,0,CA,0,Marketing
ACCT-106,LEAD-01446,NovaPulse Launch,Partner Referral,2024-10-30,Qualified Lead,Growth,86424.0,1,12,387,569,68,10276.88,0.0,1,0,SA,0,Marketing
ACCT-012,LEAD-09699,Enterprise Expansion,Partner Referral,2024-07-08,Qualified Lead,Professional,67272.0,2,12,357,271,14,8960.73,0.0,5,0,ES,0,Marketing
ACCT-012,LEAD-09790,Year-End Accelerator,Paid Social,2024-06-07,Closed Won,Professional,78499.0,1,12,912,170,97,11041.55,2097.12,4,1,CA,0,Marketing
ACCT-012,LEAD-02324,Q3 Growth Sprint,Partner Referral,2024-05-09,Closed Won,Professional,77044.0,2,12,625,242,76,12586.32,2118.48,4,1,ES,0,Marketing
ACCT-103,LEAD-05080,Digital Retarget,Direct Mail,2024-05-02,Closed Won,Professional,70515.0,1,12,420,452,140,3790.09,2550.72,2,1,MX,0,Marketing
ACCT-080,LEAD-04992,Digital Retarget,Paid Social,2024-03-28,Lead,Growth,17459.0,2,12,6,16,30,8208.91,143.6,7,1,ES,0,Marketing
ACCT-012,LEAD-07849,NovaEdge Awareness,Partner Referral,2024-03-18,Qualified Lead,Enterprise,80336.0,1,12,209,456,66,11651.14,0.0,1,0,ES,0,Marketing
ACCT-012,LEAD-04808,Q3 Growth Sprint,Organic Search,2024-03-13,Prospect,Professional,15759.0,1,12,1,5,3,2807.14,0.0,7,0,ES,0,Marketing
ACCT-012,LEAD-10401,Enterprise Expansion,Email,2024-03-12,Prospect,Standard,26326.0,1,12,1,5,9,2595.84,0.0,3,0,DE,1,Marketing
ACCT-014,LEAD-07793,Enterprise Expansion,Paid Social,2024-03-08,Closed Won,Professional,62061.0,2,12,641,84,38,8282.48,1899.54,6,1,ES,0,Marketing
ACCT-060,LEAD-09303,Enterprise Expansion,Paid Social,2024-02-02,Prospect,Professional,5305.0,2,12,12,7,5,8463.41,0.0,13,0,IN,0,Marketing
ACCT-038,LEAD-06853,Enterprise Expansion,Partner Referral,2024-01-05,Closed Won,Growth,75777.0,1,12,712,538,80,6707.19,2549.67,1,1,AU,0,Marketing
ACCT-030,LEAD-07366,Enterprise Expansion,Partner Referral,2024-01-05,Closed Won,Growth,75777.0,1,12,712,538,80,9954.89,3094.67,1,1,IN,0,Marketing
ACCT-080,LEAD-09780,NovaPulse Launch,Partner Referral,2023-12-26,Qualified Lead,Growth,71499.0,2,12,465,132,37,4081.6,0.0,4,0,ES,0,Marketing
ACCT-080,LEAD-07573,Q3 Growth Sprint,Organic Search,2023-11-06,Lead,Enterprise,31626.0,2,12,39,9,34,1532.89,186.77,7,1,DE,0,Marketing
ACCT-047,LEAD-01379,Digital Retarget,Email,2023-10-23,Qualified Lead,Growth,42670.0,1,12,154,46,15,939.1,0.0,4,0,SA,0,Marketing
ACCT-030,LEAD-08923,Digital Retarget,Partner Referral,2023-10-13,Closed Won,Professional,83917.0,1,12,514,732,79,4585.92,3017.25,3,1,ES,0,Marketing
ACCT-008,LEAD-03547,Digital Retarget,Organic Search,2023-06-16,Lead,Growth,41021.0,2,12,14,9,12,3900.21,120.97,6,1,SA,0,Marketing
ACCT-025,LEAD-08707,Digital Retarget,Direct Mail,2023-01-26,Closed Won,Professional,79456.0,1,12,565,548,99,7437.67,3193.74,3,1,ES,0,Marketing
ACCT-033,LEAD-01891,Digital Retarget,Direct Mail,2023-01-10,Closed Won,Growth,78789.0,1,12,667,850,83,3170.31,3985.26,2,1,ES,0,Marketing
ACCT-061,LEAD-06271,NovaEdge Awareness,Email,2025-01-20,Lead,Enterprise,50870.0,2,13,53,8,2,1704.62,0.0,5,0,ES,0,Marketing
ACCT-012,LEAD-09635,Digital Retarget,Organic Search,2024-11-15,Lead,Growth,35876.0,1,13,66,40,14,3322.71,0.0,6,0,ES,0,Marketing
ACCT-081,LEAD-09727,NovaEdge Awareness,Organic Search,2024-09-21,Lead,Professional,23539.0,1,13,4,11,25,3112.96,0.0,6,0,CA,0,Marketing
ACCT-012,LEAD-06205,Digital Retarget,Email,2024-09-16,Lead,Growth,32557.0,2,13,34,29,10,1346.79,107.98,5,1,CA,0,Marketing
ACCT-101,LEAD-10681,NovaEdge Awareness,Partner Referral,2024-08-04,Qualified Lead,Standard,62466.0,2,13,129,259,83,14554.72,0.0,4,0,ES,0,Marketing
ACCT-084,LEAD-05156,Q3 Growth Sprint,Partner Referral,2024-08-04,Qualified Lead,Standard,62466.0,2,13,129,259,83,4689.08,0.0,4,0,ES,0,Marketing
ACCT-012,LEAD-03050,Q3 Growth Sprint,Partner Referral,2024-07-03,Qualified Lead,Professional,54198.0,3,13,185,28,17,14598.0,0.0,4,0,ES,0,Marketing
ACCT-109,LEAD-08164,Year-End Accelerator,Partner Referral,2024-06-09,Qualified Lead,Enterprise,82170.0,1,13,1023,651,37,13321.69,0.0,2,0,SA,0,Marketing
ACCT-030,LEAD-05626,Year-End Accelerator,Partner Referral,2024-06-07,Qualified Lead,Enterprise,61798.0,1,13,338,89,13,11690.6,0.0,4,0,ES,0,Marketing
ACCT-012,LEAD-07600,Year-End Accelerator,Organic Search,2024-05-10,Prospect,Starter,15253.0,2,13,1,3,13,3929.8,0.0,7,0,CA,0,Marketing
ACCT-012,LEAD-06406,Year-End Accelerator,Partner Referral,2024-05-10,Qualified Lead,Growth,78285.0,1,13,647,391,40,14607.24,0.0,3,0,DE,0,Marketing
ACCT-015,LEAD-07002,NovaPulse Launch,Partner Referral,2024-04-13,Qualified Lead,Professional,62535.0,2,13,163,90,52,12655.05,0.0,3,0,ES,0,Marketing
ACCT-012,LEAD-08234,Q3 Growth Sprint,Organic Search,2024-02-19,Prospect,Starter,27190.0,2,13,1,7,3,1780.21,40.1,8,1,ES,0,Marketing
ACCT-041,LEAD-06116,Q3 Growth Sprint,Email,2024-01-06,Lead,Standard,48985.0,2,13,19,18,8,534.8,0.0,3,0,ES,0,Marketing
ACCT-012,LEAD-00291,Enterprise Expansion,Partner Referral,2023-12-19,Qualified Lead,Professional,72940.0,1,13,182,298,116,9438.87,0.0,1,0,SA,0,Marketing
ACCT-080,LEAD-08779,Q3 Growth Sprint,Paid Social,2023-12-16,Opportunity,Standard,36145.0,2,13,56,76,18,6547.86,356.84,9,1,US,0,Marketing
ACCT-012,LEAD-04931,Digital Retarget,Direct Mail,2023-10-25,Qualified Lead,Professional,157146.0,1,13,1,1725,1,5870.22,0.0,1,0,SA,0,Marketing
ACCT-012,LEAD-01650,NovaPulse Launch,Partner Referral,2023-10-17,Qualified Lead,Growth,81843.0,1,13,779,537,138,10014.72,0.0,3,0,ES,0,Marketing
ACCT-012,LEAD-09701,Digital Retarget,Paid Social,2023-09-10,Qualified Lead,Professional,41883.0,2,13,32,41,116,10224.17,0.0,7,0,CA,0,Marketing
ACCT-068,LEAD-06431,Digital Retarget,Organic Search,2023-08-15,Lead,Enterprise,45759.0,3,13,42,18,4,3791.02,0.0,7,0,IN,0,Marketing
ACCT-030,LEAD-10789,NovaEdge Awareness,Organic Search,2023-08-15,Lead,Enterprise,45759.0,3,13,42,18,4,879.21,0.0,7,0,ES,0,Marketing
ACCT-012,LEAD-05302,Digital Retarget,Direct Mail,2023-08-06,Closed Won,Professional,78394.0,1,13,298,697,166,3019.84,1760.06,2,1,ES,0,Marketing
ACCT-012,LEAD-04459,NovaEdge Awareness,Organic Search,2023-06-16,Prospect,Professional,30279.0,2,13,10,14,1,3594.82,0.0,8,0,ES,0,Marketing
ACCT-080,LEAD-10642,Year-End Accelerator,Organic Search,2023-06-16,Prospect,Professional,30279.0,2,13,10,14,1,2464.93,0.0,8,0,ES,0,Marketing
ACCT-081,LEAD-09213,Enterprise Expansion,Organic Search,2023-04-12,Prospect,Professional,31880.0,2,13,4,5,3,3703.4,0.0,8,0,ES,0,Marketing
ACCT-013,LEAD-03678,Enterprise Expansion,Paid Social,2023-03-17,Closed Won,Professional,60208.0,3,13,488,71,59,4213.67,841.11,7,1,ES,0,Marketing
ACCT-012,LEAD-03698,Year-End Accelerator,Partner Referral,2023-01-11,Closed Won,Professional,78687.0,1,13,817,687,241,12886.26,5074.09,2,1,ES,0,Marketing
ACCT-012,LEAD-05929,NovaEdge Awareness,Organic Search,2024-12-03,Prospect,Enterprise,37401.0,2,14,19,19,3,1557.67,0.0,7,0,ES,0,Marketing
ACCT-081,LEAD-10795,NovaEdge Awareness,Organic Search,2024-12-03,Prospect,Enterprise,37401.0,2,14,19,19,3,1929.04,0.0,7,0,IN,0,Marketing
ACCT-012,LEAD-04390,Year-End Accelerator,Partner Referral,2024-11-10,Qualified Lead,Professional,75315.0,2,14,459,171,31,4677.32,0.0,2,0,SA,0,Marketing
ACCT-113,LEAD-09362,Enterprise Expansion,Paid Social,2024-09-26,Closed Won,Professional,69263.0,2,14,492,32,21,11462.62,906.34,6,1,CA,0,Marketing
ACCT-012,LEAD-01577,Year-End Accelerator,Direct Mail,2024-09-11,Closed Won,Professional,78569.0,1,14,558,622,95,4702.06,2302.54,1,1,ES,0,Marketing
ACCT-012,LEAD-04609,NovaEdge Awareness,Paid Social,2024-07-31,Qualified Lead,Enterprise,57705.0,2,14,383,53,40,10872.59,0.0,6,0,ES,0,Marketing
ACCT-067,LEAD-07143,Enterprise Expansion,Partner Referral,2024-05-20,Qualified Lead,Standard,74805.0,2,14,209,209,37,4627.97,0.0,2,0,ES,0,Marketing
ACCT-081,LEAD-01729,NovaEdge Awareness,Partner Referral,2024-04-12,Qualified Lead,Enterprise,66426.0,2,14,1043,97,157,8443.73,0.0,6,0,ES,0,Marketing
ACCT-054,LEAD-10664,Q3 Growth Sprint,Paid Social,2024-03-15,Qualified Lead,Growth,51529.0,2,14,400,35,22,8704.86,0.0,8,0,ES,0,Marketing
ACCT-081,LEAD-05029,NovaEdge Awareness,Email,2024-02-09,Prospect,Professional,18100.0,1,14,3,2,1,2357.85,0.0,5,0,ES,0,Marketing
ACCT-012,LEAD-10507,Enterprise Expansion,Partner Referral,2024-01-27,Closed Won,Standard,59601.0,2,14,691,69,23,14351.69,1390.66,8,1,US,0,Marketing
ACCT-012,LEAD-03865,Digital Retarget,Paid Social,2023-10-26,Lead,Standard,20981.0,1,14,2,10,30,9422.69,102.26,8,1,CA,0,Marketing
ACCT-029,LEAD-06982,Year-End Accelerator,Direct Mail,2023-09-10,Qualified Lead,Professional,74068.0,1,14,783,537,15,4196.75,0.0,2,0,IN,0,Marketing
ACCT-012,LEAD-07042,Digital Retarget,Organic Search,2023-08-21,Lead,Professional,36790.0,1,14,3,14,10,846.58,121.19,9,1,ES,0,Marketing
ACCT-012,LEAD-09668,Q3 Growth Sprint,Organic Search,2023-06-30,Lead,Professional,18793.0,2,14,4,20,20,1928.41,0.0,8,0,SA,0,Marketing
ACCT-030,LEAD-06878,Q3 Growth Sprint,Partner Referral,2023-05-27,Qualified Lead,Professional,27421.0,1,14,43,96,55,14418.26,0.0,7,0,ES,0,Marketing
ACCT-056,LEAD-04099,NovaEdge Awareness,Organic Search,2023-04-25,Lead,Professional,30675.0,2,14,10,16,21,614.51,0.0,8,0,ES,0,Marketing
ACCT-108,LEAD-05031,Year-End Accelerator,Partner Referral,2023-02-28,Closed Won,Professional,83145.0,1,14,777,731,114,7446.36,3256.14,2,1,ES,0,Marketing
ACCT-061,LEAD-01970,Q3 Growth Sprint,Organic Search,2023-02-15,Lead,Growth,34053.0,2,14,63,21,12,3826.94,0.0,8,0,ES,0,Marketing
ACCT-012,LEAD-05726,Q3 Growth Sprint,Email,2024-10-13,Lead,Growth,31788.0,2,15,16,23,6,2638.63,0.0,5,0,SA,1,Marketing
ACCT-012,LEAD-05231,Digital Retarget,Email,2024-09-20,Lead,Standard,45894.0,3,15,27,7,13,748.39,0.0,5,0,ES,0,Marketing
ACCT-084,LEAD-01307,Digital Retarget,Email,2024-08-31,Lead,Professional,41986.0,2,15,27,8,12,2214.2,0.0,4,0,ES,0,Marketing
ACCT-030,LEAD-10609,NovaEdge Awareness,Email,2024-04-22,Lead,Enterprise,42769.0,2,15,71,13,0,1861.16,0.0,4,0,CA,0,Marketing
ACCT-030,LEAD-05782,Enterprise Expansion,Partner Referral,2024-04-07,Closed Won,Standard,58582.0,2,15,402,106,42,14734.11,1271.37,5,1,ES,0,Marketing
ACCT-012,LEAD-07533,Enterprise Expansion,Organic Search,2024-04-03,Lead,Professional,49096.0,3,15,144,32,7,1893.49,0.0,7,0,CA,0,Marketing
ACCT-012,LEAD-09493,NovaPulse Launch,Partner Referral,2023-10-31,Closed Won,Enterprise,76412.0,1,15,840,804,17,5277.7,2456.72,3,1,CA,0,Marketing
ACCT-080,LEAD-02253,Enterprise Expansion,Organic Search,2023-08-07,Lead,Professional,18929.0,1,15,32,8,18,3468.12,0.0,6,0,ES,0,Marketing
ACCT-061,LEAD-02326,Year-End Accelerator,Organic Search,2023-08-07,Lead,Professional,18929.0,1,15,32,8,18,2091.51,0.0,6,0,ES,0,Marketing
ACCT-012,LEAD-01876,Year-End Accelerator,Organic Search,2023-08-07,Lead,Professional,18929.0,1,15,32,8,18,2819.69,0.0,6,0,IN,0,Marketing
ACCT-012,LEAD-07141,Digital Retarget,Paid Social,2023-06-15,Opportunity,Growth,21888.0,2,15,88,46,64,8417.04,420.95,10,1,ES,0,Marketing
ACCT-012,LEAD-07393,NovaEdge Awareness,Email,2023-05-25,Lead,Professional,41580.0,3,15,56,24,3,553.39,0.0,5,0,ES,0,Marketing
ACCT-012,LEAD-04713,Enterprise Expansion,Organic Search,2023-05-06,Lead,Enterprise,31605.0,2,15,74,42,6,3253.78,0.0,7,0,ES,0,Marketing
ACCT-012,LEAD-05093,Digital Retarget,Organic Search,2023-02-24,Opportunity,Enterprise,25509.0,2,15,40,30,11,1352.49,137.73,9,1,ES,0,Marketing
ACCT-015,LEAD-08524,Digital Retarget,Organic Search,2023-02-24,Opportunity,Enterprise,25509.0,2,15,40,30,11,2476.02,130.21,9,1,ES,0,Marketing
ACCT-012,LEAD-03766,Digital Retarget,Paid Social,2023-01-19,Closed Won,Growth,33051.0,1,15,100,243,219,9651.57,1226.87,9,1,ES,0,Marketing
ACCT-030,LEAD-09725,Q3 Growth Sprint,Organic Search,2025-01-04,Prospect,Enterprise,28764.0,3,16,8,3,1,1255.83,27.97,8,1,ES,0,Marketing
ACCT-012,LEAD-08933,Digital Retarget,Organic Search,2024-12-09,Lead,Standard,32146.0,2,16,26,23,3,1649.96,0.0,6,0,CA,0,Marketing
ACCT-012,LEAD-10779,Enterprise Expansion,Organic Search,2024-11-08,Prospect,Professional,22148.0,1,16,15,14,11,1016.44,0.0,7,0,ES,0,Marketing
ACCT-112,LEAD-09289,Digital Retarget,Organic Search,2024-11-04,Lead,Professional,36781.0,2,16,29,17,13,3651.86,75.83,8,1,ES,0,Marketing
ACCT-070,LEAD-02613,Enterprise Expansion,Partner Referral,2024-10-28,Qualified Lead,Growth,54197.0,2,16,162,37,13,13300.87,0.0,1,0,ES,0,Marketing
ACCT-012,LEAD-10133,NovaPulse Launch,Partner Referral,2024-09-03,Closed Won,Professional,93790.0,1,16,1302,731,45,4736.26,3215.76,2,1,CA,0,Marketing
ACCT-012,LEAD-08443,Q3 Growth Sprint,Paid Social,2024-09-01,Lead,Professional,24762.0,2,16,6,12,40,4506.54,122.71,8,1,SA,0,Marketing
ACCT-072,LEAD-10796,Q3 Growth Sprint,Organic Search,2024-08-11,Lead,Growth,30477.0,2,16,47,6,12,2813.7,0.0,6,0,IN,0,Marketing
ACCT-012,LEAD-10241,Digital Retarget,Organic Search,2024-07-01,Prospect,Standard,11448.0,1,16,0,0,6,590.23,0.0,6,0,ES,0,Marketing
ACCT-012,LEAD-03388,Year-End Accelerator,Paid Social,2024-05-12,Qualified Lead,Professional,70844.0,3,16,129,67,2,2148.6,0.0,7,0,DE,0,Marketing
ACCT-109,LEAD-06507,Enterprise Expansion,Email,2024-04-14,Lead,Professional,30828.0,2,16,16,15,12,2474.96,0.0,3,0,AU,0,Marketing
ACCT-012,LEAD-07446,NovaPulse Launch,Partner Referral,2024-03-18,Qualified Lead,Growth,62513.0,2,16,520,98,14,5855.18,0.0,6,0,US,0,Marketing
ACCT-006,LEAD-00087,Enterprise Expansion,Organic Search,2024-03-02,Lead,Standard,27733.0,2,16,0,5,17,1633.2,0.0,7,0,DE,0,Marketing
ACCT-071,LEAD-10477,NovaEdge Awareness,Paid Social,2024-02-09,Lead,Enterprise,39435.0,2,16,71,18,13,3742.46,0.0,7,0,ES,0,Marketing
ACCT-030,LEAD-06072,NovaPulse Launch,Direct Mail,2023-07-23,Closed Won,Growth,75345.0,1,16,918,842,133,1840.59,4516.76,3,1,ES,0,Marketing
ACCT-014,LEAD-02518,Year-End Accelerator,Organic Search,2023-07-14,Prospect,Standard,20491.0,1,16,5,5,10,2341.3,0.0,7,0,DE,0,Marketing
ACCT-002,LEAD-00247,Digital Retarget,Paid Social,2023-04-30,Opportunity,Professional,36715.0,2,16,172,125,16,9456.65,649.43,9,1,ES,0,Marketing
ACCT-061,LEAD-09463,NovaEdge Awareness,Paid Social,2023-04-26,Qualified Lead,Professional,71706.0,2,16,931,253,14,9780.17,0.0,5,0,CA,0,Marketing
ACCT-012,LEAD-01459,NovaEdge Awareness,Email,2023-04-19,Qualified Lead,Enterprise,69063.0,2,16,666,124,26,1783.09,0.0,3,0,ES,0,Marketing
ACCT-030,LEAD-09530,Q3 Growth Sprint,Organic Search,2023-04-13,Prospect,Professional,24645.0,2,16,5,4,0,881.69,0.0,8,0,SA,0,Marketing
ACCT-050,LEAD-09653,Digital Retarget,Organic Search,2023-03-26,Lead,Professional,35797.0,2,16,27,14,21,2263.44,0.0,8,0,SA,0,Marketing
ACCT-012,LEAD-10785,Enterprise Expansion,Email,2025-01-20,Prospect,Professional,44078.0,3,17,24,10,4,2863.54,0.0,5,0,SA,0,Marketing
ACCT-012,LEAD-09392,Q3 Growth Sprint,Organic Search,2024-12-05,Prospect,Professional,26954.0,2,17,4,11,1,651.78,0.0,7,0,ES,0,Marketing
ACCT-012,LEAD-03769,NovaEdge Awareness,Organic Search,2024-09-23,Prospect,Enterprise,,2,17,25,13,3,3241.29,0.0,7,0,AU,0,Marketing
ACCT-001,LEAD-10146,NovaPulse Launch,Organic Search,2024-09-23,Prospect,Enterprise,38887.0,2,17,25,13,3,3534.43,0.0,7,0,AU,0,Marketing
ACCT-012,LEAD-04741,Enterprise Expansion,Partner Referral,2024-08-20,Closed Won,Standard,65463.0,2,17,391,70,16,9257.41,1009.05,5,1,ES,0,Marketing
ACCT-012,LEAD-01880,Q3 Growth Sprint,Email,2024-08-20,Lead,Enterprise,53537.0,3,17,81,6,6,2910.07,0.0,5,0,IN,0,Marketing
ACCT-040,LEAD-06471,Enterprise Expansion,Email,2024-04-28,Lead,Growth,36230.0,2,17,14,30,3,652.06,0.0,5,0,ES,0,Marketing
ACCT-081,LEAD-05718,NovaPulse Launch,Direct Mail,2024-02-19,Closed Won,Professional,80763.0,1,17,674,108,231,4613.38,2436.77,3,1,SA,0,Marketing
ACCT-081,LEAD-03478,Digital Retarget,Partner Referral,2023-12-25,Closed Won,Enterprise,60585.0,3,17,267,309,21,11233.17,1352.29,5,1,CA,0,Marketing
ACCT-012,LEAD-07848,NovaPulse Launch,Paid Social,2023-12-13,Qualified Lead,Professional,49166.0,2,17,224,25,110,11097.01,0.0,6,0,IN,0,Marketing
ACCT-108,LEAD-07999,Enterprise Expansion,Direct Mail,2023-10-18,Closed Won,Enterprise,75261.0,1,17,1239,413,17,1977.69,2274.66,2,1,ES,0,Marketing
ACCT-024,LEAD-11101,Year-End Accelerator,Paid Social,2023-10-09,Closed Won,Professional,89891.0,1,17,412,132,183,8082.97,1074.58,4,1,AU,0,Marketing
ACCT-023,LEAD-09212,Q3 Growth Sprint,Partner Referral,2023-08-05,Qualified Lead,Growth,72828.0,2,17,1205,235,205,6300.19,0.0,7,0,ES,0,Marketing
ACCT-027,LEAD-10983,Enterprise Expansion,Partner Referral,2023-07-19,Qualified Lead,Professional,75278.0,1,17,304,230,74,10596.92,0.0,3,0,SA,0,Marketing
ACCT-071,LEAD-03629,Digital Retarget,Organic Search,2023-06-04,Lead,Professional,38557.0,2,17,76,31,27,2419.25,0.0,7,0,CA,0,Marketing
ACCT-070,LEAD-04673,NovaPulse Launch,Paid Social,2023-04-11,Closed Won,Enterprise,81300.0,2,17,1004,145,36,5251.85,3093.83,5,1,ES,0,Marketing
ACCT-012,LEAD-00796,Year-End Accelerator,Paid Social,2023-04-03,Qualified Lead,Standard,60161.0,2,17,584,212,177,7305.57,0.0,8,0,CA,0,Marketing
ACCT-061,LEAD-00618,NovaPulse Launch,Partner Referral,2023-03-07,Qualified Lead,Enterprise,69389.0,2,17,422,238,15,8444.59,0.0,4,0,AU,0,Marketing
ACCT-012,LEAD-00380,Q3 Growth Sprint,Paid Social,2023-02-15,Closed Won,Professional,64497.0,2,17,1170,320,192,8054.27,2397.39,8,1,SA,0,Marketing
ACCT-012,LEAD-01092,NovaPulse Launch,Paid Social,2023-01-14,Qualified Lead,Professional,61014.0,2,17,269,495,29,9017.79,0.0,7,0,IN,0,Marketing
ACCT-051,LEAD-08962,Year-End Accelerator,Email,2024-11-12,Prospect,Growth,44319.0,3,18,26,8,3,2631.98,0.0,5,0,SA,0,Marketing
ACCT-012,LEAD-08207,Digital Retarget,Email,2024-10-10,Prospect,Standard,53233.0,2,18,28,9,0,2127.29,0.0,4,0,CA,0,Marketing
ACCT-028,LEAD-06521,Digital Retarget,Partner Referral,2024-10-10,Qualified Lead,Professional,77972.0,1,18,613,319,12,12227.55,0.0,1,0,SA,0,Marketing
ACCT-074,LEAD-00535,NovaEdge Awareness,Partner Referral,2024-09-18,Qualified Lead,Professional,81361.0,1,18,163,424,76,11650.08,0.0,1,0,DE,0,Marketing
ACCT-012,LEAD-04608,Digital Retarget,Partner Referral,2024-09-18,Closed Won,Professional,81361.0,1,18,163,424,76,5580.28,1390.3,1,1,SA,0,Marketing
ACCT-012,LEAD-11086,Year-End Accelerator,Organic Search,2024-08-07,Prospect,Starter,25707.0,2,18,1,2,3,1299.73,0.0,7,0,ES,0,Marketing
ACCT-012,LEAD-01064,Q3 Growth Sprint,Organic Search,2024-06-27,Prospect,Enterprise,42403.0,2,18,22,11,3,1686.26,0.0,8,0,ES,0,Marketing
ACCT-012,LEAD-07000,Year-End Accelerator,Partner Referral,2024-04-24,Qualified Lead,Standard,65704.0,1,18,279,74,246,8441.99,0.0,1,0,DE,0,Marketing
ACCT-012,LEAD-01581,Digital Retarget,Organic Search,2024-04-20,Prospect,Professional,37406.0,2,18,2,8,3,1955.96,22.5,8,1,ES,0,Marketing
ACCT-029,LEAD-07384,Year-End Accelerator,Partner Referral,2024-01-23,Qualified Lead,Growth,39767.0,1,18,113,204,47,8121.17,0.0,8,0,ES,0,Marketing
ACCT-012,LEAD-10552,Year-End Accelerator,Partner Referral,2023-11-17,Qualified Lead,Standard,54210.0,2,18,70,109,45,10981.29,0.0,5,0,ES,0,Marketing
ACCT-110,LEAD-06409,Digital Retarget,Partner Referral,2023-11-14,Closed Won,Professional,57136.0,1,18,267,599,127,7491.61,1648.75,6,1,SA,0,Marketing
ACCT-015,LEAD-09507,Enterprise Expansion,Paid Social,2023-10-01,Qualified Lead,Professional,40794.0,2,18,261,73,50,11229.85,0.0,7,0,ES,0,Marketing
ACCT-012,LEAD-09560,Year-End Accelerator,Partner Referral,2023-08-24,Closed Won,Professional,83003.0,1,18,856,570,122,3805.6,3818.9,3,1,ES,0,Marketing
ACCT-012,LEAD-10991,Digital Retarget,Paid Social,2023-05-22,Qualified Lead,Growth,89058.0,1,18,454,106,43,2932.3,0.0,2,0,CA,0,Marketing
ACCT-072,LEAD-04712,Q3 Growth Sprint,Email,2023-05-12,Lead,Standard,20193.0,1,18,8,22,9,741.41,0.0,4,0,ES,0,Marketing
ACCT-081,LEAD-11056,Year-End Accelerator,Partner Referral,2023-04-07,Qualified Lead,Professional,72099.0,1,18,546,410,22,11865.55,0.0,1,0,ES,0,Marketing
ACCT-012,LEAD-07414,Year-End Accelerator,Organic Search,2023-02-21,Lead,Professional,43824.0,3,18,96,42,32,3341.19,0.0,8,0,ES,0,Marketing
ACCT-081,LEAD-03076,Year-End Accelerator,Partner Referral,2023-02-12,Qualified Lead,Professional,66653.0,3,18,452,102,6,9676.45,0.0,3,0,AU,0,Marketing
ACCT-012,LEAD-06355,NovaEdge Awareness,Email,2025-01-17,Prospect,Professional,44359.0,3,19,20,14,1,1966.16,0.0,3,0,ES,0,Marketing
ACCT-030,LEAD-07959,Enterprise Expansion,Email,2024-12-28,Qualified Lead,Professional,79410.0,1,19,658,483,13,1903.97,0.0,1,0,ES,0,Marketing
ACCT-012,LEAD-05512,Year-End Accelerator,Partner Referral,2024-12-21,Qualified Lead,Growth,55842.0,2,19,451,39,24,6955.75,0.0,5,0,ES,0,Marketing
ACCT-002,LEAD-10102,Year-End Accelerator,Direct Mail,2024-12-09,Qualified Lead,Professional,79946.0,1,19,395,565,28,2294.5,0.0,3,0,SA,0,Marketing
ACCT-029,LEAD-09369,NovaPulse Launch,Paid Social,2024-10-11,Closed Won,Standard,88194.0,2,19,688,309,38,5535.98,2630.74,5,1,DE,0,Marketing
ACCT-012,LEAD-03711,NovaPulse Launch,Partner Referral,2024-09-22,Closed Won,Growth,80184.0,1,19,1035,670,0,12003.41,4428.84,3,1,ES,0,Marketing
ACCT-012,LEAD-06931,Year-End Accelerator,Paid Social,2024-09-07,Closed Won,Professional,76982.0,1,19,464,292,30,9210.61,2611.37,4,1,ES,0,Marketing
ACCT-012,LEAD-09596,Q3 Growth Sprint,Partner Referral,2024-07-10,Qualified Lead,Enterprise,65295.0,1,19,365,117,6,10204.92,0.0,2,0,US,0,Marketing
ACCT-012,LEAD-02727,Enterprise Expansion,Partner Referral,2024-06-19,Qualified Lead,Professional,57100.0,1,19,181,69,96,7219.75,0.0,3,0,SA,0,Marketing
ACCT-012,LEAD-08416,Year-End Accelerator,Organic Search,2024-06-14,Prospect,Professional,29009.0,2,19,6,15,2,2522.71,0.0,6,0,US,0,Marketing
ACCT-081,LEAD-03967,NovaEdge Awareness,Partner Referral,2024-05-07,Qualified Lead,Enterprise,78931.0,1,19,331,170,35,5552.87,0.0,1,0,CA,0,Marketing
ACCT-033,LEAD-02139,Enterprise Expansion,Email,2024-04-12,Prospect,Growth,7500.0,2,19,3,10,12,2141.84,0.0,5,0,AU,0,Marketing
ACCT-054,LEAD-02162,Q3 Growth Sprint,Partner Referral,2024-03-27,Qualified Lead,Professional,56939.0,2,19,256,103,49,5690.94,0.0,3,0,ES,0,Marketing
ACCT-012,LEAD-09242,Q3 Growth Sprint,Partner Referral,2024-02-21,Closed Won,Professional,64509.0,1,19,836,575,77,4298.62,3958.85,4,1,SA,0,Marketing
ACCT-061,LEAD-10595,Digital Retarget,Organic Search,2024-01-09,Lead,Professional,30093.0,1,19,2,28,16,1786.46,0.0,7,0,ES,0,Marketing
ACCT-012,LEAD-04855,Digital Retarget,Paid Social,2023-12-05,Prospect,Enterprise,30351.0,2,19,14,24,2,9626.06,89.53,9,1,US,0,Marketing
ACCT-081,LEAD-05049,Enterprise Expansion,Paid Social,2023-12-05,Prospect,Enterprise,30351.0,2,19,14,24,2,10072.21,0.0,9,0,ES,0,Marketing
ACCT-012,LEAD-04967,Digital Retarget,Organic Search,2023-09-21,Qualified Lead,Enterprise,38201.0,2,19,233,23,12,3458.04,0.0,8,0,SA,0,Marketing
ACCT-012,LEAD-05255,Digital Retarget,Paid Social,2023-08-12,Qualified Lead,Professional,,2,19,5,3,362,11745.47,0.0,1,0,AU,0,Marketing
ACCT-042,LEAD-09215,Digital Retarget,Partner Referral,2023-05-27,Qualified Lead,Enterprise,43974.0,2,19,378,101,72,12821.12,0.0,7,0,CA,0,Marketing
ACCT-012,LEAD-03525,Enterprise Expansion,Organic Search,2023-05-22,Prospect,Professional,38200.0,3,19,12,4,1,2647.51,0.0,7,0,ES,0,Marketing
ACCT-112,LEAD-03619,Year-End Accelerator,Partner Referral,2023-03-01,Closed Won,Standard,87305.0,1,19,345,501,80,10712.39,1421.72,2,1,AU,0,Marketing
ACCT-045,LEAD-04415,Digital Retarget,Organic Search,2023-02-17,Prospect,Professional,16860.0,3,19,10,4,14,3751.8,0.0,7,0,ES,0,Marketing
ACCT-039,LEAD-03645,Digital Retarget,Organic Search,2023-02-03,Lead,Enterprise,27213.0,2,19,19,26,3,3403.11,108.34,8,1,ES,0,Marketing
ACCT-014,LEAD-04692,Q3 Growth Sprint,Paid Social,2023-01-03,Lead,Professional,7500.0,2,19,7,12,32,3804.16,150.06,9,1,AU,0,Marketing
ACCT-012,LEAD-03955,NovaEdge Awareness,Organic Search,2025-01-23,Prospect,Professional,4861.0,1,20,2,1,1,1581.45,0.0,14,0,SA,0,Marketing
ACCT-012,LEAD-05313,Enterprise Expansion,Email,2024-11-13,Prospect,Growth,38196.0,3,20,30,11,3,1349.56,0.0,5,0,ES,0,Marketing
ACCT-065,LEAD-07196,Q3 Growth Sprint,Email,2024-08-30,Prospect,Enterprise,41145.0,3,20,9,3,1,515.26,0.0,3,0,CA,0,Marketing
ACCT-012,LEAD-01381,Digital Retarget,Paid Social,2024-08-18,Opportunity,Enterprise,38513.0,2,20,172,115,18,10698.63,627.33,8,1,ES,0,Marketing
ACCT-012,LEAD-10951,Enterprise Expansion,Partner Referral,2024-08-15,Opportunity,Professional,45688.0,2,20,279,18,9,7809.41,423.64,4,1,ES,0,Marketing
ACCT-012,LEAD-04322,Q3 Growth Sprint,Partner Referral,2024-06-12,Qualified Lead,Enterprise,77863.0,1,20,881,319,12,10598.06,0.0,2,0,ES,0,Marketing
ACCT-012,LEAD-07444,Year-End Accelerator,Organic Search,2024-04-30,Prospect,Growth,42169.0,3,20,19,9,2,607.3,0.0,8,0,ES,0,Marketing
ACCT-012,LEAD-02942,Q3 Growth Sprint,Paid Social,2023-11-02,Opportunity,Professional,45906.0,2,20,305,27,144,9461.12,719.12,5,1,ES,0,Marketing
ACCT-061,LEAD-02874,NovaPulse Launch,Organic Search,2023-08-28,Prospect,Standard,35388.0,2,20,6,7,8,1969.41,0.0,7,0,SA,0,Marketing
ACCT-012,LEAD-03667,NovaPulse Launch,Partner Referral,2023-08-20,Closed Won,Professional,80952.0,1,20,778,689,44,7090.75,2953.64,8,1,DE,0,Marketing
ACCT-006,LEAD-03697,NovaEdge Awareness,Organic Search,2023-08-03,Lead,Professional,39898.0,2,20,69,26,12,3025.59,0.0,7,0,CA,0,Marketing
ACCT-012,LEAD-09955,NovaEdge Awareness,Organic Search,2023-08-03,Lead,Professional,39898.0,2,20,69,26,12,3218.92,0.0,7,0,ES,0,Marketing
ACCT-052,LEAD-05320,Digital Retarget,Organic Search,2023-07-19,Opportunity,Growth,44051.0,3,20,79,58,18,2486.58,224.09,6,1,SA,0,Marketing
ACCT-012,LEAD-06422,Q3 Growth Sprint,Direct Mail,2023-07-06,Qualified Lead,Professional,86718.0,1,20,344,482,172,1841.96,0.0,2,0,IN,0,Marketing
ACCT-012,LEAD-03690,Year-End Accelerator,Partner Referral,2023-06-29,Closed Won,Growth,80141.0,1,20,1184,673,40,4888.92,4188.67,6,1,ES,0,Marketing
ACCT-015,LEAD-02408,Q3 Growth Sprint,Partner Referral,2023-05-04,Qualified Lead,Professional,58597.0,3,20,490,184,21,11087.62,0.0,7,0,IN,0,Marketing
ACCT-012,LEAD-09260,Q3 Growth Sprint,Paid Social,2023-04-17,Qualified Lead,Enterprise,70356.0,1,20,1349,249,33,4721.03,0.0,6,0,CA,0,Marketing
ACCT-012,LEAD-09648,NovaPulse Launch,Paid Social,2023-04-15,Qualified Lead,Professional,46904.0,3,20,153,56,31,8619.39,0.0,8,0,ES,0,Marketing
ACCT-012,LEAD-04939,NovaEdge Awareness,Partner Referral,2023-02-04,Qualified Lead,Professional,37760.0,1,20,84,38,28,8827.94,0.0,7,0,US,0,Marketing
ACCT-081,LEAD-08652,NovaPulse Launch,Partner Referral,2023-02-04,Qualified Lead,Professional,37760.0,1,20,84,38,28,8304.53,0.0,7,0,SA,0,Marketing
ACCT-054,LEAD-04702,Year-End Accelerator,Direct Mail,2023-01-15,Qualified Lead,Professional,61839.0,1,20,1000,379,120,3275.58,0.0,8,0,ES,0,Marketing
ACCT-081,LEAD-02587,NovaEdge Awareness,Email,2024-12-13,Prospect,Enterprise,29791.0,2,21,14,6,0,2387.36,0.0,5,0,AU,0,Marketing
ACCT-080,LEAD-02811,Enterprise Expansion,Email,2024-11-07,Lead,Enterprise,48918.0,3,21,52,9,1,784.54,0.0,4,0,ES,0,Marketing
ACCT-080,LEAD-09150,NovaPulse Launch,Email,2024-11-07,Lead,Enterprise,48918.0,3,21,52,9,1,1574.78,0.0,4,0,ES,0,Marketing
ACCT-012,LEAD-10127,Digital Retarget,Paid Social,2024-10-31,Qualified Lead,Professional,58692.0,2,21,301,61,11,4832.46,0.0,7,0,CA,0,Marketing
ACCT-012,LEAD-05493,Q3 Growth Sprint,Organic Search,2024-10-11,Prospect,Professional,39356.0,3,21,15,2,6,2874.7,42.15,6,1,ES,0,Marketing
ACCT-012,LEAD-02666,Enterprise Expansion,Partner Referral,2024-08-28,Closed Won,Growth,76234.0,2,21,519,167,41,11005.59,1141.95,3,1,CA,0,Marketing
ACCT-114,LEAD-10099,NovaEdge Awareness,Partner Referral,2024-04-15,Qualified Lead,Professional,55434.0,2,21,238,215,76,7743.16,0.0,4,0,SA,0,Marketing
ACCT-018,LEAD-10562,Q3 Growth Sprint,Partner Referral,2024-04-07,Qualified Lead,Growth,66835.0,1,21,620,195,141,10191.9,0.0,2,0,IN,0,Marketing
ACCT-012,LEAD-07881,Enterprise Expansion,Partner Referral,2024-04-07,Qualified Lead,Growth,66835.0,1,21,620,195,141,3092.25,0.0,2,0,ES,0,Marketing
ACCT-032,LEAD-06721,NovaEdge Awareness,Paid Social,2024-02-01,Qualified Lead,Professional,71965.0,2,21,572,286,248,5014.19,0.0,3,0,CA,0,Marketing
ACCT-109,LEAD-05204,Year-End Accelerator,Direct Mail,2023-12-30,Closed Won,Professional,74538.0,1,21,380,733,28,2873.02,2013.85,3,1,ES,0,Marketing
ACCT-113,LEAD-05209,NovaEdge Awareness,Paid Social,2023-12-17,Qualified Lead,Professional,50002.0,2,21,443,71,82,4555.2,0.0,7,0,SA,0,Marketing
ACCT-061,LEAD-10128,NovaPulse Launch,Partner Referral,2023-12-07,Qualified Lead,Professional,53977.0,2,21,620,165,82,6937.47,0.0,5,0,CA,0,Marketing
ACCT-012,LEAD-09284,Q3 Growth Sprint,Partner Referral,2023-12-07,Qualified Lead,Professional,53977.0,2,21,620,165,82,3092.76,0.0,5,0,ES,0,Marketing
ACCT-012,LEAD-08643,Enterprise Expansion,Partner Referral,2023-11-23,Qualified Lead,Professional,69930.0,1,21,252,827,196,11964.17,0.0,3,0,IN,0,Marketing
ACCT-012,LEAD-01685,Enterprise Expansion,Partner Referral,2023-09-08,Closed Won,Enterprise,62981.0,1,21,796,590,0,5108.34,2510.91,3,1,CA,0,Marketing
ACCT-012,LEAD-02877,Enterprise Expansion,Partner Referral,2023-07-10,Qualified Lead,Growth,46014.0,3,21,410,59,44,11444.06,0.0,7,0,SA,0,Marketing
ACCT-012,LEAD-08369,Digital Retarget,Organic Search,2023-04-20,Prospect,Professional,18227.0,2,21,1,7,11,2250.92,0.0,8,0,ES,0,Marketing
ACCT-052,LEAD-06233,Digital Retarget,Partner Referral,2023-02-12,Qualified Lead,Professional,65991.0,2,21,507,364,9,13000.25,0.0,7,0,ES,0,Marketing
ACCT-047,LEAD-00195,Q3 Growth Sprint,Paid Social,2023-01-30,Opportunity,Professional,38808.0,2,21,125,52,30,10062.0,318.25,8,1,ES,0,Marketing
ACCT-012,LEAD-01501,NovaEdge Awareness,Direct Mail,2023-01-06,Qualified Lead,Enterprise,160803.0,1,21,55,1622,4,7101.47,0.0,0,0,US,0,Marketing
ACCT-012,LEAD-10846,Q3 Growth Sprint,Partner Referral,2024-12-28,Closed Won,Growth,43783.0,2,22,327,125,139,3507.63,770.12,7,1,CA,0,Marketing
ACCT-002,LEAD-08341,Q3 Growth Sprint,Organic Search,2024-11-26,Prospect,Enterprise,30396.0,2,22,15,6,12,3724.07,78.91,7,1,ES,0,Marketing
ACCT-029,LEAD-10766,Q3 Growth Sprint,Partner Referral,2024-11-05,Qualified Lead,Enterprise,65526.0,2,22,397,69,9,9909.11,0.0,2,0,ES,0,Marketing
ACCT-044,LEAD-09971,Digital Retarget,Partner Referral,2024-11-05,Qualified Lead,Enterprise,65526.0,2,22,397,69,9,9880.8,0.0,2,0,SA,0,Marketing
ACCT-039,LEAD-01740,Enterprise Expansion,Paid Social,2024-11-01,Closed Won,Professional,55956.0,1,22,760,104,38,9094.99,1741.26,4,1,ES,0,Marketing
ACCT-061,LEAD-08737,NovaEdge Awareness,Email,2024-10-30,Prospect,Professional,55563.0,2,22,29,9,2,787.93,0.0,3,0,ES,0,Marketing
ACCT-012,LEAD-06466,Year-End Accelerator,Email,2024-10-04,Lead,Enterprise,57236.0,3,22,105,9,4,552.14,0.0,3,0,ES,0,Marketing
ACCT-012,LEAD-10430,NovaPulse Launch,Email,2024-04-19,Closed Won,Professional,89694.0,3,22,1126,211,42,1311.92,3299.81,5,1,AU,0,Marketing
ACCT-009,LEAD-08773,Enterprise Expansion,Partner Referral,2023-12-26,Opportunity,Growth,57420.0,2,22,280,18,24,10417.5,734.69,7,1,US,0,Marketing
ACCT-081,LEAD-02371,NovaEdge Awareness,Organic Search,2023-10-07,Lead,Professional,33622.0,3,22,39,22,12,3719.19,0.0,7,0,DE,0,Marketing
ACCT-010,LEAD-07786,Year-End Accelerator,Organic Search,2023-08-04,Lead,Enterprise,29999.0,2,22,68,59,11,808.45,0.0,8,0,ES,0,Marketing
ACCT-066,LEAD-04088,Q3 Growth Sprint,Organic Search,2023-05-21,Lead,Enterprise,31497.0,2,22,108,28,4,3455.7,0.0,8,0,ES,0,Marketing
ACCT-012,LEAD-04971,Enterprise Expansion,Organic Search,2023-05-21,Lead,Enterprise,31497.0,2,22,108,28,4,1351.61,0.0,8,0,SA,0,Marketing
ACCT-012,LEAD-10560,NovaPulse Launch,Email,2025-01-16,Prospect,Enterprise,36802.0,2,23,16,2,1,1972.18,0.0,5,0,ES,0,Marketing
ACCT-012,LEAD-06892,NovaPulse Launch,Paid Social,2025-01-02,Closed Won,Professional,61671.0,2,23,641,56,28,7239.63,1255.01,8,1,ES,0,Marketing
ACCT-012,LEAD-11004,NovaPulse Launch,Email,2024-12-15,Prospect,Standard,60182.0,2,23,8,5,2,1275.69,0.0,4,0,SA,0,Marketing
ACCT-082,LEAD-01818,NovaPulse Launch,Organic Search,2024-10-18,Prospect,Enterprise,29732.0,2,23,25,8,4,1688.3,0.0,9,0,CA,0,Marketing
ACCT-012,LEAD-09485,Digital Retarget,Partner Referral,2024-10-02,Lead,Enterprise,45921.0,1,23,102,49,12,6996.82,0.0,4,0,SA,0,Marketing
ACCT-004,LEAD-06646,Year-End Accelerator,Organic Search,2024-09-22,Prospect,Professional,16529.0,2,23,3,5,1,1088.46,0.0,6,0,CA,0,Marketing
ACCT-029,LEAD-04248,Enterprise Expansion,Partner Referral,2024-09-09,Closed Won,Growth,98777.0,1,23,1000,711,38,9125.8,2707.26,1,1,ES,0,Marketing
ACCT-081,LEAD-07451,Enterprise Expansion,Partner Referral,2024-09-09,Closed Won,Growth,98777.0,1,23,1000,711,38,9119.42,4774.42,1,1,ES,0,Marketing
ACCT-012,LEAD-07861,NovaEdge Awareness,Paid Social,2024-08-27,Qualified Lead,Growth,77027.0,2,23,820,242,11,5493.75,0.0,4,0,ES,0,Marketing
ACCT-006,LEAD-05232,NovaPulse Launch,Email,2024-08-17,Qualified Lead,Professional,69139.0,2,23,86,75,6,2318.45,0.0,4,0,ES,0,Marketing
ACCT-012,LEAD-03011,Digital Retarget,Email,2024-08-17,Qualified Lead,Professional,69139.0,2,23,86,75,6,2547.37,0.0,4,0,SA,0,Marketing
ACCT-012,LEAD-05758,NovaPulse Launch,Partner Referral,2024-08-03,Closed Won,Professional,65169.0,1,23,1074,69,46,12780.44,1792.0,6,1,ES,0,Marketing
ACCT-061,LEAD-02173,NovaEdge Awareness,Organic Search,2024-04-27,Prospect,Professional,40049.0,2,23,13,7,3,1012.55,0.0,6,0,ES,0,Marketing
ACCT-080,LEAD-10711,NovaEdge Awareness,Partner Referral,2024-04-12,Qualified Lead,Professional,69755.0,1,23,217,373,93,5367.26,0.0,1,0,SA,0,Marketing
ACCT-029,LEAD-08268,NovaPulse Launch,Partner Referral,2024-01-12,Qualified Lead,Enterprise,,2,23,352,27,15,10228.79,0.0,6,0,CA,0,Marketing
ACCT-012,LEAD-02782,Year-End Accelerator,Partner Referral,2024-01-12,Qualified Lead,Enterprise,54456.0,2,23,352,27,15,12122.58,0.0,6,0,ES,0,Marketing
ACCT-012,LEAD-09432,NovaPulse Launch,Organic Search,2023-12-01,Lead,Professional,666666.0,2,23,9,18,12,2794.28,0.0,6,0,SA,0,Marketing
ACCT-030,LEAD-05872,Year-End Accelerator,Partner Referral,2023-11-30,Qualified Lead,Professional,60689.0,2,23,240,216,24,5125.75,0.0,3,0,US,0,Marketing
ACCT-012,LEAD-11187,Enterprise Expansion,Email,2023-11-17,Lead,Starter,26487.0,2,23,2,10,23,2432.12,0.0,5,0,CA,0,Marketing
ACCT-084,LEAD-02428,Year-End Accelerator,Organic Search,2023-10-30,Lead,Professional,28164.0,2,23,3,26,12,2229.41,0.0,7,0,DE,0,Marketing
ACCT-012,LEAD-01726,Q3 Growth Sprint,Organic Search,2023-09-09,Lead,Professional,22585.0,1,23,3,15,39,3140.56,177.22,9,1,ES,0,Marketing
ACCT-012,LEAD-01802,Q3 Growth Sprint,Partner Referral,2023-07-06,Qualified Lead,Professional,64795.0,2,23,412,119,77,8386.86,0.0,2,0,ES,0,Marketing
ACCT-012,LEAD-01162,Digital Retarget,Partner Referral,2023-06-28,Closed Won,Enterprise,42000.0,1,23,124,267,35,14089.85,1262.8,5,1,ES,0,Marketing
ACCT-101,LEAD-10643,Digital Retarget,Partner Referral,2023-06-28,Closed Won,Enterprise,42000.0,1,23,124,267,35,10623.58,1313.76,5,1,AU,0,Marketing
ACCT-046,LEAD-11112,NovaPulse Launch,Partner Referral,2023-05-18,Qualified Lead,Professional,70713.0,2,23,736,279,190,13370.96,0.0,3,0,ES,0,Marketing
ACCT-081,LEAD-02114,NovaPulse Launch,Partner Referral,2023-05-08,Closed Won,Enterprise,82800.0,1,23,1006,115,45,10526.61,1836.06,3,1,US,0,Marketing
ACCT-012,LEAD-04261,NovaPulse Launch,Partner Referral,2023-05-08,Closed Won,Enterprise,82800.0,1,23,1006,115,45,3819.44,2333.95,3,1,SA,0,Marketing
ACCT-012,LEAD-02457,Enterprise Expansion,Organic Search,2023-04-06,Prospect,Starter,30801.0,2,23,8,5,11,1559.87,0.0,7,0,ES,0,Marketing
ACCT-080,LEAD-02495,Digital Retarget,Partner Referral,2025-01-21,Qualified Lead,Growth,83891.0,2,24,217,350,15,6296.08,0.0,1,0,ES,0,Marketing
ACCT-012,LEAD-06983,Digital Retarget,Organic Search,2024-11-27,Prospect,Growth,38054.0,3,24,23,17,0,696.6,0.0,7,0,IN,0,Marketing
ACCT-061,LEAD-03436,Year-End Accelerator,Organic Search,2024-08-16,Prospect,Professional,14045.0,2,24,11,5,1,2275.68,0.0,7,0,ES,0,Marketing
ACCT-029,LEAD-07505,Digital Retarget,Email,2024-08-08,Prospect,Enterprise,44155.0,3,24,22,9,14,1276.02,0.0,4,0,ES,0,Marketing
ACCT-061,LEAD-04286,Q3 Growth Sprint,Paid Social,2024-07-28,Closed Won,Enterprise,57642.0,2,24,580,58,27,6519.14,865.02,4,1,IN,0,Marketing
ACCT-080,LEAD-07224,NovaPulse Launch,Organic Search,2024-07-16,Prospect,Professional,31353.0,3,24,10,10,7,3410.94,0.0,8,0,IN,0,Marketing
ACCT-106,LEAD-06215,Digital Retarget,Organic Search,2024-07-16,Prospect,Professional,31353.0,3,24,10,10,7,768.56,72.03,8,1,SA,0,Marketing
ACCT-012,LEAD-00968,Q3 Growth Sprint,Organic Search,2024-07-13,Lead,Growth,41335.0,2,24,112,21,5,3493.53,0.0,7,0,AU,0,Marketing
ACCT-030,LEAD-04096,Year-End Accelerator,Organic Search,2024-07-13,Lead,Growth,41335.0,2,24,112,21,5,2652.53,0.0,7,0,US,0,Marketing
ACCT-012,LEAD-03153,Enterprise Expansion,Organic Search,2024-06-23,Prospect,Enterprise,40737.0,4,24,11,4,2,2274.74,0.0,8,0,SA,0,Marketing
ACCT-030,LEAD-06504,Q3 Growth Sprint,Email,2024-06-04,Lead,Standard,19789.0,2,24,2,9,28,1656.78,149.81,5,1,ES,0,Marketing
ACCT-036,LEAD-05329,NovaEdge Awareness,Email,2024-04-06,Prospect,Enterprise,35946.0,3,24,8,3,0,2479.54,0.0,5,0,AU,0,Marketing
ACCT-104,LEAD-01175,Q3 Growth Sprint,Direct Mail,2024-03-29,Opportunity,Growth,36262.0,1,24,88,54,153,7323.2,760.26,6,1,ES,0,Marketing
ACCT-012,LEAD-01377,Enterprise Expansion,Organic Search,2024-03-08,Qualified Lead,Growth,44551.0,2,24,182,33,66,3334.36,0.0,7,0,SA,0,Marketing
ACCT-012,LEAD-04607,Digital Retarget,Partner Referral,2024-02-28,Qualified Lead,Professional,71367.0,1,24,227,389,75,10822.05,0.0,2,0,ES,0,Marketing
ACCT-074,LEAD-04944,NovaPulse Launch,Partner Referral,2024-02-28,Qualified Lead,Professional,71367.0,1,24,227,389,75,6858.32,0.0,2,0,ES,0,Marketing
ACCT-012,LEAD-09483,Enterprise Expansion,Partner Referral,2024-02-24,Qualified Lead,Professional,57957.0,2,24,290,177,29,8707.55,0.0,3,0,CA,1,Marketing
ACCT-012,LEAD-01378,Year-End Accelerator,Paid Social,2024-01-26,Qualified Lead,Standard,50334.0,2,24,284,160,134,3508.61,0.0,6,0,SA,0,Marketing
ACCT-012,LEAD-05991,Enterprise Expansion,Paid Social,2023-12-07,Qualified Lead,Growth,48150.0,2,24,173,39,47,2618.74,0.0,7,0,DE,0,Marketing
ACCT-012,LEAD-02807,Digital Retarget,Direct Mail,2023-08-07,Qualified Lead,Professional,56796.0,2,24,656,161,37,2172.76,0.0,7,0,ES,0,Marketing
ACCT-012,LEAD-01052,Q3 Growth Sprint,Direct Mail,2023-08-07,Qualified Lead,Professional,56796.0,2,24,656,161,37,7344.32,0.0,7,0,AU,0,Marketing
ACCT-012,LEAD-09760,Digital Retarget,Partner Referral,2023-07-14,Closed Won,Enterprise,52278.0,2,24,953,71,174,7121.25,2550.08,8,1,SA,0,Marketing
ACCT-012,LEAD-07101,Enterprise Expansion,Partner Referral,2023-07-14,Qualified Lead,Enterprise,52278.0,2,24,953,71,174,9054.59,0.0,8,0,ES,0,Marketing
ACCT-012,LEAD-09909,Digital Retarget,Organic Search,2023-04-22,Opportunity,Standard,7500.0,1,24,3,14,50,1103.96,185.69,9,1,AU,0,Marketing
ACCT-029,LEAD-05907,Enterprise Expansion,Organic Search,2023-04-15,Prospect,Growth,33444.0,3,24,8,8,2,2032.15,0.0,8,0,ES,0,Marketing
ACCT-012,LEAD-00793,NovaEdge Awareness,Organic Search,2023-03-16,Prospect,Professional,20895.0,2,24,18,17,4,2037.98,0.0,9,0,AU,0,Marketing
ACCT-104,LEAD-08832,NovaPulse Launch,Organic Search,2023-02-17,Lead,Growth,37509.0,2,24,37,56,5,2329.62,0.0,7,0,DE,0,Marketing
ACCT-012,LEAD-02535,NovaPulse Launch,Partner Referral,2023-01-21,Closed Won,Growth,88097.0,2,24,163,480,75,4904.95,1421.89,9,1,ES,0,Marketing
ACCT-012,LEAD-01523,Digital Retarget,Email,2024-12-04,Lead,Professional,59041.0,3,25,69,15,6,1207.23,0.0,5,0,SA,0,Marketing
ACCT-030,LEAD-01839,Enterprise Expansion,Organic Search,2024-11-16,Lead,Professional,43322.0,1,25,56,48,18,1930.69,0.0,7,0,IN,0,Marketing
ACCT-012,LEAD-09972,NovaEdge Awareness,Organic Search,2024-11-08,Prospect,Enterprise,46015.0,3,25,38,2,6,1684.29,90.95,7,1,SA,0,Marketing
ACCT-068,LEAD-02945,NovaEdge Awareness,Organic Search,2024-11-08,Prospect,Enterprise,46015.0,3,25,38,2,6,3262.29,93.91,7,1,CA,0,Marketing
ACCT-012,LEAD-09291,Enterprise Expansion,Email,2024-10-16,Prospect,Growth,34242.0,2,25,8,4,1,664.78,0.0,5,0,ES,0,Marketing
ACCT-071,LEAD-02829,NovaPulse Launch,Paid Social,2024-10-02,Closed Won,Professional,65210.0,2,25,626,70,28,2945.06,1521.86,6,1,CA,0,Marketing
ACCT-012,LEAD-08594,Q3 Growth Sprint,Organic Search,2024-08-18,Lead,Enterprise,50520.0,2,25,112,6,14,1494.51,0.0,6,0,ES,0,Marketing
ACCT-012,LEAD-01592,NovaPulse Launch,Direct Mail,2024-08-14,Closed Won,Professional,90765.0,1,25,547,812,33,6204.27,3540.29,1,1,CA,0,Marketing
ACCT-084,LEAD-04310,NovaPulse Launch,Direct Mail,2024-08-11,Closed Won,Professional,80589.0,1,25,507,520,26,7391.23,3334.76,1,1,AU,0,Marketing
ACCT-012,LEAD-06950,Q3 Growth Sprint,Organic Search,2024-07-01,Lead,Growth,49572.0,3,25,35,16,1,1666.77,0.0,7,0,CA,0,Marketing
ACCT-103,LEAD-08492,NovaPulse Launch,Partner Referral,2024-05-23,Closed Won,Professional,75437.0,1,25,795,545,0,9992.87,2066.1,6,1,ES,0,Marketing
ACCT-012,LEAD-05684,Q3 Growth Sprint,Organic Search,2024-04-21,Lead,Growth,44635.0,3,25,56,9,3,1724.37,0.0,7,0,ES,0,Marketing
ACCT-080,LEAD-05909,Digital Retarget,Partner Referral,2024-03-28,Qualified Lead,Professional,58512.0,2,25,895,101,152,14612.36,0.0,8,0,DE,0,Marketing
ACCT-012,LEAD-09855,NovaPulse Launch,Partner Referral,2024-03-01,Closed Won,Enterprise,62000.0,2,25,899,101,20,11381.76,1743.74,4,1,ES,0,Marketing
ACCT-012,LEAD-00975,Enterprise Expansion,Organic Search,2023-11-25,Qualified Lead,Professional,54252.0,3,25,178,26,44,2582.64,0.0,6,0,AU,0,Marketing
ACCT-029,LEAD-08754,NovaPulse Launch,Organic Search,2023-11-12,Prospect,Enterprise,45068.0,2,25,14,3,3,3783.01,0.0,7,0,ES,0,Marketing
ACCT-079,LEAD-01456,Year-End Accelerator,Partner Referral,2023-09-24,Qualified Lead,Professional,60474.0,2,25,265,303,170,6714.98,0.0,7,0,IN,0,Marketing
ACCT-061,LEAD-02849,Digital Retarget,Partner Referral,2023-09-24,Qualified Lead,Professional,60474.0,2,25,265,303,170,7520.15,0.0,7,0,CA,0,Marketing
ACCT-003,LEAD-09984,NovaPulse Launch,Paid Social,2023-09-19,Closed Won,Standard,56337.0,3,25,349,144,182,9916.62,1634.17,8,1,ES,0,Marketing
ACCT-012,LEAD-05527,NovaEdge Awareness,Organic Search,2023-08-04,Lead,Professional,22434.0,2,25,4,11,15,2845.41,0.0,8,0,ES,0,Marketing
ACCT-012,LEAD-05628,Q3 Growth Sprint,Partner Referral,2023-07-30,Closed Won,Professional,61416.0,1,25,848,323,78,12947.51,3597.08,6,1,US,0,Marketing
ACCT-012,LEAD-07627,NovaPulse Launch,Direct Mail,2023-05-27,Closed Won,Growth,92163.0,1,25,817,797,20,5955.19,3930.67,2,1,ES,0,Marketing
ACCT-012,LEAD-01351,Year-End Accelerator,Partner Referral,2023-02-26,Closed Won,Growth,58656.0,2,25,962,194,12,10752.3,2135.52,6,1,ES,0,Marketing
ACCT-012,LEAD-10629,Enterprise Expansion,Organic Search,2023-02-20,Lead,Standard,,2,25,25,43,17,1766.4,0.0,8,0,DE,0,Marketing
ACCT-080,LEAD-10395,Enterprise Expansion,Organic Search,2023-01-26,Lead,Starter,8940.0,2,25,1,3,42,1769.09,0.0,8,0,ES,0,Marketing
ACCT-112,LEAD-06961,NovaEdge Awareness,Organic Search,2024-12-20,Prospect,Professional,26751.0,3,26,1,5,1,1130.92,0.0,8,0,ES,0,Marketing
ACCT-081,LEAD-10196,Q3 Growth Sprint,Partner Referral,2024-10-04,Qualified Lead,Professional,71427.0,3,26,212,177,23,5570.31,0.0,4,0,US,0,Marketing
ACCT-012,LEAD-06182,Q3 Growth Sprint,Organic Search,2024-09-01,Lead,Professional,26646.0,2,26,11,20,5,3816.84,0.0,6,0,US,0,Marketing
ACCT-012,LEAD-10432,Year-End Accelerator,Organic Search,2024-08-20,Prospect,Professional,19346.0,2,26,2,9,2,2201.95,0.0,8,0,CA,0,Marketing
ACCT-105,LEAD-01542,NovaPulse Launch,Partner Referral,2024-07-17,Qualified Lead,Professional,56243.0,4,26,347,35,7,5718.52,0.0,5,0,US,0,Marketing
ACCT-080,LEAD-04220,Q3 Growth Sprint,Email,2024-05-15,Lead,Enterprise,59892.0,2,26,73,13,0,843.91,0.0,3,0,CA,0,Marketing
ACCT-012,LEAD-04141,NovaEdge Awareness,Partner Referral,2024-02-26,Qualified Lead,Professional,71613.0,1,26,426,127,42,3925.98,0.0,4,0,US,0,Marketing
ACCT-012,LEAD-01940,Q3 Growth Sprint,Organic Search,2024-01-13,Prospect,Professional,25252.0,2,26,1,4,6,3455.5,0.0,8,0,AU,0,Marketing
ACCT-012,LEAD-01506,Digital Retarget,Organic Search,2023-12-29,Opportunity,Professional,42160.0,3,26,48,45,20,853.99,308.3,6,1,ES,0,Marketing
ACCT-014,LEAD-06347,Digital Retarget,Organic Search,2023-12-28,Prospect,Starter,15862.0,2,26,1,4,10,3422.92,0.0,8,0,ES,0,Marketing
ACCT-012,LEAD-01361,Enterprise Expansion,Partner Referral,2023-12-03,Closed Won,Growth,82584.0,1,26,1076,103,68,13604.19,1792.42,1,1,ES,0,Marketing
ACCT-012,LEAD-09422,Q3 Growth Sprint,Email,2023-11-29,Lead,Professional,38360.0,2,26,36,42,10,1341.91,0.0,3,0,AU,0,Marketing
ACCT-081,LEAD-01081,NovaEdge Awareness,Paid Social,2023-09-19,Qualified Lead,Enterprise,75283.0,4,26,733,180,66,9663.08,0.0,4,0,SA,0,Marketing
ACCT-012,LEAD-07458,NovaPulse Launch,Organic Search,2023-08-27,Lead,Growth,34941.0,3,26,39,25,24,958.67,0.0,8,0,AU,0,Marketing
ACCT-030,LEAD-01012,Year-End Accelerator,Partner Referral,2023-08-10,Qualified Lead,Professional,61823.0,2,26,523,134,169,7520.64,0.0,7,0,AU,0,Marketing
ACCT-113,LEAD-05453,NovaPulse Launch,Partner Referral,2023-03-05,Closed Won,Growth,90226.0,1,26,1083,649,108,4946.97,5364.32,2,1,SA,0,Marketing
ACCT-058,LEAD-06818,Q3 Growth Sprint,Organic Search,2023-02-17,Qualified Lead,Professional,44989.0,2,26,98,106,106,3198.84,0.0,6,0,ES,0,Marketing
ACCT-030,LEAD-07807,NovaEdge Awareness,Organic Search,2023-02-17,Qualified Lead,Professional,44989.0,2,26,98,106,106,3331.65,0.0,6,0,ES,0,Marketing
ACCT-012,LEAD-07532,Q3 Growth Sprint,Organic Search,2023-02-03,Lead,Professional,43586.0,2,26,99,11,16,1079.39,0.0,8,0,DE,0,Marketing
ACCT-081,LEAD-08346,Q3 Growth Sprint,Paid Social,2023-01-22,Opportunity,Professional,32233.0,2,26,138,35,72,6376.73,513.3,9,1,ES,0,Marketing
ACCT-080,LEAD-05564,Q3 Growth Sprint,Paid Social,2023-01-11,Qualified Lead,Professional,62882.0,2,26,509,497,97,8763.63,0.0,4,0,AU,0,Marketing
ACCT-102,LEAD-03267,Enterprise Expansion,Partner Referral,2025-01-26,Closed Won,Growth,57288.0,2,27,527,21,60,5850.36,1080.69,6,1,CA,0,Marketing
ACCT-082,LEAD-03091,NovaEdge Awareness,Partner Referral,2024-11-28,Qualified Lead,Standard,75774.0,2,27,340,134,56,6419.14,0.0,4,0,SA,0,Marketing
ACCT-022,LEAD-00762,NovaPulse Launch,Partner Referral,2024-11-28,Qualified Lead,Standard,75774.0,2,27,340,134,56,11982.44,0.0,4,0,ES,0,Marketing
ACCT-012,LEAD-08029,NovaPulse Launch,Partner Referral,2024-11-25,Closed Won,Growth,90247.0,1,27,1184,352,16,8387.14,3070.52,1,1,US,0,Marketing
ACCT-012,LEAD-04376,Q3 Growth Sprint,Organic Search,2024-09-07,Lead,Standard,32218.0,1,27,10,15,30,1583.14,209.36,7,1,ES,0,Marketing
ACCT-012,LEAD-10981,NovaEdge Awareness,Partner Referral,2024-08-23,Qualified Lead,Professional,84219.0,1,27,434,400,45,8628.19,0.0,1,0,SA,0,Marketing
ACCT-012,LEAD-00486,NovaPulse Launch,Partner Referral,2024-08-23,Qualified Lead,Professional,84219.0,1,27,434,400,45,13021.36,0.0,1,0,CA,0,Marketing
ACCT-012,LEAD-01158,NovaPulse Launch,Organic Search,2024-07-24,Lead,Professional,48877.0,2,27,102,15,24,1787.44,0.0,7,0,ES,0,Marketing
ACCT-066,LEAD-09119,Digital Retarget,Partner Referral,2024-06-20,Qualified Lead,Professional,60905.0,2,27,208,76,38,14365.56,0.0,2,0,US,0,Marketing
ACCT-012,LEAD-06694,Year-End Accelerator,Partner Referral,2024-06-09,Qualified Lead,Professional,75236.0,2,27,438,400,114,14813.28,0.0,4,0,ES,0,Marketing
ACCT-081,LEAD-10573,Q3 Growth Sprint,Direct Mail,2024-06-02,Opportunity,Professional,62551.0,1,27,125,98,27,4500.92,659.41,3,1,IN,0,Marketing
ACCT-114,LEAD-10140,NovaEdge Awareness,Direct Mail,2024-04-07,Closed Won,Enterprise,70123.0,1,27,1308,396,0,3982.17,3256.6,3,1,IN,0,Marketing
ACCT-012,LEAD-02286,NovaPulse Launch,Organic Search,2024-03-19,Lead,Professional,50785.0,3,27,64,21,27,3881.94,0.0,6,0,CA,0,Marketing
ACCT-012,LEAD-08420,Q3 Growth Sprint,Email,2024-02-06,Lead,Standard,15315.0,1,27,7,13,17,2542.23,0.0,5,0,ES,0,Marketing
ACCT-012,LEAD-10065,Enterprise Expansion,Email,2024-02-06,Lead,Standard,15315.0,1,27,7,13,17,2503.15,0.0,5,0,ES,0,Marketing
ACCT-012,LEAD-01029,Enterprise Expansion,Email,2024-02-04,Qualified Lead,Enterprise,64413.0,2,27,200,44,20,846.0,0.0,5,0,ES,0,Marketing
ACCT-061,LEAD-04207,Q3 Growth Sprint,Partner Referral,2023-10-27,Closed Won,Enterprise,87171.0,1,27,1001,107,44,6000.04,2639.53,2,1,ES,0,Marketing
ACCT-012,LEAD-10277,Digital Retarget,Organic Search,2023-08-13,Prospect,Professional,30081.0,2,27,36,2,4,3559.41,0.0,7,0,ES,0,Marketing
ACCT-029,LEAD-04436,Q3 Growth Sprint,Organic Search,2023-08-12,Lead,Professional,20180.0,1,27,18,24,18,2440.89,0.0,7,0,ES,0,Marketing
ACCT-012,LEAD-02929,NovaEdge Awareness,Organic Search,2023-08-12,Lead,Professional,20180.0,1,27,18,24,18,859.06,0.0,7,0,ES,0,Marketing
ACCT-012,LEAD-06281,Q3 Growth Sprint,Paid Social,2023-08-05,Closed Won,Professional,55686.0,2,27,673,199,26,10458.92,2265.0,4,1,ES,0,Marketing
ACCT-030,LEAD-10390,Year-End Accelerator,Organic Search,2023-08-01,Prospect,Standard,26887.0,2,27,6,4,6,1497.72,0.0,6,0,ES,0,Marketing
ACCT-014,LEAD-02574,NovaPulse Launch,Partner Referral,2023-07-21,Closed Won,Enterprise,61996.0,2,27,1050,144,24,12157.4,1912.19,5,1,ES,0,Marketing
ACCT-012,LEAD-00709,NovaEdge Awareness,Partner Referral,2023-05-24,Qualified Lead,Professional,51537.0,2,27,787,204,92,13863.67,0.0,8,0,SA,0,Marketing
ACCT-012,LEAD-05955,Enterprise Expansion,Partner Referral,2023-04-30,Qualified Lead,Professional,72025.0,1,27,833,549,233,4768.18,0.0,3,0,ES,0,Marketing
ACCT-012,LEAD-08486,Q3 Growth Sprint,Paid Social,2023-03-10,Qualified Lead,Growth,30538.0,2,27,284,52,20,6374.73,0.0,10,0,ES,0,Marketing
ACCT-022,LEAD-10343,Digital Retarget,Partner Referral,2023-03-08,Qualified Lead,Standard,61618.0,1,27,605,399,205,14356.96,0.0,3,0,IN,0,Marketing
ACCT-109,LEAD-06652,Year-End Accelerator,Partner Referral,2025-01-09,Qualified Lead,Professional,77343.0,1,28,227,573,31,5664.46,0.0,1,0,CA,0,Marketing
ACCT-104,LEAD-08746,NovaPulse Launch,Partner Referral,2024-10-30,Closed Won,Professional,75433.0,2,28,800,297,57,8413.54,1965.5,6,1,ES,0,Marketing
ACCT-052,LEAD-04686,Year-End Accelerator,Partner Referral,2024-10-27,Closed Won,Enterprise,82571.0,1,28,861,558,79,3320.04,2139.93,2,1,ES,0,Marketing
ACCT-052,LEAD-03551,Digital Retarget,Email,2024-10-22,Lead,Growth,60033.0,2,28,62,57,48,1755.02,0.0,2,0,ES,0,Marketing
ACCT-081,LEAD-04338,Q3 Growth Sprint,Email,2024-10-18,Prospect,Professional,39062.0,2,28,23,9,12,1089.45,109.69,4,1,ES,0,Marketing
ACCT-012,LEAD-04444,Year-End Accelerator,Organic Search,2024-10-17,Lead,Professional,30023.0,2,28,11,16,21,1812.19,0.0,8,0,ES,0,Marketing
ACCT-012,LEAD-00498,NovaPulse Launch,Email,2024-08-23,Lead,Professional,30015.0,2,28,25,22,5,570.47,0.0,5,0,ES,0,Marketing
ACCT-012,LEAD-08230,Year-End Accelerator,Organic Search,2024-08-13,Lead,Professional,33228.0,2,28,22,31,5,3757.89,0.0,7,0,ES,0,Marketing
ACCT-027,LEAD-02826,NovaPulse Launch,Organic Search,2024-05-10,Prospect,Professional,22574.0,4,28,25,8,2,3437.12,0.0,7,0,ES,0,Marketing
ACCT-061,LEAD-06222,NovaPulse Launch,Organic Search,2024-05-10,Prospect,Professional,22574.0,4,28,25,8,2,2774.86,0.0,7,0,ES,0,Marketing
ACCT-080,LEAD-07352,Q3 Growth Sprint,Partner Referral,2024-05-02,Qualified Lead,Professional,55267.0,2,28,161,136,45,12496.57,0.0,3,0,CA,0,Marketing
ACCT-080,LEAD-10928,Q3 Growth Sprint,Partner Referral,2024-03-25,Qualified Lead,Professional,66886.0,2,28,315,62,146,4651.2,0.0,5,0,ES,0,Marketing
ACCT-012,LEAD-10736,Q3 Growth Sprint,Direct Mail,2024-03-21,Qualified Lead,Professional,72258.0,2,28,522,522,134,3364.72,0.0,2,0,CA,0,Marketing
ACCT-105,LEAD-10163,Digital Retarget,Paid Social,2024-03-19,Closed Won,Enterprise,82733.0,1,28,712,420,38,10297.62,2784.77,4,1,ES,0,Marketing
ACCT-049,LEAD-06168,NovaPulse Launch,Email,2024-01-17,Lead,Professional,45146.0,3,28,33,5,15,846.98,0.0,4,0,IN,0,Marketing
ACCT-002,LEAD-04656,Q3 Growth Sprint,Paid Social,2023-09-22,Closed Won,Standard,51250.0,2,28,342,230,40,9055.36,1266.06,9,1,SA,0,Marketing
ACCT-012,LEAD-00626,Q3 Growth Sprint,Email,2023-08-30,Prospect,Professional,32871.0,3,28,22,12,5,513.13,0.0,4,0,US,0,Marketing
ACCT-016,LEAD-03870,NovaPulse Launch,Partner Referral,2023-07-31,Qualified Lead,Standard,63855.0,1,28,359,314,89,3950.71,0.0,4,0,DE,0,Marketing
ACCT-004,LEAD-06299,Q3 Growth Sprint,Direct Mail,2023-06-19,Closed Won,Enterprise,42564.0,2,28,324,186,198,3163.51,1858.07,7,1,CA,0,Marketing
ACCT-012,LEAD-07798,Year-End Accelerator,Paid Social,2023-05-30,Qualified Lead,Standard,46344.0,2,28,233,57,91,7488.04,0.0,7,0,CA,0,Marketing
ACCT-012,LEAD-09973,NovaEdge Awareness,Partner Referral,2023-03-28,Qualified Lead,Professional,50437.0,3,28,370,92,4,11726.82,0.0,7,0,ES,0,Marketing
ACCT-012,LEAD-04299,Digital Retarget,Direct Mail,2023-02-27,Closed Won,Professional,70971.0,2,28,1001,572,17,4930.51,2453.79,7,1,ES,0,Marketing
ACCT-012,LEAD-10971,Q3 Growth Sprint,Paid Social,2023-02-08,Opportunity,Professional,37774.0,3,28,173,107,176,4881.02,752.78,9,1,ES,1,Marketing
ACCT-012,LEAD-09931,NovaEdge Awareness,Organic Search,2025-01-24,Prospect,Enterprise,4023.0,3,29,5,1,1,667.12,0.0,19,0,ES,0,Marketing
ACCT-012,LEAD-06679,NovaEdge Awareness,Email,2025-01-12,Prospect,Professional,33279.0,1,29,10,3,0,1549.56,0.0,3,0,ES,0,Marketing
ACCT-012,LEAD-05961,Enterprise Expansion,Email,2025-01-07,Lead,Professional,42693.0,2,29,8,20,16,2484.75,0.0,5,0,ES,0,Marketing
ACCT-110,LEAD-06255,Enterprise Expansion,Partner Referral,2025-01-02,Qualified Lead,Growth,70545.0,2,29,138,63,21,8485.36,0.0,2,0,AU,0,Marketing
ACCT-012,LEAD-08614,Year-End Accelerator,Partner Referral,2024-12-09,Qualified Lead,Professional,65486.0,2,29,245,125,14,4330.29,0.0,2,0,AU,0,Marketing
ACCT-006,LEAD-07828,Year-End Accelerator,Email,2024-11-26,Qualified Lead,Growth,77882.0,1,29,68,396,15,2762.87,0.0,1,0,SA,0,Marketing
ACCT-012,LEAD-01277,NovaPulse Launch,Partner Referral,2024-11-03,Closed Won,Professional,78468.0,1,29,434,388,34,10160.87,1226.25,4,1,US,0,Marketing
ACCT-061,LEAD-03595,NovaEdge Awareness,Partner Referral,2024-09-21,Qualified Lead,Professional,77226.0,2,29,631,239,21,9184.51,0.0,3,0,ES,0,Marketing
ACCT-030,LEAD-05735,Year-End Accelerator,Partner Referral,2024-09-04,Closed Won,Growth,90638.0,1,29,1156,915,96,5903.26,3501.29,1,1,ES,0,Marketing
ACCT-012,LEAD-05350,Year-End Accelerator,Partner Referral,2024-09-04,Closed Won,Growth,90638.0,1,29,1156,915,96,8150.87,5048.11,1,1,SA,0,Marketing
ACCT-012,LEAD-04137,Enterprise Expansion,Paid Social,2024-06-21,Qualified Lead,Professional,70666.0,1,29,398,367,30,4405.64,0.0,4,0,AU,0,Marketing
ACCT-084,LEAD-06357,Enterprise Expansion,Partner Referral,2024-06-01,Qualified Lead,Standard,59052.0,2,29,230,75,31,7998.81,0.0,5,0,SA,0,Marketing
ACCT-012,LEAD-09316,Year-End Accelerator,Organic Search,2024-05-15,Prospect,Starter,13084.0,1,29,2,7,10,2825.3,0.0,6,0,US,0,Marketing
ACCT-109,LEAD-03578,Q3 Growth Sprint,Partner Referral,2024-05-01,Qualified Lead,Professional,49160.0,2,29,122,43,15,4027.37,0.0,6,0,ES,0,Marketing
ACCT-034,LEAD-00153,Enterprise Expansion,Email,2024-04-28,Prospect,Professional,23272.0,1,29,19,6,12,2936.64,0.0,4,0,ES,0,Marketing
ACCT-033,LEAD-10524,NovaPulse Launch,Direct Mail,2023-12-20,Qualified Lead,Growth,49476.0,2,29,386,95,196,1939.92,0.0,2,0,CA,0,Marketing
ACCT-080,LEAD-01518,NovaPulse Launch,Paid Social,2023-12-17,Qualified Lead,Growth,62694.0,3,29,379,157,91,7260.59,0.0,7,0,ES,0,Marketing
ACCT-012,LEAD-02036,Q3 Growth Sprint,Partner Referral,2023-12-11,Qualified Lead,Enterprise,57906.0,2,29,243,119,15,9087.93,0.0,4,0,IN,0,Marketing
ACCT-042,LEAD-09495,Enterprise Expansion,Direct Mail,2023-11-04,Qualified Lead,Professional,71853.0,1,29,358,413,32,7924.15,0.0,1,0,ES,0,Marketing
ACCT-084,LEAD-02631,Enterprise Expansion,Direct Mail,2023-11-04,Qualified Lead,Professional,71853.0,1,29,358,413,32,5101.99,0.0,1,0,ES,0,Marketing
ACCT-019,LEAD-06312,NovaPulse Launch,Partner Referral,2023-09-08,Qualified Lead,Professional,65031.0,2,29,258,291,86,7685.44,0.0,7,0,DE,0,Marketing
ACCT-105,LEAD-00615,Enterprise Expansion,Paid Social,2023-09-01,Qualified Lead,Professional,30507.0,1,29,65,74,110,6701.35,0.0,7,0,ES,0,Marketing
ACCT-012,LEAD-04406,Q3 Growth Sprint,Paid Social,2023-07-05,Qualified Lead,Professional,67419.0,2,29,846,352,42,8356.71,0.0,5,0,CA,0,Marketing
ACCT-012,LEAD-10061,Digital Retarget,Partner Referral,2023-06-23,Qualified Lead,Professional,59462.0,2,29,724,143,196,14772.47,0.0,7,0,US,0,Marketing
ACCT-111,LEAD-10619,Year-End Accelerator,Partner Referral,2023-05-18,Closed Won,Professional,95529.0,1,29,770,890,24,6043.8,2430.02,3,1,SA,0,Marketing
ACCT-012,LEAD-04945,NovaEdge Awareness,Partner Referral,2023-04-19,Qualified Lead,Professional,53653.0,1,29,815,239,108,12462.24,0.0,6,0,ES,0,Marketing
ACCT-081,LEAD-01777,NovaEdge Awareness,Organic Search,2023-02-12,Lead,Starter,25965.0,1,29,2,11,11,1706.81,0.0,8,0,ES,0,Marketing
ACCT-012,LEAD-04023,Digital Retarget,Paid Social,2023-02-11,Opportunity,Professional,22979.0,2,29,16,19,22,9329.41,231.92,8,1,ES,0,Marketing
ACCT-101,LEAD-07922,Enterprise Expansion,Paid Social,2023-01-15,Closed Won,Enterprise,64950.0,2,29,819,72,63,9715.01,2082.45,7,1,SA,0,Marketing
ACCT-012,LEAD-10699,NovaEdge Awareness,Organic Search,2025-01-16,Lead,Professional,44322.0,2,30,46,40,3,1663.82,0.0,8,0,SA,0,Marketing
ACCT-012,LEAD-07516,Year-End Accelerator,Organic Search,2024-12-20,Prospect,Professional,30096.0,2,30,5,11,9,655.17,0.0,6,0,DE,0,Marketing
ACCT-012,LEAD-03129,Enterprise Expansion,Organic Search,2024-12-20,Prospect,Professional,30096.0,2,30,5,11,9,2411.05,0.0,6,0,ES,0,Marketing
ACCT-012,LEAD-05121,Q3 Growth Sprint,Paid Social,2024-10-14,Closed Won,Professional,56628.0,2,30,479,82,171,10135.09,1086.42,5,1,CA,0,Marketing
ACCT-012,LEAD-02186,NovaPulse Launch,Direct Mail,2024-10-02,Closed Won,Standard,82326.0,1,30,938,754,183,6564.43,4071.65,2,1,ES,0,Marketing
ACCT-029,LEAD-10548,NovaPulse Launch,Partner Referral,2024-10-01,Qualified Lead,Professional,71163.0,1,30,283,372,44,11344.67,0.0,1,0,DE,0,Marketing
ACCT-012,LEAD-06384,Q3 Growth Sprint,Partner Referral,2024-09-02,Closed Won,Professional,71022.0,2,30,909,278,242,10580.83,3276.44,8,1,US,0,Marketing
ACCT-061,LEAD-02625,Enterprise Expansion,Partner Referral,2024-06-01,Qualified Lead,Standard,42607.0,2,30,156,56,47,3757.21,0.0,3,0,SA,0,Marketing
ACCT-061,LEAD-01676,Q3 Growth Sprint,Email,2024-05-12,Qualified Lead,Professional,43057.0,2,30,213,44,5,2440.48,0.0,5,0,ES,0,Marketing
ACCT-005,LEAD-05534,Q3 Growth Sprint,Organic Search,2024-05-01,Opportunity,Growth,47808.0,2,30,123,26,72,2101.88,354.25,7,1,ES,0,Marketing
ACCT-081,LEAD-06859,NovaEdge Awareness,Paid Social,2024-04-18,Lead,Professional,29236.0,2,30,37,24,9,2438.06,0.0,9,0,ES,0,Marketing
ACCT-061,LEAD-00271,Q3 Growth Sprint,Direct Mail,2024-04-12,Opportunity,Professional,40590.0,3,30,154,50,37,2796.55,323.66,6,1,CA,0,Marketing
ACCT-080,LEAD-07699,Q3 Growth Sprint,Direct Mail,2024-04-12,Opportunity,Professional,40590.0,3,30,154,50,37,7566.91,482.46,6,1,CA,0,Marketing
ACCT-012,LEAD-07832,NovaPulse Launch,Paid Social,2024-03-04,Closed Won,Growth,77520.0,2,30,940,396,58,11891.23,2908.46,4,1,ES,0,Marketing
ACCT-012,LEAD-00938,Q3 Growth Sprint,Organic Search,2024-02-02,Lead,Professional,40211.0,3,30,51,7,25,1386.6,189.6,8,1,ES,0,Marketing
ACCT-012,LEAD-07873,NovaEdge Awareness,Partner Referral,2024-01-07,Qualified Lead,Enterprise,63516.0,3,30,141,114,5,5293.24,0.0,5,0,CA,0,Marketing
ACCT-012,LEAD-09967,NovaEdge Awareness,Partner Referral,2023-11-27,Qualified Lead,Professional,53034.0,3,30,160,196,50,7283.69,0.0,8,0,US,0,Marketing
ACCT-108,LEAD-01087,Digital Retarget,Paid Social,2023-11-19,Opportunity,Growth,22669.0,2,30,16,36,48,9808.42,402.32,9,1,ES,0,Marketing
ACCT-012,LEAD-08314,Year-End Accelerator,Partner Referral,2023-09-29,Closed Won,Professional,79908.0,1,30,557,761,111,6983.1,2413.14,2,1,ES,0,Marketing
ACCT-012,LEAD-03762,NovaPulse Launch,Partner Referral,2023-09-25,Closed Won,Enterprise,69867.0,1,30,196,512,54,7416.23,2179.61,1,1,SA,0,Marketing
ACCT-012,LEAD-10383,Digital Retarget,Partner Referral,2023-09-25,Closed Won,Professional,70287.0,1,30,295,482,40,11919.69,2582.79,3,1,AU,0,Marketing
ACCT-085,LEAD-06798,Digital Retarget,Partner Referral,2023-09-11,Opportunity,Professional,37070.0,3,30,231,137,39,7639.74,1067.71,7,1,SA,0,Marketing
ACCT-033,LEAD-04168,Digital Retarget,Partner Referral,2023-09-11,Opportunity,Professional,37070.0,3,30,231,137,39,8954.44,799.66,7,1,ES,0,Marketing
ACCT-061,LEAD-06690,NovaPulse Launch,Organic Search,2023-09-05,Lead,Growth,38179.0,3,30,38,22,20,3735.09,0.0,7,0,SA,0,Marketing
ACCT-083,LEAD-10602,NovaPulse Launch,Organic Search,2023-08-05,Lead,Professional,39922.0,2,30,29,59,36,2317.47,0.0,8,0,IN,0,Marketing
ACCT-080,LEAD-03220,Year-End Accelerator,Organic Search,2023-08-05,Lead,Professional,39922.0,2,30,29,59,36,3304.02,0.0,8,0,DE,0,Marketing
ACCT-012,LEAD-05424,NovaPulse Launch,Organic Search,2023-08-05,Lead,Professional,39922.0,2,30,29,59,36,3044.78,0.0,8,0,SA,0,Marketing
ACCT-070,LEAD-07488,NovaPulse Launch,Partner Referral,2023-07-11,Qualified Lead,Growth,64191.0,2,30,420,186,15,3947.12,0.0,3,0,ES,0,Marketing
ACCT-080,LEAD-05289,Enterprise Expansion,Email,2023-04-22,Lead,Standard,41658.0,3,30,8,12,29,2006.13,0.0,4,0,AU,0,Marketing
ACCT-012,LEAD-00347,Digital Retarget,Paid Social,2023-02-13,Qualified Lead,Professional,40780.0,2,30,229,71,34,10223.41,0.0,9,0,CA,0,Marketing
ACCT-012,LEAD-05236,NovaPulse Launch,Paid Social,2023-01-29,Closed Won,Professional,77568.0,2,30,1230,396,158,7454.74,3548.96,5,1,ES,0,Marketing
ACCT-061,LEAD-09478,Year-End Accelerator,Partner Referral,2023-01-17,Qualified Lead,Professional,66503.0,2,30,91,128,50,3960.83,0.0,3,0,ES,0,Marketing
ACCT-012,LEAD-00477,NovaPulse Launch,Partner Referral,2025-01-17,Closed Won,Professional,83512.0,1,31,1060,835,101,10931.03,3447.85,1,1,ES,0,Marketing
ACCT-012,LEAD-07411,NovaEdge Awareness,Organic Search,2025-01-04,Prospect,Enterprise,31686.0,3,31,11,5,1,2609.18,0.0,6,0,SA,0,Marketing
ACCT-012,LEAD-03107,Digital Retarget,Partner Referral,2024-11-28,Qualified Lead,Professional,71322.0,2,31,121,124,42,8113.39,0.0,2,0,AU,0,Marketing
ACCT-055,LEAD-07437,Enterprise Expansion,Email,2024-11-24,Prospect,Professional,27938.0,2,31,13,8,5,2224.41,0.0,3,0,AU,0,Marketing
ACCT-012,LEAD-00255,Enterprise Expansion,Organic Search,2024-10-23,Prospect,Professional,22263.0,3,31,17,2,2,1730.41,0.0,6,0,ES,1,Marketing
ACCT-012,LEAD-03790,Year-End Accelerator,Organic Search,2024-08-13,Prospect,Professional,34633.0,4,31,8,5,1,648.24,0.0,6,0,SA,0,Marketing
ACCT-012,LEAD-00749,Q3 Growth Sprint,Organic Search,2024-06-03,Opportunity,Professional,42162.0,2,31,46,59,27,3545.13,240.46,6,1,ES,0,Marketing
ACCT-012,LEAD-01503,Enterprise Expansion,Email,2023-12-02,Lead,Enterprise,162397.0,3,31,85,16,2,2995.38,0.0,1,0,ES,0,Marketing
ACCT-063,LEAD-08650,Year-End Accelerator,Email,2023-09-09,Prospect,Professional,54162.0,3,31,5,10,10,1186.39,0.0,4,0,ES,0,Marketing
ACCT-004,LEAD-00607,NovaEdge Awareness,Paid Social,2023-08-04,Qualified Lead,Standard,41769.0,2,31,302,131,27,11800.27,0.0,8,0,IN,0,Marketing
ACCT-014,LEAD-01008,Q3 Growth Sprint,Partner Referral,2023-06-06,Closed Won,Enterprise,44953.0,1,31,728,133,124,14374.85,1324.8,6,1,DE,0,Marketing
ACCT-012,LEAD-09396,NovaPulse Launch,Organic Search,2023-05-07,Prospect,Enterprise,37717.0,2,31,9,6,5,2731.29,0.0,9,0,SA,0,Marketing
ACCT-034,LEAD-00933,Enterprise Expansion,Organic Search,2023-05-07,Prospect,Enterprise,37717.0,2,31,9,6,5,1771.59,0.0,9,0,ES,0,Marketing
ACCT-014,LEAD-05710,Enterprise Expansion,Email,2023-03-20,Opportunity,Professional,40548.0,2,31,110,5,3,2502.74,249.99,5,1,AU,0,Marketing
ACCT-029,LEAD-02882,Q3 Growth Sprint,Partner Referral,2023-03-10,Qualified Lead,Standard,67893.0,2,31,711,142,47,14433.47,0.0,8,0,SA,0,Marketing
ACCT-012,LEAD-02379,Digital Retarget,Organic Search,2023-02-28,Closed Won,Professional,69267.0,1,31,778,499,146,999.73,3253.4,7,1,SA,0,Marketing
ACCT-049,LEAD-05342,Q3 Growth Sprint,Organic Search,2023-01-10,Prospect,Starter,9548.0,2,31,0,3,9,3234.59,0.0,8,0,CA,0,Marketing
ACCT-012,LEAD-03262,Digital Retarget,Partner Referral,2023-01-09,Closed Won,Professional,68281.0,1,31,995,417,41,3417.59,2130.65,5,1,ES,0,Marketing
ACCT-012,LEAD-05832,NovaPulse Launch,Partner Referral,2024-11-15,Qualified Lead,Standard,92556.0,1,32,493,352,28,12342.18,0.0,0,0,ES,0,Marketing
ACCT-065,LEAD-05025,Enterprise Expansion,Email,2024-07-11,Lead,Professional,48526.0,2,32,23,23,9,1415.82,0.0,3,0,ES,0,Marketing
ACCT-014,LEAD-00569,NovaPulse Launch,Partner Referral,2024-06-30,Closed Won,Professional,90273.0,1,32,704,853,111,7594.25,3857.4,2,1,ES,0,Marketing
ACCT-012,LEAD-03102,NovaPulse Launch,Organic Search,2024-04-27,Prospect,Standard,19414.0,2,32,2,12,7,2617.83,0.0,8,0,CA,0,Marketing
ACCT-015,LEAD-09449,Digital Retarget,Partner Referral,2024-04-14,Qualified Lead,Enterprise,79761.0,2,32,415,124,11,11148.74,0.0,3,0,SA,0,Marketing
ACCT-029,LEAD-08104,Year-End Accelerator,Organic Search,2024-02-13,Qualified Lead,Enterprise,53312.0,1,32,241,12,25,3820.88,0.0,7,0,ES,0,Marketing
ACCT-081,LEAD-00075,Enterprise Expansion,Paid Social,2024-01-27,Qualified Lead,Standard,41039.0,1,32,34,137,45,5720.13,0.0,8,0,US,0,Marketing
ACCT-047,LEAD-06421,NovaPulse Launch,Partner Referral,2024-01-03,Closed Won,Professional,88347.0,1,32,1050,555,118,12157.01,4117.94,1,1,ES,0,Marketing
ACCT-012,LEAD-03037,NovaEdge Awareness,Partner Referral,2023-12-20,Qualified Lead,Enterprise,50150.0,1,32,135,92,11,9353.52,0.0,5,0,CA,0,Marketing
ACCT-012,LEAD-04698,NovaPulse Launch,Partner Referral,2023-12-20,Qualified Lead,Enterprise,50150.0,1,32,135,92,11,7776.41,0.0,5,0,ES,0,Marketing
ACCT-066,LEAD-00948,NovaPulse Launch,Email,2023-11-11,Prospect,Professional,10245.0,2,32,4,7,13,2123.9,0.0,5,0,ES,0,Marketing
ACCT-012,LEAD-06177,Enterprise Expansion,Organic Search,2023-11-04,Lead,Enterprise,33454.0,2,32,76,56,23,1373.64,0.0,8,0,US,0,Marketing
ACCT-030,LEAD-03517,Digital Retarget,Organic Search,2023-11-01,Opportunity,Professional,40887.0,3,32,50,44,43,897.07,347.18,9,1,ES,0,Marketing
ACCT-066,LEAD-03491,Digital Retarget,Paid Social,2023-10-25,Qualified Lead,Professional,55914.0,2,32,384,364,232,6990.44,0.0,7,0,US,0,Marketing
ACCT-030,LEAD-07610,Q3 Growth Sprint,Paid Social,2023-10-13,Qualified Lead,Professional,37292.0,2,32,275,86,66,5869.87,0.0,8,0,ES,0,Marketing
ACCT-081,LEAD-04377,Q3 Growth Sprint,Paid Social,2023-06-25,Closed Won,Professional,52914.0,2,32,254,44,227,7616.73,885.68,7,1,CA,0,Marketing
ACCT-012,LEAD-09850,Year-End Accelerator,Organic Search,2023-05-13,Prospect,Standard,24884.0,2,32,3,7,3,1411.01,0.0,7,0,ES,0,Marketing
ACCT-012,LEAD-05544,Enterprise Expansion,Direct Mail,2023-04-23,Closed Won,Professional,67384.0,2,32,957,175,107,4400.78,3717.96,5,1,ES,0,Marketing
ACCT-066,LEAD-06497,Digital Retarget,Paid Social,2023-04-19,Qualified Lead,Professional,51651.0,2,32,293,23,92,4855.77,0.0,8,0,AU,0,Marketing
ACCT-059,LEAD-04543,Year-End Accelerator,Partner Referral,2023-04-12,Closed Won,Professional,82497.0,1,32,777,573,203,13997.75,3528.2,4,1,SA,0,Marketing
ACCT-061,LEAD-05117,Digital Retarget,Partner Referral,2023-01-04,Qualified Lead,Standard,32632.0,1,32,63,137,53,4471.65,0.0,5,0,ES,0,Marketing
ACCT-012,LEAD-01448,Q3 Growth Sprint,Email,2025-01-26,Lead,Growth,33562.0,4,33,21,12,3,2632.07,0.0,4,0,IN,0,Marketing
ACCT-080,LEAD-06887,Digital Retarget,Partner Referral,2024-11-20,Qualified Lead,Professional,79146.0,3,33,245,223,16,8424.51,0.0,6,0,DE,0,Marketing
ACCT-012,LEAD-07500,NovaPulse Launch,Partner Referral,2024-11-20,Qualified Lead,Professional,79146.0,3,33,245,223,16,13784.15,0.0,6,0,ES,0,Marketing
ACCT-012,LEAD-02724,NovaPulse Launch,Email,2024-10-23,Prospect,Growth,36143.0,2,33,12,1,6,1612.78,0.0,3,0,ES,0,Marketing
ACCT-068,LEAD-02256,NovaPulse Launch,Organic Search,2024-10-22,Prospect,Growth,27159.0,3,33,17,3,1,807.27,0.0,6,0,ES,0,Marketing
ACCT-012,LEAD-01100,Q3 Growth Sprint,Email,2024-10-17,Lead,Growth,41275.0,4,33,24,22,9,2204.82,0.0,5,0,CA,0,Marketing
ACCT-012,LEAD-07725,Enterprise Expansion,Partner Referral,2024-09-29,Qualified Lead,Standard,76800.0,1,33,173,255,81,13146.25,0.0,1,0,IN,0,Marketing
ACCT-061,LEAD-02612,NovaPulse Launch,Partner Referral,2024-07-11,Closed Won,Professional,75794.0,1,33,754,625,48,6835.05,2778.08,3,1,SA,0,Marketing
ACCT-012,LEAD-00113,Digital Retarget,Email,2024-01-18,Prospect,Professional,30833.0,3,33,11,7,6,662.35,0.0,5,0,ES,0,Marketing
ACCT-012,LEAD-02868,Digital Retarget,Organic Search,2023-10-02,Lead,Enterprise,26518.0,3,33,20,28,2,2397.6,134.45,8,1,US,0,Marketing
ACCT-012,LEAD-04216,NovaPulse Launch,Partner Referral,2023-08-14,Closed Won,Professional,91065.0,1,33,822,108,114,13216.34,3132.77,3,1,ES,0,Marketing
ACCT-067,LEAD-00199,Enterprise Expansion,Partner Referral,2023-07-09,Opportunity,Growth,45183.0,1,33,219,60,12,14127.89,639.14,7,1,CA,0,Marketing
ACCT-012,LEAD-00359,Digital Retarget,Paid Social,2023-07-01,Qualified Lead,Professional,48070.0,2,33,373,83,19,9936.96,0.0,7,0,ES,1,Marketing
ACCT-012,LEAD-08842,Year-End Accelerator,Organic Search,2023-06-11,Prospect,Professional,30372.0,3,33,15,12,7,2280.65,0.0,7,0,ES,0,Marketing
ACCT-012,LEAD-02154,NovaPulse Launch,Organic Search,2023-06-11,Prospect,Professional,30372.0,3,33,15,12,7,924.77,0.0,7,0,ES,0,Marketing
ACCT-012,LEAD-06050,Q3 Growth Sprint,Partner Referral,2023-05-26,Closed Won,Standard,57036.0,2,33,1171,219,47,5411.76,2088.76,9,1,IN,0,Marketing
ACCT-012,LEAD-09204,NovaPulse Launch,Partner Referral,2023-02-17,Qualified Lead,Professional,66731.0,2,33,371,194,141,12484.48,0.0,3,0,ES,0,Marketing
ACCT-012,LEAD-04472,Q3 Growth Sprint,Email,2025-01-28,Lead,Enterprise,35682.0,2,34,23,8,18,565.71,0.0,2,0,AU,0,Marketing
ACCT-016,LEAD-06864,NovaPulse Launch,Email,2024-12-20,Prospect,Growth,10979.0,1,34,8,10,4,1885.05,0.0,5,0,AU,0,Marketing
ACCT-012,LEAD-10617,Enterprise Expansion,Email,2024-12-20,Prospect,Growth,10979.0,1,34,8,10,4,1422.28,0.0,5,0,ES,0,Marketing
ACCT-080,LEAD-03924,Enterprise Expansion,Partner Referral,2024-10-09,Closed Won,Enterprise,57912.0,2,34,801,80,35,12643.94,1756.1,5,1,SA,0,Marketing
ACCT-039,LEAD-05654,Q3 Growth Sprint,Organic Search,2024-10-08,Lead,Professional,36026.0,4,34,20,10,17,2641.82,0.0,6,0,AU,0,Marketing
ACCT-076,LEAD-09216,NovaPulse Launch,Organic Search,2024-08-13,Prospect,Professional,35788.0,3,34,23,11,4,801.75,0.0,6,0,CA,0,Marketing
ACCT-012,LEAD-08086,Year-End Accelerator,Organic Search,2024-06-27,Lead,Professional,42243.0,3,34,48,2,5,1582.52,0.0,7,0,SA,0,Marketing
ACCT-011,LEAD-09097,NovaEdge Awareness,Partner Referral,2024-05-16,Qualified Lead,Professional,46086.0,2,34,244,32,50,14995.14,0.0,4,0,ES,0,Marketing
ACCT-111,LEAD-07631,Digital Retarget,Partner Referral,2024-04-16,Qualified Lead,Growth,61346.0,2,34,562,168,142,11626.44,0.0,3,0,IN,0,Marketing
ACCT-012,LEAD-07275,Enterprise Expansion,Organic Search,2024-04-14,Lead,Growth,33316.0,3,34,79,31,12,2339.93,0.0,6,0,US,0,Marketing
ACCT-031,LEAD-08334,NovaPulse Launch,Organic Search,2024-04-14,Lead,Growth,33316.0,3,34,79,31,12,3192.08,0.0,6,0,ES,0,Marketing
ACCT-068,LEAD-01987,NovaEdge Awareness,Organic Search,2024-04-04,Lead,Starter,21063.0,2,34,1,11,15,3381.69,0.0,6,0,ES,0,Marketing
ACCT-071,LEAD-02281,Q3 Growth Sprint,Organic Search,2024-03-24,Prospect,Professional,33697.0,2,34,4,7,11,758.13,68.99,7,1,DE,0,Marketing
ACCT-014,LEAD-07034,Q3 Growth Sprint,Organic Search,2024-03-09,Lead,Standard,25804.0,2,34,8,9,12,2748.19,0.0,8,0,CA,0,Marketing
ACCT-012,LEAD-02797,NovaEdge Awareness,Partner Referral,2024-02-25,Qualified Lead,Professional,72117.0,2,34,707,171,50,8399.69,0.0,5,0,ES,0,Marketing
ACCT-082,LEAD-03934,Year-End Accelerator,Partner Referral,2024-02-05,Qualified Lead,Professional,61286.0,2,34,356,107,117,11161.31,0.0,5,0,IN,0,Marketing
ACCT-029,LEAD-02493,Enterprise Expansion,Partner Referral,2024-02-05,Qualified Lead,Professional,61286.0,2,34,356,107,117,7134.18,0.0,5,0,DE,0,Marketing
ACCT-080,LEAD-03759,Q3 Growth Sprint,Partner Referral,2024-01-27,Closed Won,Professional,65196.0,3,34,743,181,200,13535.52,2557.56,5,1,ES,0,Marketing
ACCT-062,LEAD-00965,Digital Retarget,Partner Referral,2023-04-26,Qualified Lead,Professional,55635.0,2,34,235,164,27,10677.53,0.0,6,0,US,0,Marketing
ACCT-061,LEAD-07378,Q3 Growth Sprint,Paid Social,2023-02-04,Closed Won,Growth,42021.0,2,34,393,136,27,3819.63,1407.37,9,1,ES,0,Marketing
ACCT-030,LEAD-01859,Digital Retarget,Paid Social,2023-01-31,Closed Won,Growth,75251.0,1,34,721,925,18,6326.18,4505.62,5,1,DE,0,Marketing
ACCT-012,LEAD-06263,Digital Retarget,Organic Search,2023-01-26,Lead,Professional,35322.0,4,34,28,37,13,693.94,0.0,8,0,ES,0,Marketing
ACCT-014,LEAD-02072,Q3 Growth Sprint,Partner Referral,2023-01-19,Closed Won,Enterprise,53374.0,2,34,896,101,34,4489.93,1488.45,9,1,CA,0,Marketing
ACCT-080,LEAD-08908,Digital Retarget,Direct Mail,2024-12-05,Closed Won,Professional,87195.0,1,35,217,690,38,2570.27,1776.55,1,1,CA,0,Marketing
ACCT-081,LEAD-00738,NovaPulse Launch,Organic Search,2024-10-29,Lead,Standard,42395.0,3,35,48,57,25,2982.66,0.0,7,0,IN,0,Marketing
ACCT-012,LEAD-10129,Year-End Accelerator,Partner Referral,2024-10-04,Closed Won,Professional,82427.0,1,35,482,509,107,7152.28,3528.14,1,1,ES,0,Marketing
ACCT-012,LEAD-00807,Enterprise Expansion,Paid Social,2024-09-07,Qualified Lead,Growth,44602.0,3,35,167,89,34,10949.26,0.0,8,0,IN,0,Marketing
ACCT-029,LEAD-03334,NovaPulse Launch,Partner Referral,2024-09-03,Closed Won,Professional,94642.0,1,35,879,797,143,13151.2,3373.51,1,1,ES,0,Marketing
ACCT-012,LEAD-05423,Digital Retarget,Organic Search,2024-05-09,Prospect,Professional,28359.0,2,35,6,5,2,2722.7,0.0,7,0,SA,0,Marketing
ACCT-012,LEAD-04426,NovaPulse Launch,Paid Social,2024-04-01,Closed Won,Professional,55801.0,3,35,367,51,95,7508.41,718.15,7,1,US,0,Marketing
ACCT-014,LEAD-10489,NovaPulse Launch,Partner Referral,2024-02-24,Closed Won,Professional,92955.0,1,35,693,925,84,6633.9,3366.68,2,1,SA,0,Marketing
ACCT-029,LEAD-02570,NovaEdge Awareness,Paid Social,2024-01-25,Closed Won,Professional,56534.0,2,35,691,61,46,7025.73,1156.67,8,1,ES,0,Marketing
ACCT-012,LEAD-03834,NovaPulse Launch,Partner Referral,2023-09-08,Qualified Lead,Professional,69627.0,2,35,231,215,53,14299.28,0.0,5,0,US,0,Marketing
ACCT-012,LEAD-00590,Digital Retarget,Direct Mail,2023-06-07,Closed Won,Growth,78579.0,1,35,816,549,99,2502.26,3726.11,3,1,ES,0,Marketing
ACCT-054,LEAD-04791,Enterprise Expansion,Organic Search,2023-06-01,Prospect,Professional,44964.0,3,35,19,17,2,3022.21,0.0,8,0,AU,0,Marketing
ACCT-012,LEAD-05304,NovaPulse Launch,Organic Search,2023-03-23,Prospect,Enterprise,30899.0,2,35,24,8,1,2617.99,0.0,6,0,SA,0,Marketing
ACCT-080,LEAD-02426,Digital Retarget,Partner Referral,2023-02-20,Closed Won,Enterprise,78825.0,1,35,483,114,18,13110.36,1729.77,3,1,ES,0,Marketing
ACCT-006,LEAD-00035,Digital Retarget,Organic Search,2023-02-13,Opportunity,Professional,25545.0,2,35,32,64,85,3388.33,259.75,6,1,ES,0,Marketing
ACCT-054,LEAD-08041,NovaEdge Awareness,Partner Referral,2023-02-13,Qualified Lead,Enterprise,47111.0,2,35,595,153,41,3545.54,0.0,9,0,SA,0,Marketing
ACCT-081,LEAD-03584,Q3 Growth Sprint,Direct Mail,2023-01-23,Closed Won,Enterprise,49667.0,1,35,1181,120,39,5669.45,2721.92,8,1,CA,0,Marketing
ACCT-034,LEAD-07718,Q3 Growth Sprint,Email,2024-11-15,Qualified Lead,Growth,66000.0,1,36,244,270,45,2127.82,0.0,1,0,ES,0,Marketing
ACCT-012,LEAD-08605,NovaEdge Awareness,Organic Search,2024-10-16,Lead,Enterprise,46910.0,3,36,48,14,6,3184.36,0.0,6,0,ES,0,Marketing
ACCT-008,LEAD-01646,Q3 Growth Sprint,Email,2024-10-08,Prospect,Starter,25224.0,2,36,4,12,8,1541.47,0.0,3,0,CA,0,Marketing
ACCT-012,LEAD-09206,Year-End Accelerator,Partner Referral,2024-07-26,Closed Won,Professional,77382.0,2,36,491,231,134,10667.89,2070.99,1,1,ES,0,Marketing
ACCT-012,LEAD-10757,Digital Retarget,Organic Search,2024-07-11,Prospect,Enterprise,28420.0,2,36,4,5,0,2695.07,0.0,6,0,ES,0,Marketing
ACCT-078,LEAD-06885,Enterprise Expansion,Organic Search,2024-06-16,Lead,Professional,32952.0,2,36,38,12,1,1513.85,0.0,7,0,CA,0,Marketing
ACCT-005,LEAD-00907,NovaEdge Awareness,Partner Referral,2024-06-14,Qualified Lead,Professional,46149.0,2,36,254,71,27,14479.8,0.0,5,0,ES,0,Marketing
ACCT-012,LEAD-01150,Year-End Accelerator,Direct Mail,2024-04-05,Closed Won,Enterprise,83532.0,1,36,755,562,224,4639.14,4162.01,1,1,ES,0,Marketing
ACCT-012,LEAD-03867,Enterprise Expansion,Partner Referral,2024-03-08,Qualified Lead,Enterprise,73059.0,2,36,410,420,71,11219.89,0.0,4,0,ES,0,Marketing
ACCT-012,LEAD-03859,NovaEdge Awareness,Partner Referral,2024-03-08,Qualified Lead,Enterprise,73059.0,2,36,410,420,71,6569.21,0.0,4,0,SA,0,Marketing
ACCT-012,LEAD-03265,NovaEdge Awareness,Organic Search,2023-09-10,Prospect,Professional,35701.0,1,36,21,9,5,755.41,0.0,6,0,ES,0,Marketing
ACCT-016,LEAD-04418,Digital Retarget,Partner Referral,2023-08-17,Closed Won,Growth,89616.0,1,36,671,655,15,3718.96,2912.32,2,1,CA,0,Marketing
ACCT-038,LEAD-04611,NovaPulse Launch,Partner Referral,2023-07-10,Closed Won,Professional,105471.0,1,36,1009,104,207,8811.01,2526.06,3,1,ES,0,Marketing
ACCT-001,LEAD-04530,NovaPulse Launch,Partner Referral,2023-04-04,Closed Won,Growth,78427.0,1,36,972,595,138,10279.92,3100.27,3,1,DE,0,Marketing
ACCT-012,LEAD-07736,Q3 Growth Sprint,Email,2023-04-02,Lead,Professional,22518.0,2,36,11,12,27,2295.91,131.42,5,1,ES,0,Marketing
ACCT-080,LEAD-09949,NovaEdge Awareness,Partner Referral,2023-03-29,Qualified Lead,Professional,59809.0,3,36,598,141,49,13329.33,0.0,8,0,CA,0,Marketing
ACCT-105,LEAD-00942,Digital Retarget,Paid Social,2023-01-10,Opportunity,Professional,39660.0,2,36,139,78,36,11753.74,409.63,9,1,ES,0,Marketing
ACCT-080,LEAD-06181,NovaEdge Awareness,Partner Referral,2023-01-02,Qualified Lead,Standard,52203.0,1,36,488,238,28,7446.48,0.0,6,0,US,0,Marketing
ACCT-012,LEAD-07660,Q3 Growth Sprint,Email,2024-12-17,Prospect,Enterprise,35860.0,3,37,15,8,20,1904.13,79.13,5,1,CA,0,Marketing
ACCT-012,LEAD-02055,Q3 Growth Sprint,Email,2024-12-17,Prospect,Enterprise,35860.0,3,37,15,8,20,1666.18,75.84,5,1,ES,0,Marketing
ACCT-015,LEAD-05107,Q3 Growth Sprint,Email,2024-12-17,Prospect,Enterprise,35860.0,3,37,15,8,20,1119.8,64.97,5,1,ES,0,Marketing
ACCT-012,LEAD-01626,Q3 Growth Sprint,Email,2024-12-17,Prospect,Enterprise,35860.0,3,37,15,8,20,1225.53,83.27,5,1,SA,0,Marketing
ACCT-012,LEAD-06428,Q3 Growth Sprint,Direct Mail,2024-11-29,Qualified Lead,Enterprise,76842.0,1,37,605,345,32,5499.95,0.0,0,0,ES,0,Marketing
ACCT-012,LEAD-09617,Digital Retarget,Email,2024-11-11,Prospect,Professional,15033.0,1,37,0,5,4,1120.68,0.0,3,0,SA,0,Marketing
ACCT-109,LEAD-04339,NovaEdge Awareness,Partner Referral,2024-07-19,Qualified Lead,Enterprise,67353.0,2,37,702,151,35,13383.69,0.0,2,0,AU,0,Marketing
ACCT-015,LEAD-07235,Digital Retarget,Email,2024-06-25,Prospect,Standard,17003.0,2,37,2,12,7,899.25,0.0,5,0,DE,0,Marketing
ACCT-070,LEAD-08527,NovaEdge Awareness,Partner Referral,2024-06-22,Qualified Lead,Growth,65735.0,3,37,239,119,11,6929.23,0.0,7,0,ES,0,Marketing
ACCT-012,LEAD-01968,NovaPulse Launch,Organic Search,2024-06-17,Prospect,Professional,45684.0,2,37,5,5,7,2521.9,0.0,7,0,SA,0,Marketing
ACCT-030,LEAD-09862,Year-End Accelerator,Organic Search,2024-05-28,Prospect,Professional,21918.0,2,37,1,7,3,1594.5,0.0,6,0,CA,0,Marketing
ACCT-068,LEAD-11075,Digital Retarget,Email,2024-05-11,Qualified Lead,Professional,51267.0,3,37,183,64,12,2407.8,0.0,4,0,CA,0,Marketing
ACCT-012,LEAD-06658,Year-End Accelerator,Partner Referral,2024-01-24,Qualified Lead,Professional,59868.0,2,37,771,154,154,8979.19,0.0,6,0,ES,0,Marketing
ACCT-052,LEAD-04552,Year-End Accelerator,Direct Mail,2023-12-23,Qualified Lead,Professional,51373.0,1,37,83,101,117,4845.71,0.0,4,0,ES,0,Marketing
ACCT-012,LEAD-10377,Enterprise Expansion,Paid Social,2023-12-05,Qualified Lead,Growth,46692.0,2,37,170,97,88,6987.6,0.0,6,0,ES,0,Marketing
ACCT-115,LEAD-05336,Q3 Growth Sprint,Email,2023-12-03,Lead,Growth,157733.0,2,37,39,9,8,1271.35,0.0,1,0,ES,0,Marketing
ACCT-066,LEAD-10350,NovaPulse Launch,Email,2023-11-05,Prospect,Enterprise,54432.0,4,37,33,5,0,557.94,0.0,4,0,ES,0,Marketing
ACCT-030,LEAD-11071,Digital Retarget,Partner Referral,2023-10-16,Closed Won,Professional,79607.0,1,37,450,951,216,14342.79,3571.16,1,1,CA,0,Marketing
ACCT-064,LEAD-11100,NovaPulse Launch,Organic Search,2023-10-05,Lead,Professional,51813.0,3,37,51,7,2,3883.4,0.0,7,0,CA,0,Marketing
ACCT-012,LEAD-06516,NovaPulse Launch,Organic Search,2023-09-09,Prospect,Starter,17487.0,2,37,0,1,6,1253.01,0.0,7,0,AU,0,Marketing
ACCT-054,LEAD-01734,NovaPulse Launch,Organic Search,2023-07-06,Lead,Enterprise,40706.0,4,37,59,11,5,1735.13,0.0,7,0,SA,0,Marketing
ACCT-030,LEAD-02131,NovaEdge Awareness,Paid Social,2023-06-16,Qualified Lead,Enterprise,62859.0,2,37,1063,102,25,2505.4,0.0,6,0,ES,0,Marketing
ACCT-012,LEAD-06439,NovaEdge Awareness,Paid Social,2023-01-20,Qualified Lead,Professional,61074.0,2,37,789,133,152,6948.94,0.0,7,0,SA,0,Marketing
ACCT-115,LEAD-10591,NovaEdge Awareness,Organic Search,2023-01-08,Qualified Lead,Professional,43638.0,2,37,63,83,19,3588.19,0.0,7,0,ES,0,Marketing
ACCT-068,LEAD-09797,Digital Retarget,Partner Referral,2024-11-08,Qualified Lead,Professional,58116.0,2,38,228,130,51,10851.12,0.0,2,0,ES,0,Marketing
ACCT-012,LEAD-09336,NovaPulse Launch,Partner Referral,2024-10-15,Qualified Lead,Enterprise,62187.0,2,38,512,83,41,8647.04,0.0,4,0,ES,0,Marketing
ACCT-012,LEAD-02174,Q3 Growth Sprint,Email,2024-09-29,Prospect,Professional,46344.0,3,38,11,6,6,1841.73,0.0,5,0,US,0,Marketing
ACCT-044,LEAD-03197,Digital Retarget,Partner Referral,2024-07-02,Qualified Lead,Professional,77353.0,2,38,275,107,59,13166.07,0.0,4,0,ES,0,Marketing
ACCT-012,LEAD-09185,Digital Retarget,Direct Mail,2024-05-10,Closed Won,Enterprise,69759.0,1,38,452,514,0,4301.03,2415.26,3,1,ES,0,Marketing
ACCT-012,LEAD-00905,Digital Retarget,Paid Social,2024-05-03,Lead,Professional,21846.0,2,38,7,18,26,9275.08,0.0,8,0,SA,0,Marketing
ACCT-080,LEAD-10858,Year-End Accelerator,Paid Social,2024-03-18,Qualified Lead,Professional,76532.0,3,38,355,177,30,9638.57,0.0,5,0,ES,0,Marketing
ACCT-014,LEAD-08925,Enterprise Expansion,Partner Referral,2024-01-03,Qualified Lead,Growth,70053.0,2,38,512,98,89,7391.25,0.0,5,0,ES,0,Marketing
ACCT-081,LEAD-02499,Enterprise Expansion,Partner Referral,2023-11-01,Qualified Lead,Standard,75342.0,2,38,204,97,26,7806.98,0.0,4,0,ES,0,Marketing
ACCT-052,LEAD-01109,Digital Retarget,Organic Search,2023-10-18,Prospect,Growth,27590.0,2,38,6,5,1,2495.99,0.0,7,0,ES,0,Marketing
ACCT-042,LEAD-00326,Q3 Growth Sprint,Partner Referral,2023-08-10,Qualified Lead,Professional,51148.0,3,38,235,45,12,5335.86,0.0,6,0,IN,0,Marketing
ACCT-036,LEAD-10967,Digital Retarget,Organic Search,2023-07-27,Lead,Professional,33378.0,3,38,33,40,10,2436.28,0.0,7,0,SA,0,Marketing
ACCT-012,LEAD-05370,Q3 Growth Sprint,Paid Social,2023-07-05,Opportunity,Enterprise,32644.0,2,38,239,141,23,2735.32,766.33,8,1,ES,0,Marketing
ACCT-012,LEAD-02098,Year-End Accelerator,Organic Search,2023-06-26,Prospect,Enterprise,33581.0,3,38,11,5,1,3175.41,0.0,8,0,ES,0,Marketing
ACCT-012,LEAD-01773,Enterprise Expansion,Organic Search,2023-05-19,Lead,Standard,12393.0,1,38,5,15,13,1479.02,0.0,9,0,SA,0,Marketing
ACCT-012,LEAD-05036,Q3 Growth Sprint,Direct Mail,2023-05-12,Qualified Lead,Enterprise,42710.0,2,38,252,42,102,7929.09,0.0,6,0,ES,0,Marketing
ACCT-107,LEAD-04856,NovaPulse Launch,Partner Referral,2023-04-18,Closed Won,Standard,82347.0,1,38,556,845,63,11164.78,2509.8,3,1,IN,0,Marketing
ACCT-115,LEAD-08722,NovaPulse Launch,Partner Referral,2023-04-18,Closed Won,Standard,82347.0,1,38,556,845,63,14700.99,3172.47,3,1,CA,0,Marketing
ACCT-012,LEAD-02156,Q3 Growth Sprint,Email,2023-04-15,Prospect,Enterprise,22554.0,3,38,27,10,4,2487.24,0.0,5,0,ES,0,Marketing
ACCT-114,LEAD-02569,NovaEdge Awareness,Organic Search,2023-03-20,Prospect,Professional,17323.0,1,38,3,17,5,1686.8,0.0,8,0,US,0,Marketing
ACCT-066,LEAD-10151,Digital Retarget,Partner Referral,2023-02-17,Qualified Lead,Professional,62204.0,3,38,317,247,139,14267.38,0.0,3,0,ES,0,Marketing
ACCT-012,LEAD-10473,Enterprise Expansion,Partner Referral,2023-02-15,Closed Won,Enterprise,78028.0,2,38,158,288,38,12059.58,770.23,7,1,ES,0,Marketing
ACCT-012,LEAD-07079,Digital Retarget,Partner Referral,2023-02-13,Qualified Lead,Professional,63887.0,2,38,897,207,92,9109.47,0.0,6,0,SA,0,Marketing
ACCT-107,LEAD-06875,Digital Retarget,Paid Social,2023-02-01,Qualified Lead,Enterprise,32727.0,1,38,167,180,70,7000.78,0.0,8,0,CA,0,Marketing
ACCT-032,LEAD-06728,Q3 Growth Sprint,Organic Search,2023-01-31,Prospect,Professional,29103.0,2,38,16,17,6,658.56,0.0,9,0,ES,0,Marketing
ACCT-012,LEAD-02471,Digital Retarget,Partner Referral,2025-01-28,Qualified Lead,Professional,61482.0,1,39,48,68,43,4644.44,0.0,2,0,SA,0,Marketing
ACCT-012,LEAD-00049,NovaEdge Awareness,Organic Search,2024-12-08,Prospect,Professional,20587.0,2,39,2,6,9,1665.64,0.0,7,0,CA,0,Marketing
ACCT-032,LEAD-04973,Digital Retarget,Organic Search,2024-12-08,Prospect,Professional,20587.0,2,39,2,6,9,2158.1,0.0,7,0,CA,0,Marketing
ACCT-081,LEAD-06387,Q3 Growth Sprint,Email,2024-12-05,Lead,Enterprise,52190.0,3,39,42,17,18,1642.47,153.09,5,1,SA,0,Marketing
ACCT-030,LEAD-05866,Year-End Accelerator,Organic Search,2024-10-13,Qualified Lead,Professional,48186.0,2,39,97,66,34,2304.27,0.0,7,0,ES,0,Marketing
ACCT-002,LEAD-08523,Enterprise Expansion,Paid Social,2024-06-30,Lead,Professional,19329.0,2,39,24,16,5,5279.66,0.0,8,0,CA,0,Marketing
ACCT-005,LEAD-07901,Digital Retarget,Email,2024-05-20,Prospect,Growth,34109.0,2,39,9,5,4,2032.67,0.0,4,0,AU,0,Marketing
ACCT-029,LEAD-00898,Year-End Accelerator,Organic Search,2024-05-02,Lead,Professional,23477.0,2,39,38,54,29,1068.76,0.0,8,0,ES,0,Marketing
ACCT-101,LEAD-10242,NovaPulse Launch,Email,2024-03-25,Lead,Enterprise,47472.0,3,39,56,11,8,2976.54,0.0,5,0,ES,0,Marketing
ACCT-104,LEAD-05835,Enterprise Expansion,Organic Search,2024-01-02,Lead,Enterprise,14849.0,2,39,21,28,9,3087.62,0.0,8,0,ES,0,Marketing
ACCT-012,LEAD-06919,NovaEdge Awareness,Organic Search,2023-12-03,Lead,Standard,26224.0,2,39,4,15,15,1547.32,0.0,6,0,ES,0,Marketing
ACCT-061,LEAD-06197,Digital Retarget,Organic Search,2023-10-15,Lead,Enterprise,27238.0,3,39,37,17,3,1677.31,0.0,9,0,ES,0,Marketing
ACCT-012,LEAD-10475,Digital Retarget,Partner Referral,2023-09-24,Qualified Lead,Growth,,2,39,187,65,14,12939.47,0.0,5,0,US,0,Marketing
ACCT-080,LEAD-04201,NovaEdge Awareness,Partner Referral,2023-08-24,Qualified Lead,Professional,57967.0,2,39,229,137,91,9388.08,0.0,5,0,IN,0,Marketing
ACCT-012,LEAD-05092,Enterprise Expansion,Partner Referral,2023-08-03,Opportunity,Enterprise,51569.0,2,39,380,47,34,11504.88,742.4,8,1,ES,0,Marketing
ACCT-081,LEAD-06566,Q3 Growth Sprint,Partner Referral,2023-04-20,Qualified Lead,Enterprise,72550.0,3,39,826,317,38,12788.99,0.0,8,0,AU,0,Marketing
ACCT-012,LEAD-06613,NovaEdge Awareness,Partner Referral,2023-03-22,Qualified Lead,Growth,44511.0,2,39,513,133,14,7420.29,0.0,8,0,AU,0,Marketing
ACCT-101,LEAD-09094,Digital Retarget,Paid Social,2023-01-05,Closed Won,Standard,62972.0,2,39,313,47,192,8738.06,1452.16,6,1,ES,0,Marketing
ACCT-012,LEAD-09847,NovaEdge Awareness,Paid Social,2023-01-05,Qualified Lead,Standard,62972.0,2,39,313,47,192,7837.02,0.0,6,0,ES,0,Marketing
ACCT-012,LEAD-10767,NovaPulse Launch,Partner Referral,2024-12-14,Closed Won,Enterprise,77845.0,1,40,760,480,26,12561.06,2884.37,1,1,US,0,Marketing
ACCT-012,LEAD-07943,Digital Retarget,Email,2024-11-21,Prospect,Enterprise,36663.0,2,40,18,6,5,2220.11,0.0,2,0,SA,0,Marketing
ACCT-028,LEAD-01055,Digital Retarget,Email,2024-10-13,Prospect,Growth,53204.0,3,40,29,8,6,566.62,0.0,4,0,DE,0,Marketing
ACCT-081,LEAD-01458,NovaPulse Launch,Organic Search,2024-07-26,Prospect,Growth,21059.0,2,40,8,19,8,2161.07,0.0,6,0,ES,0,Marketing
ACCT-012,LEAD-08402,Q3 Growth Sprint,Partner Referral,2024-07-03,Qualified Lead,Growth,67087.0,2,40,329,222,43,14604.85,0.0,4,0,AU,0,Marketing
ACCT-012,LEAD-06246,Digital Retarget,Direct Mail,2024-05-27,Closed Won,Professional,73892.0,1,40,703,601,43,6588.88,3328.98,1,1,CA,0,Marketing
ACCT-012,LEAD-04654,Year-End Accelerator,Direct Mail,2024-05-21,Qualified Lead,Professional,75114.0,1,40,571,523,24,5254.62,0.0,2,0,SA,0,Marketing
ACCT-012,LEAD-06103,NovaEdge Awareness,Email,2024-03-14,Lead,Professional,42192.0,1,40,40,15,7,2303.5,0.0,4,0,AU,0,Marketing
ACCT-114,LEAD-08147,Digital Retarget,Organic Search,2024-01-07,Prospect,Professional,31454.0,3,40,28,11,9,2542.33,0.0,8,0,ES,0,Marketing
ACCT-081,LEAD-10207,NovaEdge Awareness,Organic Search,2023-12-19,Prospect,Professional,22775.0,2,40,5,8,1,1096.79,0.0,8,0,SA,0,Marketing
ACCT-049,LEAD-04838,Q3 Growth Sprint,Organic Search,2023-12-19,Prospect,Professional,22775.0,2,40,5,8,1,2701.59,0.0,8,0,IN,0,Marketing
ACCT-081,LEAD-10219,NovaEdge Awareness,Organic Search,2023-12-18,Prospect,Professional,31590.0,2,40,6,15,3,2669.08,0.0,8,0,CA,0,Marketing
ACCT-012,LEAD-02176,NovaPulse Launch,Partner Referral,2023-11-17,Closed Won,Professional,80134.0,2,40,1218,272,80,13094.01,2352.66,6,1,SA,0,Marketing
ACCT-030,LEAD-09121,NovaPulse Launch,Partner Referral,2023-11-17,Closed Won,Professional,80134.0,2,40,1218,272,80,11168.72,2097.36,6,1,AU,0,Marketing
ACCT-059,LEAD-05802,NovaPulse Launch,Organic Search,2023-08-20,Lead,Starter,14188.0,1,40,2,11,27,3818.72,0.0,6,0,DE,0,Marketing
ACCT-012,LEAD-10790,Q3 Growth Sprint,Organic Search,2023-08-11,Prospect,Enterprise,18169.0,2,40,9,5,7,884.63,0.0,8,0,ES,0,Marketing
ACCT-012,LEAD-00178,Year-End Accelerator,Partner Referral,2023-08-10,Qualified Lead,Professional,62503.0,2,40,478,193,117,3227.25,0.0,5,0,ES,0,Marketing
ACCT-012,LEAD-02308,Year-End Accelerator,Paid Social,2023-05-01,Qualified Lead,Professional,46734.0,2,40,110,137,29,5136.92,0.0,7,0,ES,0,Marketing
ACCT-030,LEAD-07431,Enterprise Expansion,Paid Social,2023-04-23,Closed Won,Enterprise,68126.0,1,40,1332,311,86,3514.31,3817.72,9,1,CA,0,Marketing
ACCT-061,LEAD-09405,Digital Retarget,Organic Search,2023-03-25,Opportunity,Enterprise,52869.0,3,40,84,61,21,1936.32,379.68,7,1,SA,0,Marketing
ACCT-012,LEAD-10525,Q3 Growth Sprint,Organic Search,2023-03-23,Prospect,Professional,26576.0,2,40,10,8,9,3721.82,63.04,9,1,ES,0,Marketing
ACCT-012,LEAD-07503,Q3 Growth Sprint,Partner Referral,2023-03-22,Closed Won,Professional,75825.0,1,40,1032,779,51,11830.05,2829.65,4,1,DE,0,Marketing
ACCT-012,LEAD-08783,Digital Retarget,Partner Referral,2023-02-13,Qualified Lead,Professional,57045.0,2,40,296,104,17,4656.99,0.0,3,0,AU,0,Marketing
ACCT-012,LEAD-01403,Digital Retarget,Organic Search,2023-02-11,Prospect,Standard,34984.0,3,40,8,15,3,1225.7,0.0,7,0,ES,0,Marketing
ACCT-012,LEAD-04643,Digital Retarget,Organic Search,2023-01-30,Lead,Professional,27803.0,2,40,8,46,49,1637.67,0.0,8,0,AU,0,Marketing
ACCT-004,LEAD-03463,NovaEdge Awareness,Partner Referral,2025-01-14,Qualified Lead,Enterprise,69283.0,2,41,674,134,8,10946.72,0.0,5,0,IN,0,Marketing
ACCT-012,LEAD-04055,Digital Retarget,Organic Search,2024-12-28,Lead,Starter,18746.0,2,41,2,11,20,2339.17,0.0,6,0,ES,0,Marketing
ACCT-012,LEAD-07010,Year-End Accelerator,Partner Referral,2024-11-01,Closed Won,Standard,70924.0,1,41,635,254,76,6765.03,1942.46,3,1,ES,0,Marketing
ACCT-081,LEAD-04767,Year-End Accelerator,Partner Referral,2024-11-01,Closed Won,Standard,70924.0,1,41,635,254,76,13945.49,2242.17,3,1,ES,0,Marketing
ACCT-014,LEAD-01927,NovaEdge Awareness,Email,2024-10-16,Qualified Lead,Standard,69401.0,2,41,399,159,39,1385.72,0.0,2,0,DE,0,Marketing
ACCT-061,LEAD-00437,Digital Retarget,Partner Referral,2024-08-15,Qualified Lead,Growth,75012.0,1,41,294,218,151,12263.88,0.0,1,0,AU,0,Marketing
ACCT-012,LEAD-04331,Enterprise Expansion,Partner Referral,2024-08-13,Closed Won,Growth,85738.0,1,41,913,376,13,11651.09,2791.77,1,1,ES,0,Marketing
ACCT-080,LEAD-04084,Year-End Accelerator,Partner Referral,2024-08-06,Qualified Lead,Professional,60934.0,2,41,224,155,54,11319.76,0.0,4,0,CA,0,Marketing
ACCT-012,LEAD-08135,Digital Retarget,Organic Search,2024-05-10,Lead,Growth,27161.0,2,41,7,23,11,2635.27,0.0,7,0,SA,0,Marketing
ACCT-012,LEAD-09750,NovaPulse Launch,Paid Social,2023-07-29,Qualified Lead,Enterprise,64325.0,2,41,731,353,73,3922.64,0.0,7,0,ES,0,Marketing
ACCT-014,LEAD-06682,Year-End Accelerator,Organic Search,2023-05-26,Prospect,Starter,18978.0,2,41,2,1,15,1362.82,0.0,8,0,ES,0,Marketing
ACCT-081,LEAD-10581,Enterprise Expansion,Paid Social,2023-04-12,Qualified Lead,Professional,41124.0,2,41,281,84,119,7580.87,0.0,8,0,ES,0,Marketing
ACCT-114,LEAD-03710,Digital Retarget,Organic Search,2023-03-22,Lead,Enterprise,39684.0,2,41,19,35,17,1287.03,199.65,7,1,ES,1,Marketing
ACCT-012,LEAD-05207,Digital Retarget,Paid Social,2023-03-02,Closed Won,Enterprise,53378.0,3,41,489,152,132,4976.15,1249.53,8,1,ES,0,Marketing
ACCT-012,LEAD-09360,NovaPulse Launch,Organic Search,2023-01-10,Qualified Lead,Professional,37040.0,1,41,86,73,48,1225.47,0.0,8,0,US,0,Marketing
ACCT-012,LEAD-04679,Digital Retarget,Partner Referral,2024-12-21,Qualified Lead,Growth,78710.0,2,42,721,152,50,11459.86,0.0,4,0,ES,0,Marketing
ACCT-005,LEAD-01340,NovaPulse Launch,Partner Referral,2024-11-20,Closed Won,Professional,92910.0,1,42,551,792,33,6804.49,2967.93,1,1,ES,0,Marketing
ACCT-012,LEAD-10839,Enterprise Expansion,Email,2024-11-09,Prospect,Professional,36283.0,3,42,6,5,5,2834.25,0.0,4,0,CA,0,Marketing
ACCT-012,LEAD-05303,Digital Retarget,Partner Referral,2024-11-02,Qualified Lead,Enterprise,79632.0,1,42,471,510,12,12544.86,0.0,2,0,SA,0,Marketing
ACCT-012,LEAD-09829,NovaEdge Awareness,Organic Search,2024-09-03,Lead,Professional,28587.0,2,42,22,17,13,1457.1,0.0,6,0,ES,0,Marketing
ACCT-012,LEAD-10469,Digital Retarget,Partner Referral,2024-08-27,Qualified Lead,Professional,88325.0,1,42,519,860,53,4462.49,0.0,2,0,IN,0,Marketing
ACCT-012,LEAD-03602,Q3 Growth Sprint,Email,2024-07-19,Lead,Growth,51412.0,2,42,140,29,14,2191.56,0.0,4,0,ES,0,Marketing
ACCT-012,LEAD-04756,Digital Retarget,Partner Referral,2024-07-07,Closed Won,Standard,63998.0,1,42,176,818,112,7556.33,2889.88,4,1,ES,0,Marketing
ACCT-012,LEAD-08181,Enterprise Expansion,Paid Social,2024-03-22,Lead,Standard,38593.0,2,42,51,49,24,10183.77,0.0,8,0,ES,0,Marketing
ACCT-012,LEAD-06958,Year-End Accelerator,Organic Search,2024-01-06,Prospect,Growth,27889.0,2,42,14,4,8,3841.13,0.0,6,0,AU,0,Marketing
ACCT-081,LEAD-10856,Q3 Growth Sprint,Organic Search,2024-01-02,Prospect,Standard,45889.0,2,42,31,6,8,3316.16,0.0,6,0,CA,0,Marketing
ACCT-066,LEAD-03321,Enterprise Expansion,Partner Referral,2023-10-31,Qualified Lead,Enterprise,56575.0,3,42,421,90,10,6485.43,0.0,5,0,CA,0,Marketing
ACCT-101,LEAD-05394,NovaPulse Launch,Email,2023-09-08,Prospect,Starter,16014.0,3,42,3,4,7,1219.08,0.0,3,0,ES,0,Marketing
ACCT-005,LEAD-00433,NovaEdge Awareness,Paid Social,2023-08-31,Qualified Lead,Growth,61331.0,3,42,534,47,41,9141.41,0.0,8,0,CA,0,Marketing
ACCT-012,LEAD-06320,Q3 Growth Sprint,Partner Referral,2023-07-27,Qualified Lead,Growth,70893.0,1,42,768,561,14,7156.36,0.0,3,0,ES,0,Marketing
ACCT-081,LEAD-05376,NovaPulse Launch,Direct Mail,2023-06-24,Qualified Lead,Professional,2447.0,2,42,1,1725,1,4375.44,0.0,1,0,US,0,Marketing
ACCT-012,LEAD-01867,Digital Retarget,Paid Social,2023-04-26,Closed Won,Professional,64849.0,1,42,652,350,108,4564.44,2435.26,5,1,ES,0,Marketing
ACCT-030,LEAD-04324,Year-End Accelerator,Paid Social,2023-04-10,Qualified Lead,Professional,42387.0,2,42,235,235,191,4020.68,0.0,8,0,ES,0,Marketing
ACCT-012,LEAD-03661,NovaEdge Awareness,Partner Referral,2023-03-22,Qualified Lead,Standard,80617.0,1,42,594,631,32,9462.94,0.0,2,0,IN,0,Marketing
ACCT-012,LEAD-00521,Digital Retarget,Paid Social,2023-02-24,Qualified Lead,Professional,54006.0,2,42,174,203,97,11330.24,0.0,7,0,ES,0,Marketing
ACCT-030,LEAD-10403,Digital Retarget,Organic Search,2025-01-19,Prospect,Professional,16531.0,2,43,2,6,11,2936.6,0.0,7,0,CA,0,Marketing
ACCT-054,LEAD-07186,Q3 Growth Sprint,Email,2024-12-24,Prospect,Enterprise,30843.0,3,43,24,2,9,843.18,70.01,5,1,IN,0,Marketing
ACCT-012,LEAD-04329,Enterprise Expansion,Organic Search,2024-12-21,Prospect,Enterprise,18988.0,2,43,6,6,1,2553.91,0.0,7,0,AU,0,Marketing
ACCT-012,LEAD-04394,Enterprise Expansion,Partner Referral,2024-12-21,Closed Won,Enterprise,81051.0,1,43,1142,249,14,5909.5,3108.25,2,1,ES,0,Marketing
ACCT-033,LEAD-01717,NovaEdge Awareness,Paid Social,2024-11-08,Qualified Lead,Professional,39747.0,2,43,80,93,52,7310.41,0.0,8,0,SA,0,Marketing
ACCT-012,LEAD-01016,Q3 Growth Sprint,Organic Search,2024-10-23,Lead,Enterprise,34554.0,2,43,41,6,5,2732.81,0.0,6,0,CA,0,Marketing
ACCT-012,LEAD-03783,Enterprise Expansion,Email,2024-10-17,Lead,Enterprise,52854.0,3,43,105,10,0,631.23,0.0,5,0,SA,0,Marketing
ACCT-081,LEAD-05848,NovaEdge Awareness,Partner Referral,2024-08-02,Closed Won,Professional,81205.0,1,43,724,929,130,7959.62,4284.32,2,1,IN,0,Marketing
ACCT-061,LEAD-10727,Digital Retarget,Partner Referral,2024-06-03,Qualified Lead,Enterprise,69084.0,2,43,1181,199,30,4206.54,0.0,8,0,ES,0,Marketing
ACCT-061,LEAD-05299,NovaEdge Awareness,Partner Referral,2024-06-03,Qualified Lead,Enterprise,69084.0,2,43,1181,199,30,12249.19,0.0,8,0,ES,0,Marketing
ACCT-012,LEAD-06872,Q3 Growth Sprint,Partner Referral,2024-02-26,Qualified Lead,Enterprise,65352.0,2,43,284,84,23,3062.18,0.0,4,0,SA,0,Marketing
ACCT-012,LEAD-01143,Enterprise Expansion,Organic Search,2024-02-12,Lead,Professional,22063.0,2,43,7,13,11,2426.23,0.0,7,0,CA,0,Marketing
ACCT-012,LEAD-10381,NovaEdge Awareness,Organic Search,2024-01-06,Prospect,Professional,47691.0,2,43,14,3,4,3751.85,0.0,6,0,ES,0,Marketing
ACCT-033,LEAD-11007,Enterprise Expansion,Organic Search,2023-11-05,Prospect,Enterprise,29187.0,2,43,26,6,2,1924.18,0.0,8,0,ES,0,Marketing
ACCT-012,LEAD-09145,NovaEdge Awareness,Direct Mail,2023-09-30,Qualified Lead,Professional,72504.0,2,43,604,470,94,7577.71,0.0,2,0,CA,0,Marketing
ACCT-014,LEAD-05267,Digital Retarget,Organic Search,2023-09-05,Prospect,Professional,33986.0,2,43,16,18,5,3574.4,0.0,7,0,ES,0,Marketing
ACCT-080,LEAD-09738,NovaPulse Launch,Organic Search,2023-07-01,Lead,Growth,42386.0,2,43,65,16,11,2171.07,0.0,8,0,SA,0,Marketing
ACCT-061,LEAD-10212,NovaPulse Launch,Organic Search,2023-07-01,Lead,Growth,42386.0,2,43,65,16,11,1198.1,0.0,8,0,IN,0,Marketing
ACCT-022,LEAD-10010,Digital Retarget,Paid Social,2023-02-11,Opportunity,Enterprise,36957.0,3,43,100,16,31,11639.14,245.86,9,1,AU,0,Marketing
ACCT-012,LEAD-10069,Q3 Growth Sprint,Organic Search,2023-02-04,Lead,Starter,13724.0,2,43,2,5,27,2760.64,138.06,9,1,SA,0,Marketing
ACCT-012,LEAD-02694,NovaPulse Launch,Organic Search,2024-10-10,Prospect,Professional,42664.0,2,44,21,3,0,813.11,0.0,6,0,ES,0,Marketing
ACCT-005,LEAD-10613,Digital Retarget,Email,2024-09-19,Lead,Enterprise,37334.0,3,44,26,16,15,1935.33,0.0,4,0,ES,0,Marketing
ACCT-061,LEAD-04646,NovaPulse Launch,Partner Referral,2024-06-16,Closed Won,Standard,78497.0,1,44,207,447,223,9421.83,2092.97,2,1,CA,0,Marketing
ACCT-030,LEAD-06935,NovaPulse Launch,Partner Referral,2024-06-16,Closed Won,Standard,78497.0,1,44,207,447,223,14240.03,2334.68,2,1,IN,0,Marketing
ACCT-012,LEAD-05596,Year-End Accelerator,Partner Referral,2024-04-22,Qualified Lead,Standard,58821.0,2,44,513,154,28,5100.78,0.0,6,0,SA,0,Marketing
ACCT-074,LEAD-01044,NovaPulse Launch,Partner Referral,2023-11-10,Qualified Lead,Professional,58398.0,1,44,299,201,49,13586.94,0.0,4,0,AU,0,Marketing
ACCT-061,LEAD-09274,NovaPulse Launch,Partner Referral,2023-09-20,Closed Won,Growth,80950.0,1,44,525,112,63,5109.46,2905.77,2,1,SA,0,Marketing
ACCT-012,LEAD-09076,Year-End Accelerator,Organic Search,2023-06-23,Lead,Enterprise,30732.0,2,44,155,25,3,3990.1,0.0,8,0,SA,0,Marketing
ACCT-050,LEAD-04947,NovaPulse Launch,Partner Referral,2023-02-21,Closed Won,Standard,89572.0,1,44,606,974,64,7763.93,3796.79,4,1,ES,0,Marketing
ACCT-012,LEAD-10176,NovaEdge Awareness,Partner Referral,2023-01-28,Opportunity,Professional,57107.0,2,44,159,120,137,14239.3,1019.52,8,1,ES,0,Marketing
ACCT-012,LEAD-03507,Digital Retarget,Organic Search,2023-01-20,Closed Won,Professional,76467.0,2,44,676,426,58,3741.14,3685.13,6,1,US,0,Marketing
ACCT-067,LEAD-09235,NovaEdge Awareness,Organic Search,2024-12-26,Prospect,Professional,,3,45,7,8,1,532.44,0.0,7,0,DE,0,Marketing
ACCT-012,LEAD-10341,Enterprise Expansion,Email,2024-09-15,Qualified Lead,Professional,51315.0,1,45,68,39,41,1919.9,0.0,2,0,AU,0,Marketing
ACCT-061,LEAD-02639,Digital Retarget,Paid Social,2024-07-29,Lead,Professional,43602.0,3,45,19,12,19,3073.01,0.0,6,0,SA,0,Marketing
ACCT-030,LEAD-06201,Enterprise Expansion,Organic Search,2024-06-14,Prospect,Professional,38643.0,3,45,22,14,10,3940.48,0.0,7,0,ES,1,Marketing
ACCT-012,LEAD-07397,Digital Retarget,Partner Referral,2024-01-21,Qualified Lead,Professional,49090.0,2,45,494,82,100,6414.74,0.0,7,0,ES,0,Marketing
ACCT-012,LEAD-02181,Enterprise Expansion,Partner Referral,2023-12-24,Qualified Lead,Professional,70617.0,1,45,353,753,27,14869.19,0.0,2,0,ES,0,Marketing
ACCT-070,LEAD-01204,NovaPulse Launch,Partner Referral,2023-11-19,Closed Won,Enterprise,67536.0,2,45,1253,447,35,9519.61,3369.18,8,1,SA,0,Marketing
ACCT-083,LEAD-01170,NovaPulse Launch,Paid Social,2023-09-17,Qualified Lead,Professional,27573.0,2,45,50,110,15,11385.61,0.0,8,0,ES,0,Marketing
ACCT-012,LEAD-08812,Year-End Accelerator,Organic Search,2023-08-31,Prospect,Standard,13533.0,2,45,12,8,17,3478.71,0.0,7,0,ES,0,Marketing
ACCT-012,LEAD-04690,Year-End Accelerator,Partner Referral,2023-08-04,Qualified Lead,Professional,50725.0,2,45,443,75,48,8616.25,0.0,8,0,CA,0,Marketing
ACCT-012,LEAD-01715,Digital Retarget,Organic Search,2023-08-02,Prospect,Professional,25851.0,2,45,9,18,5,1174.84,0.0,7,0,AU,0,Marketing
ACCT-012,LEAD-10821,Enterprise Expansion,Organic Search,2023-07-27,Qualified Lead,Professional,57113.0,3,45,182,33,42,894.26,0.0,7,0,ES,0,Marketing
ACCT-012,LEAD-06543,Enterprise Expansion,Direct Mail,2023-07-03,Qualified Lead,Growth,62847.0,1,45,521,706,61,2556.21,0.0,2,0,CA,0,Marketing
ACCT-032,LEAD-07119,Enterprise Expansion,Partner Referral,2023-06-30,Qualified Lead,Professional,68627.0,1,45,395,263,38,8506.97,0.0,1,0,SA,0,Marketing
ACCT-012,LEAD-03518,Q3 Growth Sprint,Organic Search,2023-05-20,Prospect,Professional,25271.0,2,45,10,18,7,1400.43,0.0,9,0,IN,0,Marketing
ACCT-003,LEAD-01245,Enterprise Expansion,Partner Referral,2023-04-24,Closed Won,Professional,63810.0,2,45,977,253,101,5234.39,2958.07,8,1,ES,0,Marketing
ACCT-021,LEAD-02561,Enterprise Expansion,Partner Referral,2023-04-24,Closed Won,Professional,63810.0,2,45,977,253,101,12489.21,2657.16,8,1,DE,0,Marketing
ACCT-012,LEAD-09624,NovaPulse Launch,Partner Referral,2025-01-13,Qualified Lead,Enterprise,65488.0,1,46,603,207,54,12087.39,0.0,1,0,ES,0,Marketing
ACCT-061,LEAD-10509,Enterprise Expansion,Organic Search,2025-01-01,Lead,Growth,36927.0,3,46,51,16,4,1114.23,0.0,8,0,US,0,Marketing
ACCT-012,LEAD-07629,Enterprise Expansion,Organic Search,2024-12-05,Prospect,Professional,22108.0,3,46,5,9,6,3496.51,0.0,7,0,ES,0,Marketing
ACCT-012,LEAD-07875,NovaPulse Launch,Partner Referral,2024-11-25,Closed Won,Professional,72025.0,1,46,967,617,0,13764.51,3815.32,2,1,AU,0,Marketing
ACCT-080,LEAD-02815,NovaEdge Awareness,Paid Social,2024-09-16,Lead,Professional,33183.0,2,46,7,39,37,7152.81,0.0,7,0,ES,0,Marketing
ACCT-012,LEAD-02936,Q3 Growth Sprint,Organic Search,2024-06-19,Prospect,Growth,23661.0,2,46,18,4,1,803.58,0.0,7,0,SA,0,Marketing
ACCT-012,LEAD-03665,Digital Retarget,Organic Search,2024-05-21,Lead,Standard,25315.0,2,46,1,8,22,2842.4,0.0,8,0,ES,0,Marketing
ACCT-071,LEAD-10888,Year-End Accelerator,Paid Social,2024-05-16,Qualified Lead,Professional,45938.0,1,46,273,178,29,3847.81,0.0,6,0,US,0,Marketing
ACCT-012,LEAD-06637,NovaEdge Awareness,Partner Referral,2024-05-15,Qualified Lead,Professional,66951.0,1,46,277,305,124,4687.34,0.0,1,0,IN,0,Marketing
ACCT-063,LEAD-05077,NovaEdge Awareness,Partner Referral,2024-05-15,Qualified Lead,Professional,77298.0,2,46,425,292,79,6883.22,0.0,3,0,CA,0,Marketing
ACCT-012,LEAD-06173,Digital Retarget,Partner Referral,2024-05-15,Qualified Lead,Professional,77298.0,2,46,425,292,79,5976.57,0.0,3,0,ES,0,Marketing
ACCT-012,LEAD-03969,Enterprise Expansion,Email,2024-05-14,Lead,Growth,43018.0,2,46,35,17,64,1151.96,0.0,5,0,DE,0,Marketing
ACCT-044,LEAD-04580,NovaPulse Launch,Partner Referral,2024-05-07,Closed Won,Professional,75759.0,1,46,1394,708,182,5826.26,5419.19,5,1,SA,0,Marketing
ACCT-012,LEAD-00663,Enterprise Expansion,Email,2024-03-20,Lead,Enterprise,33996.0,1,46,40,15,6,2885.09,0.0,4,0,ES,0,Marketing
ACCT-012,LEAD-08299,NovaEdge Awareness,Email,2024-03-20,Lead,Enterprise,33996.0,1,46,40,15,6,1254.86,0.0,4,0,SA,0,Marketing
ACCT-012,LEAD-08945,Digital Retarget,Organic Search,2024-02-20,Qualified Lead,Professional,54137.0,2,46,171,11,20,3030.09,0.0,6,0,SA,0,Marketing
ACCT-012,LEAD-10870,Year-End Accelerator,Paid Social,2023-12-13,Qualified Lead,Professional,61223.0,2,46,709,182,247,2114.36,0.0,5,0,SA,0,Marketing
ACCT-061,LEAD-01184,Q3 Growth Sprint,Partner Referral,2023-11-19,Qualified Lead,Enterprise,69674.0,3,46,554,215,24,10844.2,0.0,5,0,SA,0,Marketing
ACCT-066,LEAD-06141,Enterprise Expansion,Paid Social,2023-10-20,Qualified Lead,Growth,49494.0,2,46,191,97,82,8927.69,0.0,7,0,CA,0,Marketing
ACCT-012,LEAD-08825,Digital Retarget,Paid Social,2023-09-24,Qualified Lead,Professional,51195.0,3,46,230,156,58,2621.24,0.0,8,0,SA,0,Marketing
ACCT-003,LEAD-02217,Enterprise Expansion,Organic Search,2023-09-21,Prospect,Standard,37284.0,3,46,11,2,6,913.79,0.0,6,0,IN,0,Marketing
ACCT-014,LEAD-04102,Year-End Accelerator,Organic Search,2023-09-21,Prospect,Standard,37284.0,3,46,11,2,6,1573.82,0.0,6,0,ES,0,Marketing
ACCT-012,LEAD-04653,Enterprise Expansion,Organic Search,2023-09-18,Lead,Professional,42011.0,2,46,131,16,39,1918.96,0.0,8,0,SA,0,Marketing
ACCT-030,LEAD-10092,NovaPulse Launch,Direct Mail,2023-08-10,Qualified Lead,Professional,70044.0,2,46,1073,250,14,4766.38,0.0,5,0,ES,0,Marketing
ACCT-012,LEAD-05788,Year-End Accelerator,Email,2023-08-08,Qualified Lead,Professional,46053.0,2,46,56,92,25,2737.8,0.0,5,0,DE,0,Marketing
ACCT-012,LEAD-04669,NovaEdge Awareness,Organic Search,2023-08-02,Lead,Starter,24480.0,2,46,4,9,17,2962.45,0.0,7,0,SA,0,Marketing
ACCT-012,LEAD-06295,NovaEdge Awareness,Paid Social,2023-07-25,Qualified Lead,Professional,54233.0,2,46,652,158,142,5109.78,0.0,8,0,ES,0,Marketing
ACCT-107,LEAD-07453,Q3 Growth Sprint,Direct Mail,2023-07-23,Opportunity,Professional,36130.0,2,46,157,127,37,2263.2,1166.79,4,1,ES,0,Marketing
ACCT-007,LEAD-10841,Digital Retarget,Partner Referral,2023-06-11,Qualified Lead,Enterprise,56559.0,2,46,226,133,31,6540.45,0.0,4,0,ES,0,Marketing
ACCT-012,LEAD-00821,Digital Retarget,Partner Referral,2023-03-30,Qualified Lead,Growth,92859.0,1,46,962,921,20,10375.51,0.0,2,0,CA,0,Marketing
ACCT-081,LEAD-03933,Enterprise Expansion,Paid Social,2023-03-23,Qualified Lead,Professional,44010.0,2,46,186,234,48,4191.29,0.0,9,0,SA,0,Marketing
ACCT-030,LEAD-01225,Q3 Growth Sprint,Partner Referral,2025-01-27,Closed Won,Professional,80124.0,1,47,483,398,241,4602.83,2091.72,1,1,SA,0,Marketing
ACCT-061,LEAD-07059,Q3 Growth Sprint,Partner Referral,2025-01-27,Closed Won,Professional,80124.0,1,47,483,398,241,11972.82,2971.25,1,1,ES,0,Marketing
ACCT-012,LEAD-05633,Digital Retarget,Partner Referral,2025-01-26,Qualified Lead,Professional,50183.0,3,47,97,84,15,7990.15,0.0,5,0,SA,0,Marketing
ACCT-012,LEAD-00843,Enterprise Expansion,Partner Referral,2024-12-24,Qualified Lead,Professional,64722.0,2,47,303,280,15,9590.81,0.0,6,0,ES,0,Marketing
ACCT-012,LEAD-06211,NovaEdge Awareness,Organic Search,2024-11-28,Prospect,Enterprise,37395.0,2,47,18,9,11,2147.9,0.0,6,0,ES,0,Marketing
ACCT-012,LEAD-07007,Digital Retarget,Paid Social,2024-10-26,Lead,Growth,29543.0,3,47,17,18,18,7375.18,0.0,7,0,ES,0,Marketing
ACCT-045,LEAD-09671,Q3 Growth Sprint,Paid Social,2024-08-16,Lead,Professional,19514.0,3,47,14,21,28,8640.94,102.39,8,1,ES,0,Marketing
ACCT-012,LEAD-08975,Q3 Growth Sprint,Paid Social,2024-08-16,Lead,Professional,19514.0,3,47,14,21,28,4474.65,150.5,8,1,ES,0,Marketing
ACCT-049,LEAD-06616,Year-End Accelerator,Partner Referral,2024-05-04,Qualified Lead,Professional,59481.0,2,47,178,85,58,13477.62,0.0,2,0,ES,0,Marketing
ACCT-080,LEAD-06248,Year-End Accelerator,Partner Referral,2024-04-28,Closed Won,Growth,91712.0,1,47,1276,746,48,3982.44,3947.97,3,1,ES,0,Marketing
ACCT-012,LEAD-07428,NovaPulse Launch,Partner Referral,2024-04-09,Qualified Lead,Professional,80144.0,1,47,240,445,108,11445.19,0.0,1,0,AU,0,Marketing
ACCT-012,LEAD-03075,Enterprise Expansion,Partner Referral,2024-03-20,Qualified Lead,Enterprise,59973.0,1,47,130,168,0,3937.23,0.0,1,0,ES,0,Marketing
ACCT-012,LEAD-02937,Enterprise Expansion,Partner Referral,2024-03-04,Qualified Lead,Enterprise,68352.0,2,47,614,132,33,9770.02,0.0,6,0,CA,0,Marketing
ACCT-061,LEAD-00203,Digital Retarget,Partner Referral,2023-10-08,Qualified Lead,Growth,81169.0,1,47,1288,613,27,3741.1,0.0,2,0,ES,0,Marketing
ACCT-009,LEAD-02021,Digital Retarget,Partner Referral,2023-09-19,Qualified Lead,Professional,61456.0,2,47,563,384,89,9571.79,0.0,4,0,ES,0,Marketing
ACCT-015,LEAD-00880,Year-End Accelerator,Organic Search,2023-07-05,Lead,Starter,22634.0,1,47,2,11,46,2269.2,0.0,8,0,ES,0,Marketing
ACCT-056,LEAD-00524,Q3 Growth Sprint,Organic Search,2023-07-05,Lead,Starter,22634.0,1,47,2,11,46,2504.46,0.0,8,0,AU,0,Marketing
ACCT-012,LEAD-10837,Digital Retarget,Organic Search,2023-04-08,Lead,Professional,23957.0,2,47,2,18,16,1024.48,110.61,6,1,CA,0,Marketing
ACCT-049,LEAD-07011,Enterprise Expansion,Organic Search,2023-03-22,Lead,Professional,33471.0,2,47,43,27,12,2321.2,0.0,7,0,SA,0,Marketing
ACCT-015,LEAD-04184,Q3 Growth Sprint,Email,2025-01-07,Qualified Lead,Enterprise,52157.0,2,48,189,29,40,790.6,0.0,4,0,ES,0,Marketing
ACCT-056,LEAD-07679,Digital Retarget,Email,2024-12-17,Prospect,Enterprise,30298.0,1,48,6,12,0,1013.5,0.0,3,0,ES,0,Marketing
ACCT-012,LEAD-07485,Enterprise Expansion,Email,2024-12-04,Lead,Enterprise,56551.0,3,48,67,32,16,1957.87,0.0,4,0,SA,0,Marketing
ACCT-061,LEAD-07530,NovaPulse Launch,Email,2024-12-04,Lead,Enterprise,56551.0,3,48,67,32,16,727.35,0.0,4,0,ES,0,Marketing
ACCT-003,LEAD-04369,NovaEdge Awareness,Partner Referral,2024-07-29,Qualified Lead,Growth,65487.0,1,48,240,500,163,9124.5,0.0,2,0,CA,0,Marketing
ACCT-061,LEAD-10652,Q3 Growth Sprint,Partner Referral,2024-07-29,Qualified Lead,Growth,65487.0,1,48,240,500,163,12704.3,0.0,2,0,CA,0,Marketing
ACCT-012,LEAD-00286,Year-End Accelerator,Organic Search,2024-06-14,Lead,Professional,44213.0,3,48,95,35,7,2087.01,0.0,6,0,ES,0,Marketing
ACCT-012,LEAD-05922,NovaPulse Launch,Organic Search,2024-04-24,Qualified Lead,Enterprise,40344.0,2,48,210,6,2,2296.37,0.0,7,0,ES,0,Marketing
ACCT-012,LEAD-07250,Q3 Growth Sprint,Partner Referral,2024-04-10,Qualified Lead,Professional,57867.0,2,48,344,178,17,8481.58,0.0,6,0,CA,0,Marketing
ACCT-052,LEAD-02478,NovaPulse Launch,Email,2024-03-08,Prospect,Professional,25410.0,2,48,2,4,4,644.34,0.0,4,0,ES,0,Marketing
ACCT-005,LEAD-01160,Q3 Growth Sprint,Organic Search,2024-02-28,Prospect,Professional,13260.0,3,48,9,17,7,2118.32,0.0,8,0,ES,0,Marketing
ACCT-012,LEAD-09214,Year-End Accelerator,Partner Referral,2024-02-20,Qualified Lead,Professional,42691.0,1,48,179,64,58,12682.98,0.0,5,0,ES,0,Marketing
ACCT-012,LEAD-00273,Enterprise Expansion,Organic Search,2024-01-18,Opportunity,Growth,36138.0,3,48,130,16,5,3031.48,258.92,7,1,DE,0,Marketing
ACCT-012,LEAD-00851,Digital Retarget,Partner Referral,2024-01-10,Qualified Lead,Growth,57136.0,3,48,306,109,92,12797.44,0.0,6,0,CA,0,Marketing
ACCT-114,LEAD-09729,Enterprise Expansion,Paid Social,2023-12-01,Qualified Lead,Professional,58275.0,3,48,189,253,64,9458.04,0.0,7,0,DE,0,Marketing
ACCT-108,LEAD-09665,Digital Retarget,Organic Search,2023-10-23,Qualified Lead,Enterprise,54237.0,2,48,267,30,57,2524.09,0.0,6,0,SA,0,Marketing
ACCT-080,LEAD-02620,Digital Retarget,Organic Search,2023-10-07,Prospect,Enterprise,34596.0,2,48,14,2,7,658.51,37.9,8,1,SA,0,Marketing
ACCT-033,LEAD-08254,Year-End Accelerator,Organic Search,2023-10-07,Prospect,Enterprise,34596.0,2,48,14,2,7,723.16,0.0,8,0,DE,0,Marketing
ACCT-048,LEAD-03852,NovaPulse Launch,Partner Referral,2023-08-29,Qualified Lead,Growth,74881.0,3,48,505,270,54,14929.48,0.0,5,0,IN,0,Marketing
ACCT-061,LEAD-01000,Year-End Accelerator,Partner Referral,2023-08-29,Qualified Lead,Growth,74881.0,3,48,505,270,54,14214.99,0.0,5,0,ES,0,Marketing
ACCT-030,LEAD-03099,Enterprise Expansion,Paid Social,2023-08-17,Qualified Lead,Professional,44267.0,3,48,183,65,49,2690.19,0.0,9,0,ES,0,Marketing
ACCT-085,LEAD-06318,NovaPulse Launch,Partner Referral,2023-07-01,Qualified Lead,Professional,68487.0,1,48,758,385,89,14205.31,0.0,4,0,CA,0,Marketing
ACCT-103,LEAD-05396,Q3 Growth Sprint,Partner Referral,2023-07-01,Qualified Lead,Professional,68487.0,1,48,758,385,89,3380.82,0.0,4,0,AU,0,Marketing
ACCT-012,LEAD-07966,Year-End Accelerator,Partner Referral,2023-06-26,Qualified Lead,Professional,80982.0,3,48,505,401,22,7906.4,0.0,5,0,ES,1,Marketing
ACCT-012,LEAD-00454,Year-End Accelerator,Partner Referral,2023-04-27,Qualified Lead,Professional,69508.0,2,48,824,162,43,12227.66,0.0,6,0,SA,0,Marketing
ACCT-012,LEAD-00309,Enterprise Expansion,Paid Social,2023-03-26,Closed Won,Enterprise,63342.0,2,48,918,118,21,9658.28,2721.49,6,1,SA,0,Marketing
ACCT-107,LEAD-03571,Enterprise Expansion,Paid Social,2023-03-26,Closed Won,Enterprise,63342.0,2,48,918,118,21,8458.81,1922.86,6,1,ES,0,Marketing
ACCT-014,LEAD-08395,Digital Retarget,Partner Referral,2023-01-23,Closed Won,Professional,82014.0,1,48,980,265,31,14914.28,2564.5,6,1,SA,0,Marketing
ACCT-012,LEAD-02591,Digital Retarget,Paid Social,2025-01-23,Qualified Lead,Professional,76320.0,2,49,526,214,35,10696.2,0.0,2,0,US,0,Marketing
ACCT-024,LEAD-01640,Q3 Growth Sprint,Email,2025-01-23,Lead,Professional,64587.0,3,49,66,16,20,2766.92,0.0,3,0,ES,0,Marketing
ACCT-022,LEAD-00810,NovaPulse Launch,Partner Referral,2024-12-09,Qualified Lead,Professional,74190.0,2,49,151,86,64,7507.75,0.0,2,0,ES,0,Marketing
ACCT-052,LEAD-09423,Enterprise Expansion,Email,2024-09-15,Prospect,Growth,32765.0,2,49,13,17,3,2206.83,0.0,5,0,ES,0,Marketing
ACCT-026,LEAD-04345,NovaEdge Awareness,Organic Search,2024-08-01,Prospect,Standard,,3,49,5,9,4,2816.27,0.0,7,0,AU,0,Marketing
ACCT-067,LEAD-00089,Digital Retarget,Organic Search,2024-06-25,Lead,Standard,22212.0,2,49,5,20,21,2387.55,0.0,6,0,SA,0,Marketing
ACCT-002,LEAD-05294,Q3 Growth Sprint,Organic Search,2024-06-04,Lead,Professional,18358.0,2,49,6,19,4,2787.37,0.0,7,0,ES,0,Marketing
ACCT-037,LEAD-01321,NovaEdge Awareness,Organic Search,2024-05-17,Lead,Professional,26067.0,2,49,22,18,12,1717.19,0.0,8,0,CA,0,Marketing
ACCT-061,LEAD-02686,Year-End Accelerator,Organic Search,2024-05-02,Prospect,Starter,22390.0,1,49,0,4,5,1124.66,0.0,7,0,AU,0,Marketing
ACCT-012,LEAD-01215,NovaPulse Launch,Direct Mail,2024-04-18,Closed Won,Professional,70440.0,1,49,690,499,88,4992.18,2967.14,3,1,ES,0,Marketing
ACCT-030,LEAD-09283,NovaEdge Awareness,Email,2024-03-21,Prospect,Professional,60199.0,4,49,8,7,0,2319.65,0.0,4,0,CA,0,Marketing
ACCT-014,LEAD-03120,NovaPulse Launch,Organic Search,2024-03-04,Prospect,Professional,38547.0,2,49,6,10,4,1279.42,0.0,8,0,CA,1,Marketing
ACCT-012,LEAD-05868,NovaPulse Launch,Organic Search,2024-02-27,Prospect,Professional,19107.0,2,49,2,9,16,512.16,0.0,7,0,CA,0,Marketing
ACCT-014,LEAD-08143,NovaPulse Launch,Organic Search,2024-02-02,Opportunity,Enterprise,37929.0,1,49,202,46,10,579.57,420.79,7,1,ES,0,Marketing
ACCT-061,LEAD-03479,Q3 Growth Sprint,Organic Search,2024-01-21,Prospect,Professional,16813.0,1,49,4,11,13,2857.25,95.39,7,1,CA,0,Marketing
ACCT-012,LEAD-07214,Q3 Growth Sprint,Direct Mail,2024-01-06,Qualified Lead,Professional,62187.0,1,49,792,275,126,4957.57,0.0,3,0,ES,0,Marketing
ACCT-037,LEAD-05543,Enterprise Expansion,Partner Referral,2023-12-25,Closed Won,Professional,57811.0,2,49,545,114,78,12880.33,1220.46,5,1,ES,0,Marketing
ACCT-044,LEAD-09347,Digital Retarget,Email,2023-12-21,Prospect,Growth,50943.0,2,49,31,7,6,1365.4,0.0,5,0,ES,0,Marketing
ACCT-012,LEAD-10160,Q3 Growth Sprint,Email,2023-12-21,Prospect,Growth,50943.0,2,49,31,7,6,1189.12,0.0,5,0,ES,0,Marketing
ACCT-012,LEAD-01406,Q3 Growth Sprint,Paid Social,2023-08-03,Qualified Lead,Professional,53201.0,3,49,280,81,27,11374.1,0.0,7,0,ES,0,Marketing
ACCT-107,LEAD-07019,Digital Retarget,Email,2023-07-12,Qualified Lead,Professional,54414.0,3,49,109,16,18,2312.56,0.0,4,0,SA,0,Marketing
ACCT-081,LEAD-02157,Enterprise Expansion,Organic Search,2023-06-30,Lead,Professional,26290.0,3,49,15,16,22,894.96,0.0,6,0,CA,0,Marketing
ACCT-012,LEAD-08939,Digital Retarget,Partner Referral,2023-06-01,Qualified Lead,Professional,61250.0,2,49,382,65,59,12713.74,0.0,5,0,ES,0,Marketing
ACCT-106,LEAD-10250,Q3 Growth Sprint,Organic Search,2023-05-04,Prospect,Starter,28389.0,1,49,1,3,8,1967.34,0.0,7,0,ES,0,Marketing
ACCT-112,LEAD-01272,NovaPulse Launch,Partner Referral,2023-04-01,Qualified Lead,Growth,55250.0,2,49,664,83,66,12192.64,0.0,5,0,AU,0,Marketing
ACCT-012,LEAD-03007,NovaEdge Awareness,Organic Search,2023-03-13,Prospect,Professional,37758.0,3,49,27,10,1,3593.15,0.0,8,0,IN,0,Marketing
ACCT-012,LEAD-05513,Digital Retarget,Organic Search,2023-03-13,Prospect,Professional,37758.0,3,49,27,10,1,554.76,0.0,8,0,ES,0,Marketing
ACCT-080,LEAD-00679,NovaEdge Awareness,Organic Search,2023-02-26,Prospect,Enterprise,37633.0,3,49,13,20,1,1221.29,0.0,9,0,ES,0,Marketing
ACCT-054,LEAD-08876,Q3 Growth Sprint,Organic Search,2023-01-10,Lead,Enterprise,33629.0,3,49,132,16,4,853.14,0.0,9,0,ES,0,Marketing
ACCT-001,LEAD-10827,Enterprise Expansion,Organic Search,2023-01-09,Lead,Enterprise,36947.0,3,49,88,21,29,617.52,0.0,9,0,AU,0,Marketing
ACCT-012,LEAD-07300,Enterprise Expansion,Paid Social,2025-01-31,Closed Won,Professional,69142.0,2,50,448,34,39,7977.85,1131.14,5,1,IN,0,Marketing
ACCT-084,LEAD-04268,Q3 Growth Sprint,Email,2025-01-09,Lead,Professional,53154.0,2,50,129,21,7,621.69,0.0,4,0,US,0,Marketing
ACCT-081,LEAD-04603,NovaEdge Awareness,Partner Referral,2024-08-21,Qualified Lead,Enterprise,65695.0,2,50,371,189,6,11886.49,0.0,4,0,ES,0,Marketing
ACCT-016,LEAD-08659,NovaEdge Awareness,Partner Referral,2024-08-10,Qualified Lead,Enterprise,69805.0,2,50,750,174,20,7827.18,0.0,2,0,DE,0,Marketing
ACCT-057,LEAD-10708,Year-End Accelerator,Organic Search,2024-07-15,Prospect,Standard,36975.0,2,50,10,11,2,1320.19,0.0,7,0,ES,0,Marketing
ACCT-012,LEAD-01176,NovaPulse Launch,Organic Search,2024-04-01,Prospect,Professional,26228.0,2,50,2,4,9,1260.44,0.0,8,0,ES,0,Marketing
ACCT-068,LEAD-10380,NovaPulse Launch,Organic Search,2024-03-29,Lead,Growth,37787.0,2,50,40,40,18,3523.06,0.0,8,0,IN,0,Marketing
ACCT-061,LEAD-07037,Digital Retarget,Partner Referral,2024-02-15,Qualified Lead,Enterprise,37087.0,2,50,194,134,3,3677.33,0.0,6,0,SA,0,Marketing
ACCT-012,LEAD-11096,Q3 Growth Sprint,Partner Referral,2024-02-12,Qualified Lead,Standard,57247.0,2,50,99,32,6,9046.75,0.0,2,0,ES,0,Marketing
ACCT-104,LEAD-06374,Q3 Growth Sprint,Paid Social,2023-11-13,Qualified Lead,Enterprise,36930.0,2,50,223,31,39,4892.63,0.0,8,0,ES,0,Marketing
ACCT-012,LEAD-05552,Q3 Growth Sprint,Organic Search,2023-11-09,Qualified Lead,Growth,48721.0,3,50,81,113,21,3355.25,0.0,6,0,SA,0,Marketing
ACCT-069,LEAD-02245,NovaEdge Awareness,Organic Search,2023-10-17,Lead,Growth,43641.0,3,50,57,51,23,3060.31,0.0,6,0,ES,0,Marketing
ACCT-017,LEAD-06200,Q3 Growth Sprint,Partner Referral,2023-10-02,Qualified Lead,Professional,75903.0,2,50,340,185,100,6826.84,0.0,3,0,ES,0,Marketing
ACCT-080,LEAD-09904,Year-End Accelerator,Partner Referral,2023-09-21,Qualified Lead,Professional,71391.0,2,50,336,274,141,10175.01,0.0,3,0,CA,0,Marketing
ACCT-012,LEAD-10031,Digital Retarget,Organic Search,2023-08-01,Lead,Enterprise,16927.0,3,50,20,23,4,2853.86,0.0,8,0,SA,0,Marketing
ACCT-103,LEAD-06642,NovaPulse Launch,Organic Search,2023-07-12,Lead,Professional,27215.0,4,50,30,22,28,1622.33,0.0,6,0,SA,0,Marketing
ACCT-012,LEAD-10882,Year-End Accelerator,Partner Referral,2023-04-22,Qualified Lead,Professional,53858.0,2,50,407,221,26,6621.17,0.0,4,0,ES,0,Marketing
ACCT-012,LEAD-05636,Digital Retarget,Paid Social,2023-04-22,Opportunity,Professional,30983.0,1,50,51,50,49,3432.6,343.73,8,1,IN,0,Marketing
ACCT-074,LEAD-08692,Year-End Accelerator,Organic Search,2023-02-17,Qualified Lead,Professional,43462.0,3,50,90,97,15,1273.65,0.0,8,0,ES,0,Marketing
ACCT-012,LEAD-08091,Enterprise Expansion,Partner Referral,2023-02-07,Qualified Lead,Professional,63943.0,2,50,423,368,21,6606.01,0.0,5,0,IN,0,Marketing
ACCT-070,LEAD-08080,Year-End Accelerator,Email,2023-01-20,Prospect,Professional,26816.0,1,50,5,6,3,652.39,0.0,4,0,IN,0,Marketing
ACCT-037,LEAD-08370,NovaPulse Launch,Paid Social,2023-01-04,Qualified Lead,Standard,75484.0,2,50,378,259,34,11485.2,0.0,4,0,CA,0,Marketing
ACCT-012,LEAD-04550,Q3 Growth Sprint,Email,2025-01-25,Lead,Growth,33564.0,2,51,61,3,7,2699.28,0.0,5,0,ES,0,Marketing
ACCT-115,LEAD-03381,Enterprise Expansion,Organic Search,2025-01-08,Lead,Growth,54348.0,3,51,70,16,4,3690.52,0.0,6,0,CA,0,Marketing
ACCT-061,LEAD-10556,NovaPulse Launch,Partner Referral,2024-12-22,Opportunity,Professional,54984.0,2,51,173,131,6,10511.92,628.42,7,1,ES,0,Marketing
ACCT-012,LEAD-09467,Digital Retarget,Organic Search,2024-12-08,Prospect,Professional,34738.0,2,51,3,10,2,2234.67,0.0,6,0,ES,0,Marketing
ACCT-012,LEAD-02891,Digital Retarget,Direct Mail,2024-04-29,Qualified Lead,Professional,68118.0,2,51,595,123,154,7819.89,0.0,6,0,US,0,Marketing
ACCT-012,LEAD-05011,NovaEdge Awareness,Direct Mail,2024-04-29,Qualified Lead,Professional,68118.0,2,51,595,123,154,7620.31,0.0,6,0,ES,0,Marketing
ACCT-012,LEAD-08140,Year-End Accelerator,Email,2024-04-13,Lead,Professional,22682.0,2,51,10,29,36,2178.36,0.0,4,0,AU,0,Marketing
ACCT-012,LEAD-11039,Digital Retarget,Paid Social,2024-03-26,Qualified Lead,Professional,51948.0,2,51,82,54,41,9858.05,0.0,5,0,ES,0,Marketing
ACCT-061,LEAD-00078,NovaPulse Launch,Organic Search,2024-03-24,Prospect,Professional,25293.0,2,51,15,11,9,1615.57,0.0,8,0,ES,0,Marketing
ACCT-061,LEAD-05517,Enterprise Expansion,Organic Search,2024-03-24,Prospect,Professional,25293.0,2,51,15,11,9,1957.14,0.0,8,0,AU,0,Marketing
ACCT-012,LEAD-05290,Year-End Accelerator,Organic Search,2024-02-18,Qualified Lead,Enterprise,41551.0,3,51,220,33,23,1022.26,0.0,8,0,CA,0,Marketing
ACCT-012,LEAD-04128,NovaPulse Launch,Partner Referral,2024-01-22,Qualified Lead,Enterprise,56067.0,2,51,517,54,120,7517.52,0.0,5,0,SA,0,Marketing
ACCT-012,LEAD-08534,Enterprise Expansion,Partner Referral,2024-01-18,Closed Won,Professional,67433.0,3,51,615,259,30,12052.99,1801.05,4,1,ES,0,Marketing
ACCT-070,LEAD-09592,Year-End Accelerator,Organic Search,2023-12-31,Prospect,Professional,22010.0,2,51,11,9,8,3472.69,0.0,8,0,ES,0,Marketing
ACCT-081,LEAD-08957,Digital Retarget,Paid Social,2023-12-09,Qualified Lead,Standard,64831.0,3,51,480,249,144,5007.36,0.0,6,0,SA,0,Marketing
ACCT-049,LEAD-09308,Q3 Growth Sprint,Partner Referral,2023-11-07,Qualified Lead,Professional,62820.0,1,51,398,265,53,11490.92,0.0,1,0,SA,0,Marketing
ACCT-061,LEAD-00544,Year-End Accelerator,Partner Referral,2023-11-07,Qualified Lead,Professional,62820.0,1,51,398,265,53,12669.31,0.0,1,0,ES,0,Marketing
ACCT-012,LEAD-05989,NovaEdge Awareness,Partner Referral,2023-10-11,Qualified Lead,Standard,78353.0,2,51,752,476,34,13976.89,0.0,8,0,CA,0,Marketing
ACCT-029,LEAD-00635,Digital Retarget,Paid Social,2023-09-10,Qualified Lead,Growth,57183.0,3,51,464,64,70,7623.86,0.0,8,0,ES,0,Marketing
ACCT-081,LEAD-06673,NovaEdge Awareness,Organic Search,2023-09-10,Lead,Professional,23478.0,1,51,28,27,39,3887.25,0.0,8,0,US,0,Marketing
ACCT-105,LEAD-01710,NovaPulse Launch,Paid Social,2023-08-28,Qualified Lead,Professional,30168.0,2,51,154,66,27,7572.87,0.0,9,0,ES,0,Marketing
ACCT-081,LEAD-00523,NovaEdge Awareness,Email,2023-07-21,Lead,Professional,37155.0,2,51,23,26,3,835.23,0.0,5,0,ES,0,Marketing
ACCT-030,LEAD-08977,NovaEdge Awareness,Email,2023-06-30,Prospect,Starter,16581.0,1,51,1,4,11,1107.15,0.0,4,0,ES,0,Marketing
ACCT-061,LEAD-09736,Year-End Accelerator,Organic Search,2023-06-10,Lead,Professional,41850.0,3,51,53,19,4,1211.68,0.0,8,0,US,0,Marketing
ACCT-104,LEAD-01544,Q3 Growth Sprint,Partner Referral,2023-06-07,Qualified Lead,Growth,81380.0,1,51,741,689,103,10760.47,0.0,2,0,CA,0,Marketing
ACCT-061,LEAD-06575,Digital Retarget,Paid Social,2023-04-07,Qualified Lead,Professional,56386.0,3,51,230,214,75,11222.26,0.0,9,0,SA,0,Marketing
ACCT-029,LEAD-06147,Enterprise Expansion,Organic Search,2023-03-29,Prospect,Professional,25818.0,2,51,5,8,9,3464.97,0.0,7,0,DE,0,Marketing
ACCT-012,LEAD-06354,Digital Retarget,Organic Search,2023-02-04,Prospect,Professional,15345.0,2,51,5,16,19,823.62,100.67,8,1,ES,0,Marketing
ACCT-061,LEAD-04769,Enterprise Expansion,Paid Social,2025-01-19,Opportunity,Growth,57954.0,3,52,456,24,9,3904.82,763.66,7,1,ES,0,Marketing
ACCT-012,LEAD-07540,Year-End Accelerator,Partner Referral,2024-12-23,Qualified Lead,Professional,50300.0,2,52,143,60,5,11084.06,0.0,2,0,ES,0,Marketing
ACCT-061,LEAD-05247,Enterprise Expansion,Email,2024-12-07,Prospect,Enterprise,38725.0,3,52,31,6,5,2007.31,0.0,4,0,ES,0,Marketing
ACCT-081,LEAD-05987,Digital Retarget,Email,2024-12-01,Prospect,Standard,10404.0,2,52,2,11,12,2684.05,0.0,5,0,ES,0,Marketing
ACCT-012,LEAD-09960,NovaPulse Launch,Organic Search,2024-11-26,Prospect,Starter,26868.0,2,52,0,1,2,1158.57,0.0,7,0,SA,0,Marketing
ACCT-012,LEAD-10972,Enterprise Expansion,Partner Referral,2024-10-02,Closed Won,Professional,72298.0,1,52,625,169,35,12140.36,2010.96,1,1,ES,0,Marketing
ACCT-012,LEAD-01399,NovaPulse Launch,Partner Referral,2024-08-10,Closed Won,Professional,72905.0,1,52,407,445,203,9706.21,2762.17,1,1,ES,0,Marketing
ACCT-080,LEAD-02698,Year-End Accelerator,Paid Social,2024-05-21,Qualified Lead,Professional,47025.0,2,52,254,108,26,10694.74,0.0,6,0,US,0,Marketing
ACCT-012,LEAD-06340,Year-End Accelerator,Organic Search,2024-05-09,Prospect,Professional,29938.0,2,52,3,7,11,1665.38,0.0,6,0,SA,0,Marketing
ACCT-014,LEAD-04107,Enterprise Expansion,Direct Mail,2024-04-18,Qualified Lead,Enterprise,46681.0,3,52,269,69,38,7720.63,0.0,5,0,ES,0,Marketing
ACCT-029,LEAD-10906,Year-End Accelerator,Direct Mail,2024-04-18,Qualified Lead,Enterprise,46681.0,3,52,269,69,38,1599.67,0.0,5,0,SA,0,Marketing
ACCT-012,LEAD-02557,Q3 Growth Sprint,Email,2024-03-06,Prospect,Growth,29548.0,2,52,7,6,11,2842.9,71.07,4,1,ES,0,Marketing
ACCT-110,LEAD-08786,Q3 Growth Sprint,Partner Referral,2023-11-23,Qualified Lead,Growth,62058.0,2,52,301,74,58,4407.79,0.0,6,0,DE,0,Marketing
ACCT-081,LEAD-07187,Digital Retarget,Direct Mail,2023-11-14,Qualified Lead,Growth,,3,52,375,48,96,7997.22,0.0,3,0,AU,0,Marketing
ACCT-012,LEAD-06119,Digital Retarget,Organic Search,2023-11-06,Prospect,Enterprise,36736.0,3,52,10,3,4,2176.22,0.0,6,0,ES,0,Marketing
ACCT-083,LEAD-02980,Year-End Accelerator,Organic Search,2023-09-13,Prospect,Growth,8820.0,3,52,12,13,4,1349.08,0.0,8,0,CA,0,Marketing
ACCT-012,LEAD-03850,Year-End Accelerator,Organic Search,2023-05-22,Prospect,Starter,14918.0,2,52,3,3,15,2615.41,0.0,6,0,IN,0,Marketing
ACCT-109,LEAD-01077,Enterprise Expansion,Paid Social,2023-05-20,Qualified Lead,Professional,56715.0,1,52,258,239,9,4045.13,0.0,4,0,ES,0,Marketing
ACCT-012,LEAD-09733,Q3 Growth Sprint,Organic Search,2023-02-14,Lead,Starter,24882.0,2,52,1,10,36,3702.94,153.42,6,1,IN,0,Marketing
ACCT-012,LEAD-08462,Q3 Growth Sprint,Organic Search,2023-02-14,Lead,Starter,24882.0,2,52,1,10,36,3214.3,135.59,6,1,ES,0,Marketing
ACCT-029,LEAD-04764,Digital Retarget,Organic Search,2023-01-22,Opportunity,Growth,40442.0,3,52,45,52,13,2367.78,281.73,7,1,SA,0,Marketing
ACCT-105,LEAD-02223,Enterprise Expansion,Direct Mail,2023-01-05,Qualified Lead,Standard,64176.0,2,52,1215,249,149,3200.15,0.0,6,0,ES,0,Marketing
ACCT-012,LEAD-07788,NovaPulse Launch,Email,2025-01-03,Prospect,Enterprise,23536.0,2,53,6,3,1,1782.04,0.0,3,0,ES,0,Marketing
ACCT-068,LEAD-05827,NovaEdge Awareness,Email,2024-11-11,Lead,Professional,35246.0,3,53,36,12,10,1743.19,0.0,5,0,SA,0,Marketing
ACCT-012,LEAD-02958,NovaPulse Launch,Email,2024-09-16,Lead,Professional,28442.0,3,53,19,10,6,746.52,0.0,4,0,ES,0,Marketing
ACCT-107,LEAD-04954,Year-End Accelerator,Organic Search,2024-08-10,Qualified Lead,Professional,48195.0,3,53,106,68,5,3934.61,0.0,6,0,ES,0,Marketing
ACCT-061,LEAD-03139,Enterprise Expansion,Partner Referral,2024-07-17,Closed Won,Standard,74116.0,1,53,871,704,166,8633.89,4702.47,2,1,SA,0,Marketing
ACCT-012,LEAD-09952,Year-End Accelerator,Direct Mail,2024-06-27,Qualified Lead,Growth,78093.0,1,53,368,639,10,7443.15,0.0,1,0,SA,0,Marketing
ACCT-061,LEAD-08180,Q3 Growth Sprint,Paid Social,2024-05-29,Qualified Lead,Growth,59354.0,3,53,233,53,14,5707.05,0.0,6,0,US,0,Marketing
ACCT-012,LEAD-03276,NovaPulse Launch,Organic Search,2024-05-07,Lead,Standard,36301.0,2,53,11,35,12,1948.76,0.0,7,0,SA,0,Marketing
ACCT-082,LEAD-04994,Year-End Accelerator,Partner Referral,2024-04-10,Closed Won,Growth,77598.0,1,53,1193,281,33,9750.3,2581.08,3,1,ES,0,Marketing
ACCT-012,LEAD-03598,Year-End Accelerator,Partner Referral,2023-11-20,Qualified Lead,Professional,62710.0,2,53,441,83,11,4751.07,0.0,4,0,ES,0,Marketing
ACCT-012,LEAD-00945,Enterprise Expansion,Organic Search,2023-11-19,Lead,Professional,36317.0,2,53,87,25,13,1412.71,0.0,7,0,ES,0,Marketing
ACCT-012,LEAD-05048,Q3 Growth Sprint,Paid Social,2023-11-07,Lead,Enterprise,42767.0,3,53,20,43,38,11347.58,0.0,8,0,SA,0,Marketing
ACCT-033,LEAD-06214,Year-End Accelerator,Organic Search,2023-09-29,Lead,Growth,43815.0,2,53,14,29,15,2527.0,0.0,6,0,ES,0,Marketing
ACCT-081,LEAD-06230,Q3 Growth Sprint,Paid Social,2023-08-06,Lead,Professional,44421.0,3,53,110,59,7,6175.78,0.0,8,0,ES,0,Marketing
ACCT-012,LEAD-02968,Q3 Growth Sprint,Direct Mail,2023-07-22,Closed Won,Enterprise,48948.0,1,53,437,206,42,2490.67,1469.2,6,1,AU,0,Marketing
ACCT-030,LEAD-08800,Q3 Growth Sprint,Direct Mail,2023-07-22,Closed Won,Enterprise,48948.0,1,53,437,206,42,3968.96,2059.6,6,1,SA,0,Marketing
ACCT-012,LEAD-01907,Digital Retarget,Partner Referral,2023-03-07,Closed Won,Growth,63120.0,2,53,965,279,69,8991.62,3029.31,7,1,ES,0,Marketing
ACCT-012,LEAD-10478,Digital Retarget,Paid Social,2023-03-06,Closed Won,Enterprise,55517.0,3,53,483,108,36,8848.47,971.35,9,1,SA,0,Marketing
ACCT-012,LEAD-04188,Digital Retarget,Paid Social,2023-01-16,Opportunity,Professional,36864.0,2,53,204,39,89,10215.92,869.59,8,1,AU,0,Marketing
ACCT-012,LEAD-08720,Enterprise Expansion,Email,2023-01-15,Closed Won,Standard,,1,53,32,1607,22,2104.24,3085.62,0,1,IN,0,Marketing
ACCT-061,LEAD-02225,NovaPulse Launch,Direct Mail,2025-01-07,Closed Won,Professional,82582.0,1,54,510,550,241,2593.52,3611.52,1,1,AU,0,Marketing
ACCT-064,LEAD-04790,Q3 Growth Sprint,Email,2025-01-01,Qualified Lead,Professional,79803.0,2,54,574,216,33,923.16,0.0,1,0,ES,0,Marketing
ACCT-012,LEAD-01131,Enterprise Expansion,Email,2024-10-30,Lead,Enterprise,52569.0,2,54,85,3,7,2300.78,0.0,3,0,SA,0,Marketing
ACCT-012,LEAD-00202,Year-End Accelerator,Partner Referral,2024-10-30,Qualified Lead,Enterprise,82032.0,1,54,332,377,57,8859.8,0.0,1,0,IN,0,Marketing
ACCT-012,LEAD-09589,NovaEdge Awareness,Partner Referral,2024-10-30,Qualified Lead,Enterprise,82032.0,1,54,332,377,57,14002.79,0.0,1,0,IN,0,Marketing
ACCT-012,LEAD-03900,NovaPulse Launch,Partner Referral,2024-10-22,Qualified Lead,Professional,65685.0,2,54,642,49,57,9505.64,0.0,5,0,CA,0,Marketing
ACCT-114,LEAD-09958,Year-End Accelerator,Partner Referral,2024-10-22,Qualified Lead,Professional,65685.0,2,54,642,49,57,10701.71,0.0,5,0,AU,0,Marketing
ACCT-054,LEAD-08955,Q3 Growth Sprint,Email,2024-09-08,Prospect,Enterprise,40451.0,3,54,35,4,10,646.83,60.95,5,1,ES,0,Marketing
ACCT-044,LEAD-10033,NovaEdge Awareness,Organic Search,2024-09-04,Prospect,Standard,31163.0,2,54,2,10,10,3463.44,0.0,6,0,DE,0,Marketing
ACCT-061,LEAD-05751,Enterprise Expansion,Organic Search,2024-09-04,Prospect,Standard,31163.0,2,54,2,10,10,3808.16,0.0,6,0,CA,0,Marketing
ACCT-012,LEAD-03308,Q3 Growth Sprint,Email,2024-07-22,Lead,Professional,35704.0,3,54,30,12,30,2170.54,0.0,4,0,SA,0,Marketing
ACCT-109,LEAD-07297,NovaEdge Awareness,Organic Search,2024-07-13,Lead,Professional,7500.0,2,54,5,10,20,3175.19,0.0,7,0,SA,0,Marketing
ACCT-071,LEAD-08008,Year-End Accelerator,Organic Search,2024-06-25,Lead,Professional,36075.0,2,54,46,30,30,1943.37,0.0,6,0,ES,0,Marketing
ACCT-047,LEAD-01232,Q3 Growth Sprint,Partner Referral,2024-05-07,Qualified Lead,Enterprise,70038.0,1,54,587,348,130,13110.54,0.0,2,0,DE,0,Marketing
ACCT-080,LEAD-02345,Digital Retarget,Partner Referral,2024-05-07,Qualified Lead,Enterprise,70038.0,1,54,587,348,130,5777.2,0.0,2,0,AU,0,Marketing
ACCT-012,LEAD-01628,Q3 Growth Sprint,Paid Social,2024-05-06,Qualified Lead,Professional,71796.0,1,54,354,311,32,9071.7,0.0,4,0,SA,0,Marketing
ACCT-111,LEAD-05081,Digital Retarget,Organic Search,2024-05-01,Prospect,Standard,47821.0,3,54,9,16,10,532.0,0.0,8,0,ES,0,Marketing
ACCT-005,LEAD-00839,Digital Retarget,Email,2024-04-04,Lead,Enterprise,45503.0,2,54,97,44,18,1764.33,0.0,5,0,ES,0,Marketing
ACCT-012,LEAD-03706,Q3 Growth Sprint,Organic Search,2024-02-26,Lead,Professional,28647.0,2,54,19,29,26,1806.2,188.3,7,1,ES,0,Marketing
ACCT-012,LEAD-05154,NovaPulse Launch,Organic Search,2024-02-15,Lead,Growth,37760.0,2,54,26,13,0,2833.64,0.0,6,0,ES,0,Marketing
ACCT-061,LEAD-08584,Year-End Accelerator,Partner Referral,2023-12-07,Qualified Lead,Enterprise,85431.0,1,54,376,462,53,10398.23,0.0,0,0,ES,0,Marketing
ACCT-084,LEAD-06583,NovaPulse Launch,Direct Mail,2023-12-02,Closed Won,Standard,72635.0,1,54,390,323,107,4640.83,1799.36,3,1,ES,0,Marketing
ACCT-012,LEAD-03433,NovaPulse Launch,Direct Mail,2023-12-02,Closed Won,Standard,72635.0,1,54,390,323,107,1542.98,1880.71,3,1,ES,0,Marketing
ACCT-029,LEAD-10486,Year-End Accelerator,Partner Referral,2023-11-26,Qualified Lead,Professional,77142.0,1,54,476,162,97,3142.21,0.0,2,0,ES,0,Marketing
ACCT-006,LEAD-08687,Digital Retarget,Partner Referral,2023-11-01,Qualified Lead,Professional,53172.0,2,54,121,90,125,9353.01,0.0,3,0,IN,0,Marketing
ACCT-081,LEAD-07842,NovaPulse Launch,Organic Search,2023-09-23,Lead,Professional,36065.0,3,54,18,34,3,1461.59,0.0,8,0,ES,0,Marketing
ACCT-039,LEAD-03749,Digital Retarget,Partner Referral,2023-08-23,Qualified Lead,Professional,73926.0,1,54,627,597,15,14729.75,0.0,3,0,CA,0,Marketing
ACCT-008,LEAD-01331,Digital Retarget,Organic Search,2023-06-19,Lead,Professional,35790.0,2,54,12,20,3,560.0,0.0,7,0,AU,0,Marketing
ACCT-012,LEAD-05995,Digital Retarget,Paid Social,2023-06-03,Opportunity,Professional,39552.0,3,54,165,147,41,10131.57,797.28,8,1,ES,0,Marketing
ACCT-012,LEAD-08985,Enterprise Expansion,Partner Referral,2023-04-16,Qualified Lead,Standard,68316.0,2,54,806,161,33,12674.01,0.0,6,0,ES,0,Marketing
ACCT-017,LEAD-02798,NovaPulse Launch,Partner Referral,2023-04-14,Closed Won,Enterprise,102160.0,1,54,763,138,58,13917.28,1660.51,4,1,SA,0,Marketing
ACCT-066,LEAD-07108,Year-End Accelerator,Email,2023-02-13,Qualified Lead,Growth,51390.0,3,54,205,47,56,740.78,0.0,5,0,SA,0,Marketing
ACCT-012,LEAD-02781,NovaPulse Launch,Partner Referral,2025-01-24,Closed Won,Professional,72066.0,1,55,1003,536,34,4786.77,2597.52,2,1,SA,0,Marketing
ACCT-012,LEAD-03623,Digital Retarget,Paid Social,2025-01-11,Prospect,Professional,21675.0,2,55,4,16,4,7264.56,0.0,7,0,IN,0,Marketing
ACCT-115,LEAD-00194,Q3 Growth Sprint,Organic Search,2025-01-09,Prospect,Professional,48006.0,3,55,23,11,2,3353.25,0.0,6,0,ES,0,Marketing
ACCT-105,LEAD-10833,Enterprise Expansion,Partner Referral,2024-12-22,Closed Won,Professional,65106.0,2,55,790,133,19,6207.9,1669.63,6,1,ES,0,Marketing
ACCT-015,LEAD-02315,Digital Retarget,Email,2024-11-15,Lead,Professional,58401.0,2,55,10,11,29,1432.63,0.0,4,0,ES,0,Marketing
ACCT-003,LEAD-06336,NovaPulse Launch,Organic Search,2024-10-31,Prospect,Professional,29315.0,3,55,13,14,4,1921.1,0.0,6,0,SA,0,Marketing
ACCT-073,LEAD-10738,Year-End Accelerator,Organic Search,2024-03-06,Lead,Growth,49389.0,3,55,40,19,3,2477.51,0.0,7,0,AU,0,Marketing
ACCT-012,LEAD-08286,Enterprise Expansion,Organic Search,2024-02-25,Opportunity,Enterprise,51717.0,2,55,98,17,5,3965.82,182.22,7,1,SA,0,Marketing
ACCT-030,LEAD-02166,NovaPulse Launch,Email,2024-01-13,Prospect,Standard,46779.0,3,55,12,3,7,2210.1,0.0,4,0,SA,0,Marketing
ACCT-029,LEAD-10691,Digital Retarget,Organic Search,2023-12-14,Prospect,Growth,28520.0,3,55,11,10,20,3467.53,0.0,6,0,ES,0,Marketing
ACCT-054,LEAD-09739,NovaEdge Awareness,Organic Search,2023-07-08,Lead,Professional,34377.0,2,55,62,22,26,2788.08,0.0,7,0,ES,0,Marketing
ACCT-080,LEAD-01829,Enterprise Expansion,Paid Social,2023-07-08,Closed Won,Enterprise,54959.0,2,55,1148,60,24,10582.19,2694.95,7,1,ES,0,Marketing
ACCT-012,LEAD-06260,Year-End Accelerator,Partner Referral,2023-05-02,Closed Won,Growth,82384.0,1,55,984,432,190,4122.01,3313.29,1,1,AU,0,Marketing
ACCT-061,LEAD-10448,Q3 Growth Sprint,Organic Search,2023-04-02,Opportunity,Professional,46998.0,2,55,172,86,27,2434.46,479.9,7,1,ES,0,Marketing
ACCT-080,LEAD-01343,Digital Retarget,Paid Social,2023-03-05,Qualified Lead,Professional,58554.0,3,55,368,68,88,2094.5,0.0,7,0,US,0,Marketing
ACCT-102,LEAD-04749,Enterprise Expansion,Paid Social,2023-03-05,Qualified Lead,Professional,58554.0,3,55,368,68,88,3713.84,0.0,7,0,IN,0,Marketing
ACCT-030,LEAD-00531,Digital Retarget,Partner Referral,2023-02-28,Closed Won,Enterprise,57333.0,2,55,941,397,176,8998.3,2931.91,6,1,ES,0,Marketing
ACCT-053,LEAD-06905,Digital Retarget,Partner Referral,2023-01-26,Qualified Lead,Professional,80685.0,1,55,241,604,54,12412.52,0.0,2,0,ES,0,Marketing
ACCT-107,LEAD-01045,NovaEdge Awareness,Paid Social,2023-01-19,Qualified Lead,Professional,52117.0,2,55,112,107,20,7658.57,0.0,7,0,ES,0,Marketing
ACCT-081,LEAD-04012,Digital Retarget,Paid Social,2023-01-14,Closed Won,Enterprise,62220.0,2,55,799,375,12,10579.6,1623.19,6,1,DE,0,Marketing
ACCT-048,LEAD-05529,NovaPulse Launch,Paid Social,2025-01-10,Opportunity,Enterprise,64014.0,4,56,406,30,8,7281.59,557.36,7,1,CA,0,Marketing
ACCT-012,LEAD-04001,NovaPulse Launch,Paid Social,2025-01-10,Opportunity,Enterprise,64014.0,4,56,406,30,8,4114.17,1033.88,7,1,SA,0,Marketing
ACCT-030,LEAD-10420,Year-End Accelerator,Paid Social,2024-12-02,Qualified Lead,Growth,46390.0,2,56,95,64,38,10875.54,0.0,7,0,US,0,Marketing
ACCT-102,LEAD-07723,NovaEdge Awareness,Paid Social,2024-11-28,Qualified Lead,Professional,75507.0,1,56,709,374,80,6755.0,0.0,3,0,DE,0,Marketing
ACCT-039,LEAD-02963,Digital Retarget,Paid Social,2024-11-28,Qualified Lead,Professional,75507.0,1,56,709,374,80,2465.62,0.0,3,0,AU,0,Marketing
ACCT-030,LEAD-10634,Q3 Growth Sprint,Partner Referral,2024-11-14,Qualified Lead,Growth,59412.0,1,56,90,165,11,3892.18,0.0,3,0,ES,0,Marketing
ACCT-026,LEAD-05180,Q3 Growth Sprint,Organic Search,2024-11-13,Lead,Enterprise,50616.0,2,56,128,16,4,3739.55,0.0,7,0,ES,0,Marketing
ACCT-061,LEAD-06866,Q3 Growth Sprint,Email,2024-10-16,Prospect,Growth,35924.0,3,56,8,14,7,2748.28,0.0,5,0,SA,0,Marketing
ACCT-012,LEAD-01328,Q3 Growth Sprint,Partner Referral,2024-09-08,Qualified Lead,Standard,57937.0,2,56,261,144,133,9762.12,0.0,3,0,SA,0,Marketing
ACCT-012,LEAD-01139,NovaPulse Launch,Direct Mail,2024-08-28,Closed Won,Enterprise,73356.0,1,56,1050,322,112,1713.86,3639.98,2,1,ES,0,Marketing
ACCT-080,LEAD-04961,Digital Retarget,Email,2024-08-10,Lead,Growth,21255.0,2,56,29,25,3,1286.21,0.0,4,0,ES,0,Marketing
ACCT-012,LEAD-05177,Digital Retarget,Partner Referral,2024-06-28,Qualified Lead,Growth,58494.0,2,56,298,68,19,14537.63,0.0,6,0,SA,0,Marketing
ACCT-012,LEAD-02075,Digital Retarget,Partner Referral,2024-05-28,Qualified Lead,Professional,72460.0,1,56,377,540,10,10044.43,0.0,1,0,SA,0,Marketing
ACCT-081,LEAD-03428,Q3 Growth Sprint,Partner Referral,2024-04-16,Qualified Lead,Enterprise,68682.0,1,56,919,505,45,12027.05,0.0,2,0,ES,0,Marketing
ACCT-037,LEAD-04500,NovaPulse Launch,Partner Referral,2024-04-16,Qualified Lead,Enterprise,68682.0,1,56,919,505,45,11552.54,0.0,2,0,ES,0,Marketing
ACCT-059,LEAD-07369,NovaEdge Awareness,Organic Search,2024-04-12,Lead,Growth,36959.0,2,56,25,25,0,1894.04,0.0,8,0,ES,0,Marketing
ACCT-061,LEAD-04381,NovaEdge Awareness,Partner Referral,2024-02-23,Qualified Lead,Enterprise,46463.0,3,56,163,40,11,3923.25,0.0,6,0,ES,0,Marketing
ACCT-014,LEAD-09964,Year-End Accelerator,Partner Referral,2024-02-11,Qualified Lead,Professional,61825.0,2,56,162,100,27,4949.4,0.0,4,0,ES,0,Marketing
ACCT-012,LEAD-01630,Year-End Accelerator,Partner Referral,2024-02-11,Qualified Lead,Professional,61825.0,2,56,162,100,27,5885.67,0.0,4,0,ES,0,Marketing
ACCT-012,LEAD-05012,Q3 Growth Sprint,Organic Search,2024-01-05,Prospect,Professional,28691.0,2,56,5,13,4,3421.28,0.0,8,0,ES,0,Marketing
ACCT-012,LEAD-06918,NovaPulse Launch,Organic Search,2024-01-05,Prospect,Professional,28691.0,2,56,5,13,4,1862.05,0.0,8,0,ES,0,Marketing
ACCT-012,LEAD-07822,Year-End Accelerator,Partner Referral,2023-12-03,Qualified Lead,Professional,54058.0,2,56,198,252,54,13758.31,0.0,3,0,ES,0,Marketing
ACCT-009,LEAD-10156,Year-End Accelerator,Paid Social,2023-12-02,Qualified Lead,Professional,84196.0,2,56,215,507,190,5317.3,0.0,3,0,ES,0,Marketing
ACCT-113,LEAD-03033,Enterprise Expansion,Direct Mail,2023-11-07,Qualified Lead,Growth,38620.0,1,56,112,44,89,6411.46,0.0,3,0,AU,0,Marketing
ACCT-012,LEAD-04119,Enterprise Expansion,Direct Mail,2023-11-07,Qualified Lead,Growth,38620.0,1,56,112,44,89,2409.68,0.0,3,0,DE,0,Marketing
ACCT-012,LEAD-11110,Year-End Accelerator,Organic Search,2023-10-07,Prospect,Professional,3502.0,2,56,2,1,1,3959.67,0.0,14,0,IN,0,Marketing
ACCT-012,LEAD-00332,Enterprise Expansion,Partner Referral,2023-09-13,Opportunity,Professional,47743.0,2,56,198,43,20,11689.96,509.03,6,1,ES,0,Marketing
ACCT-068,LEAD-00737,NovaPulse Launch,Email,2023-08-24,Closed Won,Enterprise,80360.0,1,56,1493,454,43,2935.81,2832.94,2,1,ES,0,Marketing
ACCT-066,LEAD-10319,Enterprise Expansion,Partner Referral,2023-08-18,Closed Won,Professional,66303.0,2,56,1090,96,60,8245.06,2945.3,8,1,ES,0,Marketing
ACCT-051,LEAD-02683,NovaEdge Awareness,Partner Referral,2023-07-23,Qualified Lead,Professional,52413.0,3,56,295,271,65,7087.11,0.0,6,0,CA,0,Marketing
ACCT-039,LEAD-03445,Digital Retarget,Partner Referral,2023-07-06,Closed Won,Professional,60714.0,1,56,216,224,162,12228.07,2336.34,5,1,SA,0,Marketing
ACCT-012,LEAD-10913,Q3 Growth Sprint,Organic Search,2023-05-20,Prospect,Growth,31385.0,2,56,3,12,9,1888.46,59.55,8,1,ES,0,Marketing
ACCT-057,LEAD-04427,Q3 Growth Sprint,Partner Referral,2023-02-24,Closed Won,Standard,83257.0,1,56,536,590,67,3355.51,2123.02,6,1,ES,1,Marketing
ACCT-012,LEAD-08717,Digital Retarget,Paid Social,2023-02-17,Qualified Lead,Enterprise,80427.0,2,56,1149,449,26,11925.86,0.0,5,0,IN,0,Marketing
ACCT-029,LEAD-02066,Q3 Growth Sprint,Organic Search,2023-02-03,Lead,Professional,38823.0,2,56,70,11,23,2217.11,0.0,6,0,ES,0,Marketing
ACCT-012,LEAD-03340,Digital Retarget,Paid Social,2023-01-20,Opportunity,Professional,42014.0,2,56,244,108,50,5558.11,1056.64,8,1,CA,0,Marketing
ACCT-012,LEAD-08685,Digital Retarget,Paid Social,2023-01-20,Opportunity,Professional,42014.0,2,56,244,108,50,6318.48,908.45,8,1,SA,0,Marketing
ACCT-029,LEAD-04149,Enterprise Expansion,Direct Mail,2024-12-10,Qualified Lead,Enterprise,76140.0,1,57,586,653,26,5794.37,0.0,2,0,ES,0,Marketing
ACCT-014,LEAD-08726,Q3 Growth Sprint,Organic Search,2024-11-25,Lead,Standard,41713.0,3,57,77,44,25,799.93,0.0,6,0,CA,0,Marketing
ACCT-023,LEAD-02295,Enterprise Expansion,Partner Referral,2024-08-23,Qualified Lead,Enterprise,62670.0,2,57,539,92,38,10423.39,0.0,3,0,SA,0,Marketing
ACCT-012,LEAD-03283,NovaEdge Awareness,Partner Referral,2024-08-08,Qualified Lead,Standard,70932.0,2,57,200,100,185,12576.66,0.0,3,0,ES,0,Marketing
ACCT-074,LEAD-01915,NovaEdge Awareness,Paid Social,2024-06-28,Qualified Lead,Enterprise,78939.0,1,57,794,243,205,9131.09,0.0,3,0,DE,0,Marketing
ACCT-012,LEAD-00800,Q3 Growth Sprint,Email,2024-03-07,Prospect,Professional,44512.0,3,57,23,6,2,705.1,0.0,4,0,SA,0,Marketing
ACCT-012,LEAD-09166,Year-End Accelerator,Partner Referral,2024-02-13,Qualified Lead,Professional,63967.0,2,57,387,141,162,4850.65,0.0,2,0,ES,0,Marketing
ACCT-082,LEAD-05147,Digital Retarget,Partner Referral,2024-02-01,Qualified Lead,Professional,90842.0,1,57,774,118,93,11540.13,0.0,1,0,ES,0,Marketing
ACCT-012,LEAD-00013,NovaEdge Awareness,Organic Search,2024-01-24,Prospect,Enterprise,25358.0,2,57,19,5,8,2718.65,0.0,6,0,SA,0,Marketing
ACCT-061,LEAD-08557,NovaEdge Awareness,Organic Search,2023-12-17,Prospect,Professional,,2,57,11,22,6,3088.79,0.0,6,0,AU,0,Marketing
ACCT-012,LEAD-08724,NovaPulse Launch,Organic Search,2023-12-17,Prospect,Professional,28567.0,2,57,11,22,6,1608.37,0.0,6,0,ES,0,Marketing
ACCT-012,LEAD-09381,Enterprise Expansion,Partner Referral,2023-12-12,Qualified Lead,Professional,66373.0,3,57,328,124,109,4278.61,0.0,3,0,AU,0,Marketing
ACCT-012,LEAD-09384,NovaPulse Launch,Partner Referral,2023-12-12,Qualified Lead,Professional,66373.0,3,57,328,124,109,3062.34,0.0,3,0,AU,0,Marketing
ACCT-012,LEAD-03560,Year-End Accelerator,Partner Referral,2023-11-08,Closed Won,Professional,83844.0,1,57,901,345,191,6699.21,2625.26,1,1,DE,0,Marketing
ACCT-029,LEAD-00241,Year-End Accelerator,Partner Referral,2023-11-08,Closed Won,Professional,83844.0,1,57,901,345,191,6237.2,2159.94,1,1,ES,0,Marketing
ACCT-042,LEAD-07521,Year-End Accelerator,Partner Referral,2023-11-08,Closed Won,Professional,83844.0,1,57,901,345,191,5248.7,2807.22,1,1,CA,0,Marketing
ACCT-030,LEAD-09799,NovaEdge Awareness,Partner Referral,2023-11-04,Qualified Lead,Enterprise,83664.0,3,57,866,151,86,9656.88,0.0,5,0,ES,0,Marketing
ACCT-012,LEAD-05123,Digital Retarget,Organic Search,2023-10-09,Lead,Growth,27450.0,1,57,37,23,52,1928.15,0.0,7,0,ES,0,Marketing
ACCT-030,LEAD-00448,Year-End Accelerator,Partner Referral,2023-08-21,Qualified Lead,Enterprise,54880.0,2,57,308,137,118,3315.14,0.0,5,0,ES,0,Marketing
ACCT-107,LEAD-04837,NovaEdge Awareness,Partner Referral,2023-08-07,Qualified Lead,Enterprise,71322.0,2,57,753,226,204,7246.97,0.0,4,0,ES,0,Marketing
ACCT-030,LEAD-09365,Digital Retarget,Paid Social,2023-06-07,Qualified Lead,Enterprise,60000.0,2,57,1048,217,12,2930.64,0.0,6,0,ES,0,Marketing
ACCT-081,LEAD-08932,Year-End Accelerator,Paid Social,2023-04-10,Qualified Lead,Growth,65176.0,2,57,960,183,70,7980.44,0.0,6,0,SA,0,Marketing
ACCT-012,LEAD-07055,Digital Retarget,Partner Referral,2023-03-19,Qualified Lead,Enterprise,61010.0,2,57,888,57,76,6893.16,0.0,5,0,CA,0,Marketing
ACCT-084,LEAD-03537,Enterprise Expansion,Organic Search,2023-01-20,Lead,Professional,31089.0,2,57,31,31,4,1848.33,0.0,8,0,ES,0,Marketing
ACCT-068,LEAD-09081,Enterprise Expansion,Email,2024-12-16,Prospect,Professional,20518.0,2,58,4,6,9,1229.62,0.0,5,0,ES,0,Marketing
ACCT-012,LEAD-04988,Q3 Growth Sprint,Email,2024-12-01,Lead,Enterprise,34469.0,3,58,19,20,12,1469.5,0.0,4,0,SA,0,Marketing
ACCT-037,LEAD-01050,NovaPulse Launch,Email,2024-11-26,Lead,Professional,28332.0,1,58,14,13,9,711.75,0.0,2,0,DE,0,Marketing
ACCT-054,LEAD-05610,NovaPulse Launch,Organic Search,2024-11-16,Prospect,Professional,33456.0,3,58,7,10,7,3653.98,0.0,7,0,IN,0,Marketing
ACCT-077,LEAD-03526,Year-End Accelerator,Organic Search,2024-08-17,Prospect,Enterprise,38443.0,3,58,32,5,1,3668.23,0.0,7,0,ES,0,Marketing
ACCT-014,LEAD-05136,Enterprise Expansion,Paid Social,2024-08-06,Closed Won,Professional,65333.0,2,58,654,92,30,11781.73,1550.95,6,1,CA,0,Marketing
ACCT-012,LEAD-01411,NovaEdge Awareness,Direct Mail,2024-05-24,Qualified Lead,Professional,82623.0,1,58,204,204,173,2602.29,0.0,1,0,ES,0,Marketing
ACCT-081,LEAD-00701,Q3 Growth Sprint,Partner Referral,2024-05-20,Closed Won,Professional,73691.0,2,58,707,250,73,7568.78,1627.6,2,1,ES,0,Marketing
ACCT-012,LEAD-06203,Digital Retarget,Partner Referral,2024-02-29,Qualified Lead,Professional,74485.0,1,58,499,815,49,6613.58,0.0,3,0,ES,0,Marketing
ACCT-068,LEAD-07192,Year-End Accelerator,Partner Referral,2023-10-09,Qualified Lead,Professional,65748.0,2,58,172,93,34,8917.49,0.0,1,0,ES,1,Marketing
ACCT-012,LEAD-05181,Enterprise Expansion,Organic Search,2023-09-11,Prospect,Starter,24367.0,2,58,2,2,5,721.44,0.0,9,0,ES,0,Marketing
ACCT-030,LEAD-09220,Digital Retarget,Paid Social,2023-07-06,Closed Won,Professional,91700.0,1,58,576,961,19,6346.76,3438.95,3,1,ES,0,Marketing
ACCT-012,LEAD-07734,NovaPulse Launch,Direct Mail,2023-06-04,Closed Won,Professional,79244.0,1,58,471,125,245,4647.5,1580.8,1,1,AU,0,Marketing
ACCT-012,LEAD-10446,NovaPulse Launch,Partner Referral,2023-04-19,Closed Won,Enterprise,82017.0,1,58,184,446,23,6020.4,1108.49,2,1,CA,0,Marketing
ACCT-101,LEAD-05524,Digital Retarget,Direct Mail,2023-02-09,Closed Won,Professional,58138.0,1,58,635,546,88,5562.72,3188.64,7,1,US,0,Marketing
ACCT-107,LEAD-03830,Q3 Growth Sprint,Partner Referral,2024-11-20,Qualified Lead,Growth,59354.0,3,59,295,78,13,5346.58,0.0,3,0,CA,0,Marketing
ACCT-012,LEAD-05186,Enterprise Expansion,Partner Referral,2024-10-04,Closed Won,Enterprise,58482.0,2,59,576,115,7,4283.67,1166.72,6,1,CA,0,Marketing
ACCT-012,LEAD-08514,NovaPulse Launch,Organic Search,2024-08-06,Prospect,Professional,29478.0,2,59,8,7,1,3820.88,0.0,6,0,ES,0,Marketing
ACCT-021,LEAD-07165,NovaEdge Awareness,Partner Referral,2024-05-03,Qualified Lead,Professional,64474.0,2,59,381,172,93,6986.61,0.0,5,0,ES,0,Marketing
ACCT-012,LEAD-10236,NovaPulse Launch,Organic Search,2024-03-25,Lead,Growth,31160.0,2,59,16,25,13,2670.67,0.0,8,0,SA,0,Marketing
ACCT-038,LEAD-02392,Year-End Accelerator,Organic Search,2024-02-01,Lead,Professional,40321.0,3,59,44,21,27,3314.27,0.0,7,0,ES,0,Marketing
ACCT-061,LEAD-01920,NovaPulse Launch,Organic Search,2024-02-01,Lead,Professional,40321.0,3,59,44,21,27,1653.4,0.0,7,0,ES,0,Marketing
ACCT-012,LEAD-03673,NovaEdge Awareness,Partner Referral,2024-01-15,Qualified Lead,Professional,55239.0,2,59,371,238,106,7016.83,0.0,5,0,SA,0,Marketing
ACCT-080,LEAD-01453,NovaEdge Awareness,Partner Referral,2024-01-07,Qualified Lead,Enterprise,57513.0,1,59,735,183,30,12785.71,0.0,6,0,ES,0,Marketing
ACCT-022,LEAD-04518,NovaPulse Launch,Partner Referral,2023-10-15,Qualified Lead,Professional,85693.0,2,59,386,183,111,13314.1,0.0,5,0,CA,0,Marketing
ACCT-030,LEAD-08969,Digital Retarget,Partner Referral,2023-07-05,Qualified Lead,Professional,71855.0,2,59,548,422,28,14690.7,0.0,3,0,SA,0,Marketing
ACCT-012,LEAD-00387,Enterprise Expansion,Organic Search,2023-04-26,Lead,Starter,7500.0,1,59,6,11,16,976.44,0.0,8,0,US,0,Marketing
ACCT-012,LEAD-01079,Enterprise Expansion,Partner Referral,2023-03-26,Closed Won,Enterprise,71969.0,2,59,1000,76,10,6847.98,2640.57,8,1,IN,0,Marketing
ACCT-012,LEAD-00164,Q3 Growth Sprint,Organic Search,2023-03-23,Qualified Lead,Enterprise,28973.0,1,59,206,46,12,1202.98,0.0,8,0,ES,0,Marketing
ACCT-005,LEAD-03434,Q3 Growth Sprint,Partner Referral,2024-12-09,Qualified Lead,Professional,80872.0,1,60,483,567,108,6770.2,0.0,1,0,ES,0,Marketing
ACCT-012,LEAD-05721,Year-End Accelerator,Direct Mail,2024-12-08,Closed Won,Enterprise,84117.0,1,60,611,749,26,7769.74,3851.33,2,1,CA,0,Marketing
ACCT-012,LEAD-08418,NovaPulse Launch,Organic Search,2024-10-23,Lead,Standard,38741.0,3,60,7,17,13,1520.07,0.0,7,0,DE,0,Marketing
ACCT-005,LEAD-05300,Q3 Growth Sprint,Organic Search,2024-07-17,Lead,Growth,38961.0,2,60,19,19,24,2932.35,0.0,7,0,ES,0,Marketing
ACCT-005,LEAD-10424,Q3 Growth Sprint,Partner Referral,2024-06-25,Qualified Lead,Professional,75922.0,1,60,265,553,92,8892.09,0.0,1,0,SA,0,Marketing
ACCT-012,LEAD-11171,Digital Retarget,Paid Social,2024-04-21,Qualified Lead,Growth,56962.0,4,60,292,77,26,7758.79,0.0,7,0,AU,0,Marketing
ACCT-012,LEAD-01600,Year-End Accelerator,Paid Social,2024-04-21,Qualified Lead,Growth,56962.0,4,60,292,77,26,4424.24,0.0,7,0,SA,0,Marketing
ACCT-074,LEAD-07851,Enterprise Expansion,Partner Referral,2024-04-01,Qualified Lead,Professional,70165.0,1,60,161,253,122,7512.66,0.0,1,0,ES,0,Marketing
ACCT-012,LEAD-10701,NovaPulse Launch,Partner Referral,2024-03-20,Closed Won,Professional,65308.0,1,60,713,264,34,12797.93,2071.8,4,1,US,0,Marketing
ACCT-012,LEAD-00891,Enterprise Expansion,Email,2024-03-15,Prospect,Growth,29298.0,3,60,6,2,1,784.72,0.0,5,0,ES,0,Marketing
ACCT-057,LEAD-06912,NovaPulse Launch,Partner Referral,2024-02-25,Qualified Lead,Enterprise,63246.0,3,60,593,91,7,9766.21,0.0,4,0,ES,0,Marketing
ACCT-014,LEAD-05967,Enterprise Expansion,Organic Search,2024-01-20,Lead,Professional,33402.0,3,60,26,19,8,2572.79,0.0,8,0,DE,0,Marketing
ACCT-012,LEAD-02109,Year-End Accelerator,Direct Mail,2023-10-18,Closed Won,Professional,96843.0,1,60,448,951,17,5046.59,3221.13,2,1,ES,0,Marketing
ACCT-012,LEAD-06292,Year-End Accelerator,Partner Referral,2023-09-22,Closed Won,Enterprise,82333.0,1,60,1311,359,17,9601.19,4443.69,2,1,DE,0,Marketing
ACCT-081,LEAD-08537,NovaPulse Launch,Direct Mail,2023-08-19,Closed Won,Professional,72643.0,1,60,526,553,53,4500.54,3030.73,2,1,ES,0,Marketing
ACCT-012,LEAD-09576,NovaPulse Launch,Organic Search,2023-08-02,Lead,Enterprise,32313.0,2,60,86,56,7,2034.59,0.0,9,0,ES,0,Marketing
ACCT-066,LEAD-05935,NovaEdge Awareness,Partner Referral,2023-06-10,Qualified Lead,Growth,55284.0,2,60,547,140,63,6495.97,0.0,5,0,IN,0,Marketing
ACCT-061,LEAD-10264,Q3 Growth Sprint,Organic Search,2023-03-20,Prospect,Professional,15287.0,2,60,1,8,13,2924.92,70.2,7,1,SA,0,Marketing
ACCT-030,LEAD-00234,Q3 Growth Sprint,Organic Search,2023-03-20,Prospect,Professional,15287.0,2,60,1,8,13,3284.8,53.69,7,1,ES,0,Marketing
ACCT-029,LEAD-03202,Enterprise Expansion,Partner Referral,2023-03-10,Closed Won,Enterprise,51563.0,1,60,1166,48,36,8991.64,2529.17,8,1,SA,0,Marketing
ACCT-012,LEAD-01103,Q3 Growth Sprint,Partner Referral,2023-03-08,Closed Won,Growth,81929.0,2,60,1486,278,185,5904.25,4221.51,6,1,AU,0,Marketing
ACCT-109,LEAD-00610,Year-End Accelerator,Paid Social,2023-01-09,Qualified Lead,Enterprise,53593.0,3,60,349,78,43,9152.36,0.0,8,0,AU,0,Marketing
ACCT-071,LEAD-04480,Year-End Accelerator,Paid Social,2024-10-01,Qualified Lead,Growth,60432.0,2,61,365,15,11,9890.77,0.0,6,0,SA,0,Marketing
ACCT-080,LEAD-10660,Enterprise Expansion,Paid Social,2024-08-01,Opportunity,Growth,66726.0,3,61,349,35,47,2739.65,1089.7,7,1,ES,0,Marketing
ACCT-050,LEAD-09353,Enterprise Expansion,Direct Mail,2024-07-25,Closed Won,Professional,62450.0,2,61,515,267,38,4615.03,1712.44,3,1,IN,0,Marketing
ACCT-030,LEAD-04120,Year-End Accelerator,Paid Social,2024-07-03,Qualified Lead,Standard,49514.0,2,61,88,78,93,7066.13,0.0,7,0,IN,0,Marketing
ACCT-012,LEAD-02836,Year-End Accelerator,Organic Search,2024-03-25,Prospect,Enterprise,43269.0,2,61,10,7,1,3721.37,0.0,8,0,DE,0,Marketing
ACCT-081,LEAD-09579,Enterprise Expansion,Organic Search,2024-01-08,Lead,Enterprise,33762.0,4,61,53,34,16,2920.98,0.0,8,0,CA,0,Marketing
ACCT-012,LEAD-05841,Enterprise Expansion,Paid Social,2023-12-29,Qualified Lead,Professional,60894.0,2,61,606,155,54,7436.45,0.0,7,0,ES,0,Marketing
ACCT-012,LEAD-03174,NovaPulse Launch,Direct Mail,2023-11-19,Closed Won,Professional,87771.0,2,61,1492,287,33,6639.69,3263.08,6,1,ES,0,Marketing
ACCT-103,LEAD-05536,NovaPulse Launch,Direct Mail,2023-11-19,Closed Won,Professional,87771.0,2,61,1492,287,33,7320.76,3714.34,6,1,CA,0,Marketing
ACCT-012,LEAD-02061,Enterprise Expansion,Organic Search,2023-11-07,Lead,Professional,50737.0,2,61,78,11,10,2733.63,129.74,6,1,ES,0,Marketing
ACCT-080,LEAD-08477,Digital Retarget,Organic Search,2023-09-01,Prospect,Professional,26150.0,4,61,5,13,1,3191.34,0.0,7,0,ES,0,Marketing
ACCT-081,LEAD-00640,Year-End Accelerator,Partner Referral,2023-09-01,Qualified Lead,Professional,57304.0,2,61,356,329,106,10891.22,0.0,5,0,ES,0,Marketing
ACCT-081,LEAD-03828,NovaPulse Launch,Partner Referral,2023-08-08,Qualified Lead,Professional,71107.0,2,61,533,217,195,7260.11,0.0,4,0,ES,0,Marketing
ACCT-012,LEAD-04093,NovaEdge Awareness,Email,2023-08-02,Qualified Lead,Growth,53253.0,3,61,216,57,125,2117.5,0.0,5,0,CA,0,Marketing
ACCT-012,LEAD-08624,Q3 Growth Sprint,Partner Referral,2023-07-27,Qualified Lead,Professional,81320.0,1,61,183,493,57,3531.56,0.0,2,0,SA,0,Marketing
ACCT-012,LEAD-02802,NovaPulse Launch,Partner Referral,2023-05-31,Qualified Lead,Standard,87000.0,1,61,196,607,49,14803.3,0.0,2,0,AU,0,Marketing
ACCT-101,LEAD-00368,Q3 Growth Sprint,Partner Referral,2023-05-13,Qualified Lead,Professional,40049.0,2,61,91,52,28,11129.66,0.0,5,0,IN,0,Marketing
ACCT-081,LEAD-03599,Digital Retarget,Partner Referral,2023-05-10,Qualified Lead,Professional,63684.0,2,61,575,428,80,7795.41,0.0,5,0,ES,0,Marketing
ACCT-012,LEAD-03389,Digital Retarget,Partner Referral,2023-05-06,Qualified Lead,Professional,69016.0,2,61,726,363,161,12032.19,0.0,5,0,ES,0,Marketing
ACCT-074,LEAD-10710,NovaPulse Launch,Organic Search,2023-02-02,Prospect,Professional,7500.0,2,61,5,3,5,3880.01,0.0,8,0,ES,0,Marketing
ACCT-012,LEAD-07118,Q3 Growth Sprint,Paid Social,2023-01-03,Closed Won,Professional,73803.0,2,61,833,363,174,6304.56,1854.55,6,1,CA,0,Marketing
ACCT-081,LEAD-04937,Digital Retarget,Organic Search,2025-01-10,Prospect,Standard,46094.0,3,62,12,20,5,1405.58,0.0,7,0,ES,0,Marketing
ACCT-047,LEAD-01127,Year-End Accelerator,Partner Referral,2024-12-28,Closed Won,Enterprise,85844.0,1,62,938,843,38,9128.11,3670.15,2,1,ES,0,Marketing
ACCT-021,LEAD-00833,Digital Retarget,Organic Search,2024-10-23,Lead,Growth,38452.0,3,62,56,14,2,2531.81,0.0,7,0,ES,0,Marketing
ACCT-022,LEAD-03565,NovaEdge Awareness,Organic Search,2024-10-23,Lead,Growth,38452.0,3,62,56,14,2,2513.32,0.0,7,0,ES,0,Marketing
ACCT-012,LEAD-06086,NovaPulse Launch,Partner Referral,2024-06-07,Closed Won,Professional,80395.0,1,62,445,706,48,8349.34,2357.69,2,1,AU,0,Marketing
ACCT-102,LEAD-01763,NovaPulse Launch,Direct Mail,2024-01-30,Closed Won,Professional,87679.0,1,62,1259,815,33,6520.22,4960.08,4,1,CA,0,Marketing
ACCT-012,LEAD-04697,Digital Retarget,Paid Social,2023-12-13,Qualified Lead,Growth,35416.0,1,62,248,81,51,7004.66,0.0,8,0,SA,0,Marketing
ACCT-012,LEAD-00182,Q3 Growth Sprint,Paid Social,2023-11-07,Qualified Lead,Enterprise,44124.0,2,62,284,55,52,5449.67,0.0,8,0,ES,0,Marketing
ACCT-014,LEAD-01165,NovaEdge Awareness,Partner Referral,2023-10-28,Qualified Lead,Enterprise,50729.0,3,62,239,143,52,3294.75,0.0,6,0,SA,0,Marketing
ACCT-057,LEAD-05386,NovaPulse Launch,Direct Mail,2023-08-25,Closed Won,Professional,94384.0,1,62,1111,790,172,2179.57,4007.25,2,1,SA,0,Marketing
ACCT-012,LEAD-06024,NovaPulse Launch,Direct Mail,2023-08-25,Closed Won,Professional,94384.0,1,62,1111,790,172,7751.23,3109.75,2,1,ES,0,Marketing
ACCT-012,LEAD-02678,Q3 Growth Sprint,Paid Social,2023-08-04,Qualified Lead,Professional,34412.0,2,62,52,50,55,11406.76,0.0,9,0,AU,0,Marketing
ACCT-033,LEAD-05790,NovaPulse Launch,Organic Search,2023-07-17,Lead,Professional,31158.0,2,62,25,16,5,995.86,0.0,8,0,ES,0,Marketing
ACCT-012,LEAD-00236,Q3 Growth Sprint,Organic Search,2023-07-08,Lead,Professional,34838.0,3,62,28,29,47,1591.62,0.0,6,0,CA,0,Marketing
ACCT-029,LEAD-06001,NovaEdge Awareness,Partner Referral,2023-06-19,Qualified Lead,Professional,56775.0,2,62,614,160,35,8463.99,0.0,5,0,ES,0,Marketing
ACCT-081,LEAD-06250,Digital Retarget,Paid Social,2023-05-02,Closed Won,Enterprise,54356.0,2,62,710,30,0,4068.67,1416.55,8,1,ES,0,Marketing
ACCT-012,LEAD-01168,Year-End Accelerator,Partner Referral,2023-04-10,Qualified Lead,Enterprise,72159.0,1,62,322,899,53,8713.95,0.0,2,0,ES,0,Marketing
ACCT-082,LEAD-10749,Enterprise Expansion,Direct Mail,2023-02-24,Lead,Professional,8028.0,1,62,73,66,2,4348.08,0.0,19,0,ES,0,Marketing
ACCT-012,LEAD-02926,NovaEdge Awareness,Partner Referral,2023-01-27,Closed Won,Growth,55951.0,2,62,1241,80,40,11361.16,2218.44,8,1,SA,0,Marketing
ACCT-012,LEAD-00716,Q3 Growth Sprint,Partner Referral,2024-12-20,Qualified Lead,Enterprise,67911.0,2,63,529,356,0,6603.17,0.0,3,0,ES,0,Marketing
ACCT-012,LEAD-06544,Year-End Accelerator,Partner Referral,2024-12-20,Qualified Lead,Enterprise,67911.0,2,63,529,356,0,12722.23,0.0,3,0,DE,0,Marketing
ACCT-012,LEAD-04298,Q3 Growth Sprint,Organic Search,2024-10-17,Prospect,Enterprise,20427.0,2,63,5,4,1,902.8,0.0,8,0,ES,0,Marketing
ACCT-111,LEAD-05823,Enterprise Expansion,Email,2024-09-29,Prospect,Enterprise,32303.0,2,63,35,2,2,2622.95,0.0,5,0,IN,0,Marketing
ACCT-012,LEAD-08375,Digital Retarget,Paid Social,2024-09-24,Qualified Lead,Enterprise,55954.0,2,63,447,28,43,8479.7,0.0,7,0,AU,0,Marketing
ACCT-012,LEAD-05723,Digital Retarget,Email,2024-07-31,Lead,Enterprise,49187.0,2,63,81,31,0,2192.85,0.0,2,0,ES,0,Marketing
ACCT-012,LEAD-05763,Enterprise Expansion,Paid Social,2024-05-24,Qualified Lead,Growth,49854.0,2,63,123,171,30,3643.54,0.0,6,0,CA,0,Marketing
ACCT-068,LEAD-08727,Enterprise Expansion,Paid Social,2024-04-25,Qualified Lead,Professional,63693.0,2,63,587,337,54,11839.0,0.0,6,0,SA,0,Marketing
ACCT-081,LEAD-03056,Q3 Growth Sprint,Paid Social,2024-04-25,Qualified Lead,Professional,63693.0,2,63,587,337,54,4439.13,0.0,6,0,SA,0,Marketing
ACCT-042,LEAD-08442,NovaPulse Launch,Organic Search,2024-03-12,Prospect,Growth,19510.0,3,63,9,7,7,1110.59,0.0,7,0,CA,0,Marketing
ACCT-012,LEAD-03712,Enterprise Expansion,Partner Referral,2024-03-04,Opportunity,Professional,52332.0,1,63,212,33,2,4921.63,499.3,4,1,IN,0,Marketing
ACCT-022,LEAD-10722,Q3 Growth Sprint,Direct Mail,2024-02-26,Closed Won,Professional,55593.0,2,63,293,124,106,7730.01,819.77,6,1,IN,0,Marketing
ACCT-012,LEAD-02406,NovaPulse Launch,Partner Referral,2024-02-08,Qualified Lead,Professional,54591.0,2,63,376,94,24,7860.57,0.0,5,0,AU,0,Marketing
ACCT-081,LEAD-07313,NovaPulse Launch,Partner Referral,2023-12-02,Closed Won,Standard,74859.0,1,63,570,614,73,5213.42,3181.05,3,1,CA,0,Marketing
ACCT-012,LEAD-02656,Year-End Accelerator,Organic Search,2023-08-13,Lead,Professional,40851.0,3,63,23,7,24,2012.47,0.0,7,0,CA,0,Marketing
ACCT-005,LEAD-01993,Enterprise Expansion,Partner Referral,2023-06-08,Closed Won,Enterprise,58607.0,2,63,867,86,19,3350.31,1942.39,8,1,US,0,Marketing
ACCT-080,LEAD-04136,Q3 Growth Sprint,Paid Social,2023-05-18,Lead,Starter,7500.0,2,63,10,18,40,3973.24,0.0,9,0,ES,0,Marketing
ACCT-030,LEAD-02928,NovaPulse Launch,Partner Referral,2023-05-15,Qualified Lead,Enterprise,52614.0,2,63,789,142,38,10106.44,0.0,8,0,ES,0,Marketing
ACCT-054,LEAD-02920,Year-End Accelerator,Partner Referral,2023-05-15,Qualified Lead,Enterprise,52614.0,2,63,789,142,38,7666.03,0.0,8,0,MX,0,Marketing
ACCT-012,LEAD-06661,NovaEdge Awareness,Partner Referral,2023-01-15,Qualified Lead,Professional,67445.0,2,63,757,217,11,11456.83,0.0,6,0,ES,0,Marketing
ACCT-030,LEAD-05462,Q3 Growth Sprint,Partner Referral,2023-01-15,Qualified Lead,Professional,67445.0,2,63,757,217,11,5469.41,0.0,6,0,IN,0,Marketing
ACCT-012,LEAD-10897,NovaEdge Awareness,Partner Referral,2023-01-15,Qualified Lead,Professional,67445.0,2,63,757,217,11,12027.91,0.0,6,0,AU,0,Marketing
ACCT-082,LEAD-10542,NovaPulse Launch,Organic Search,2023-01-07,Lead,Enterprise,36778.0,3,63,29,34,4,3330.55,0.0,9,0,ES,0,Marketing
ACCT-102,LEAD-05756,Q3 Growth Sprint,Organic Search,2024-10-28,Lead,Professional,39453.0,2,64,46,7,2,718.97,0.0,6,0,ES,0,Marketing
ACCT-080,LEAD-03570,NovaPulse Launch,Email,2024-05-02,Qualified Lead,Enterprise,42731.0,2,64,159,51,24,754.38,0.0,5,0,SA,0,Marketing
ACCT-005,LEAD-01072,Year-End Accelerator,Organic Search,2024-03-07,Lead,Enterprise,40760.0,2,64,70,17,6,3551.93,0.0,6,0,CA,0,Marketing
ACCT-012,LEAD-09606,NovaPulse Launch,Partner Referral,2024-03-03,Closed Won,Enterprise,69969.0,1,64,882,514,44,5243.52,2494.13,3,1,ES,0,Marketing
ACCT-012,LEAD-02730,NovaPulse Launch,Partner Referral,2024-02-25,Qualified Lead,Professional,80317.0,1,64,536,387,57,8490.61,0.0,1,0,CA,0,Marketing
ACCT-012,LEAD-02995,NovaEdge Awareness,Partner Referral,2024-02-21,Qualified Lead,Growth,66636.0,1,64,291,689,0,6148.24,0.0,1,0,ES,0,Marketing
ACCT-002,LEAD-08210,Q3 Growth Sprint,Partner Referral,2024-02-19,Qualified Lead,Growth,54730.0,2,64,318,17,56,13351.64,0.0,4,0,ES,0,Marketing
ACCT-012,LEAD-00773,Digital Retarget,Direct Mail,2023-12-31,Qualified Lead,Growth,42835.0,3,64,379,93,98,4930.15,0.0,6,0,IN,0,Marketing
ACCT-012,LEAD-05272,Year-End Accelerator,Paid Social,2023-12-28,Qualified Lead,Growth,53843.0,2,64,378,88,73,8391.09,0.0,7,0,SA,0,Marketing
ACCT-012,LEAD-05125,NovaEdge Awareness,Partner Referral,2023-11-13,Qualified Lead,Professional,79530.0,1,64,333,815,29,10163.65,0.0,2,0,ES,0,Marketing
ACCT-012,LEAD-04391,Digital Retarget,Partner Referral,2023-10-16,Qualified Lead,Growth,63841.0,2,64,635,100,131,10335.7,0.0,6,0,SA,0,Marketing
ACCT-012,LEAD-06283,NovaEdge Awareness,Partner Referral,2023-10-16,Qualified Lead,Growth,63841.0,2,64,635,100,131,10044.06,0.0,6,0,ES,0,Marketing
ACCT-007,LEAD-03421,NovaEdge Awareness,Partner Referral,2023-10-16,Qualified Lead,Growth,63841.0,2,64,635,100,131,7175.1,0.0,6,0,AU,0,Marketing
ACCT-030,LEAD-05731,NovaEdge Awareness,Organic Search,2023-09-29,Prospect,Growth,27100.0,2,64,12,13,10,3459.31,0.0,7,0,ES,0,Marketing
ACCT-012,LEAD-07152,NovaPulse Launch,Organic Search,2023-09-29,Prospect,Growth,27100.0,2,64,12,13,10,2660.77,0.0,7,0,DE,0,Marketing
ACCT-012,LEAD-03919,NovaPulse Launch,Partner Referral,2023-09-01,Closed Won,Growth,72309.0,1,64,960,883,0,12764.86,4089.44,3,1,CA,0,Marketing
ACCT-012,LEAD-06097,NovaEdge Awareness,Paid Social,2023-07-05,Qualified Lead,Professional,50664.0,3,64,313,104,126,4974.45,0.0,9,0,SA,0,Marketing
ACCT-012,LEAD-05150,Q3 Growth Sprint,Organic Search,2023-06-02,Prospect,Starter,20194.0,2,64,0,7,15,2650.7,0.0,6,0,ES,0,Marketing
ACCT-061,LEAD-10479,Enterprise Expansion,Email,2023-05-22,Qualified Lead,Enterprise,76618.0,1,64,749,294,147,711.88,0.0,1,0,AU,0,Marketing
ACCT-012,LEAD-05966,Enterprise Expansion,Partner Referral,2023-04-23,Opportunity,Enterprise,45207.0,3,64,203,10,2,4607.37,290.94,6,1,ES,0,Marketing
ACCT-055,LEAD-03439,NovaEdge Awareness,Organic Search,2023-04-12,Qualified Lead,Professional,56721.0,3,64,157,39,75,1568.83,0.0,6,0,ES,0,Marketing
ACCT-012,LEAD-06609,Digital Retarget,Organic Search,2023-02-24,Opportunity,Professional,27038.0,1,64,1,25,15,1140.66,224.86,9,1,SA,0,Marketing
ACCT-012,LEAD-05393,Digital Retarget,Organic Search,2023-01-09,Prospect,Professional,23763.0,2,64,22,6,6,2287.89,0.0,7,0,ES,0,Marketing
ACCT-012,LEAD-09014,Q3 Growth Sprint,Organic Search,2025-01-27,Lead,Professional,37085.0,3,65,39,16,3,1963.84,0.0,8,0,IN,0,Marketing
ACCT-061,LEAD-04050,NovaPulse Launch,Email,2025-01-22,Lead,Growth,49605.0,1,65,42,29,8,844.67,0.0,3,0,CA,0,Marketing
ACCT-067,LEAD-06862,Year-End Accelerator,Organic Search,2024-12-16,Prospect,Professional,1730.0,1,65,1,3,1,1842.98,0.0,20,0,ES,0,Marketing
ACCT-115,LEAD-08315,Digital Retarget,Organic Search,2024-10-19,Prospect,Professional,34824.0,1,65,4,11,4,1150.14,0.0,6,0,US,0,Marketing
ACCT-039,LEAD-05184,NovaPulse Launch,Organic Search,2024-10-19,Prospect,Professional,34824.0,1,65,4,11,4,2724.26,0.0,6,0,ES,0,Marketing
ACCT-012,LEAD-03643,Year-End Accelerator,Partner Referral,2024-10-13,Closed Won,Growth,63206.0,1,65,750,125,26,11321.2,1892.04,2,1,CA,0,Marketing
ACCT-012,LEAD-02589,Enterprise Expansion,Organic Search,2024-08-29,Lead,Professional,26759.0,2,65,25,16,2,3999.65,0.0,6,0,AU,0,Marketing
ACCT-029,LEAD-04887,Enterprise Expansion,Email,2024-06-06,Lead,Enterprise,55412.0,3,65,10,28,8,1887.28,0.0,5,0,CA,0,Marketing
ACCT-061,LEAD-10104,NovaPulse Launch,Organic Search,2024-05-16,Prospect,Professional,33590.0,4,65,4,2,2,2213.75,0.0,7,0,CA,0,Marketing
ACCT-012,LEAD-03254,Q3 Growth Sprint,Paid Social,2024-04-25,Qualified Lead,Professional,70886.0,2,65,407,239,53,3402.97,0.0,2,0,ES,0,Marketing
ACCT-080,LEAD-02004,NovaPulse Launch,Direct Mail,2024-03-27,Qualified Lead,Professional,72679.0,2,65,619,260,54,3544.77,0.0,1,0,ES,0,Marketing
ACCT-012,LEAD-06142,Year-End Accelerator,Email,2024-02-25,Qualified Lead,Growth,65073.0,1,65,629,177,8,1627.5,0.0,2,0,ES,1,Marketing
ACCT-012,LEAD-08553,Enterprise Expansion,Organic Search,2023-12-24,Prospect,Professional,44300.0,3,65,30,9,3,687.64,0.0,6,0,ES,0,Marketing
ACCT-012,LEAD-09805,NovaEdge Awareness,Partner Referral,2023-12-20,Qualified Lead,Growth,56129.0,2,65,320,133,48,7308.47,0.0,4,0,CA,0,Marketing
ACCT-012,LEAD-00849,Enterprise Expansion,Partner Referral,2023-12-20,Qualified Lead,Growth,56129.0,2,65,320,133,48,3115.0,0.0,4,0,ES,0,Marketing
ACCT-012,LEAD-01606,Year-End Accelerator,Organic Search,2023-11-11,Prospect,Professional,38590.0,2,65,3,8,3,977.87,0.0,8,0,SA,0,Marketing
ACCT-013,LEAD-00125,Enterprise Expansion,Organic Search,2023-11-11,Opportunity,Standard,53083.0,3,65,215,33,13,3353.26,664.76,7,1,IN,0,Marketing
ACCT-012,LEAD-09305,Digital Retarget,Partner Referral,2023-11-08,Qualified Lead,Standard,79689.0,1,65,311,640,121,9065.26,0.0,2,0,ES,0,Marketing
ACCT-012,LEAD-04706,Q3 Growth Sprint,Email,2023-10-23,Prospect,Professional,34704.0,2,65,29,5,5,1737.42,0.0,5,0,CA,0,Marketing
ACCT-012,LEAD-04437,Enterprise Expansion,Email,2023-10-19,Qualified Lead,Professional,65316.0,3,65,112,92,38,2211.74,0.0,4,0,ES,0,Marketing
ACCT-012,LEAD-03081,Enterprise Expansion,Organic Search,2023-10-17,Prospect,Enterprise,41014.0,2,65,7,6,3,1954.71,0.0,7,0,ES,0,Marketing
ACCT-081,LEAD-03536,Q3 Growth Sprint,Email,2023-09-16,Lead,Professional,19740.0,2,65,7,3,20,2599.73,0.0,5,0,IN,0,Marketing
ACCT-061,LEAD-08686,Year-End Accelerator,Organic Search,2023-06-26,Lead,Starter,23724.0,2,65,5,15,14,2210.45,0.0,8,0,ES,0,Marketing
ACCT-012,LEAD-09707,NovaEdge Awareness,Partner Referral,2023-05-07,Closed Won,Enterprise,55212.0,2,65,1103,45,34,3992.05,1465.82,8,1,ES,0,Marketing
ACCT-111,LEAD-10872,NovaEdge Awareness,Partner Referral,2023-05-07,Closed Won,Enterprise,55212.0,2,65,1103,45,34,12132.68,1867.23,8,1,ES,0,Marketing
ACCT-006,LEAD-09058,NovaPulse Launch,Direct Mail,2023-03-01,Closed Won,Professional,79800.0,1,65,1060,530,224,3286.54,3545.23,3,1,ES,0,Marketing
ACCT-081,LEAD-04640,Q3 Growth Sprint,Partner Referral,2023-02-27,Qualified Lead,Professional,70647.0,2,65,561,171,114,5018.51,0.0,2,0,SA,0,Marketing
ACCT-012,LEAD-02525,Digital Retarget,Partner Referral,2023-02-20,Closed Won,Enterprise,38410.0,1,65,153,123,14,8487.86,1156.26,6,1,CA,0,Marketing
ACCT-046,LEAD-09503,Digital Retarget,Organic Search,2023-02-02,Qualified Lead,Professional,28071.0,1,65,39,130,44,3180.72,0.0,8,0,ES,0,Marketing
ACCT-081,LEAD-10704,NovaPulse Launch,Partner Referral,2023-01-24,Qualified Lead,Professional,54803.0,2,65,404,92,142,9596.71,0.0,4,0,ES,0,Marketing
ACCT-048,LEAD-02669,Digital Retarget,Partner Referral,2024-12-01,Qualified Lead,Professional,74293.0,1,66,375,335,81,4358.53,0.0,2,0,ES,0,Marketing
ACCT-012,LEAD-10037,Digital Retarget,Partner Referral,2024-12-01,Qualified Lead,Professional,74293.0,1,66,375,335,81,4370.48,0.0,2,0,SA,0,Marketing
ACCT-082,LEAD-05680,Year-End Accelerator,Organic Search,2024-11-17,Prospect,Standard,35684.0,2,66,10,7,3,3212.9,0.0,6,0,ES,0,Marketing
ACCT-012,LEAD-03726,NovaPulse Launch,Organic Search,2024-09-08,Prospect,Enterprise,34320.0,2,66,4,9,0,3381.49,0.0,8,0,SA,0,Marketing
ACCT-008,LEAD-04548,NovaPulse Launch,Email,2024-06-07,Lead,Professional,41967.0,3,66,23,10,15,1417.15,0.0,4,0,CA,0,Marketing
ACCT-012,LEAD-04599,Enterprise Expansion,Partner Referral,2024-05-17,Qualified Lead,Growth,49681.0,3,66,411,26,21,12871.33,0.0,7,0,CA,0,Marketing
ACCT-014,LEAD-00879,Enterprise Expansion,Partner Referral,2024-05-17,Qualified Lead,Growth,49681.0,3,66,411,26,21,3499.33,0.0,7,0,SA,0,Marketing
ACCT-012,LEAD-07409,Digital Retarget,Partner Referral,2024-05-08,Qualified Lead,Professional,53187.0,2,66,211,30,10,11627.76,0.0,5,0,ES,0,Marketing
ACCT-080,LEAD-01964,Q3 Growth Sprint,Partner Referral,2024-03-13,Qualified Lead,Professional,86610.0,1,66,446,768,53,9556.24,0.0,2,0,ES,0,Marketing
ACCT-068,LEAD-00000,NovaPulse Launch,Partner Referral,2023-10-30,Qualified Lead,Professional,70951.0,1,66,239,554,54,14877.31,0.0,1,0,SA,0,Marketing
ACCT-012,LEAD-04860,NovaPulse Launch,Organic Search,2023-08-29,Prospect,Professional,24206.0,2,66,7,8,3,858.46,0.0,6,0,ES,0,Marketing
ACCT-104,LEAD-00425,Digital Retarget,Partner Referral,2023-08-11,Qualified Lead,Professional,55357.0,3,66,374,116,64,12960.85,0.0,5,0,IN,0,Marketing
ACCT-081,LEAD-09500,Q3 Growth Sprint,Paid Social,2023-07-14,Qualified Lead,Professional,58113.0,2,66,221,169,84,9513.45,0.0,7,0,ES,1,Marketing
ACCT-012,LEAD-03074,Digital Retarget,Direct Mail,2023-03-25,Closed Won,Enterprise,70643.0,1,66,1218,304,33,3435.11,4568.37,6,1,ES,0,Marketing
ACCT-016,LEAD-05140,Year-End Accelerator,Partner Referral,2023-01-28,Qualified Lead,Enterprise,64355.0,2,66,1047,140,153,8396.79,0.0,8,0,ES,0,Marketing
ACCT-052,LEAD-02611,Year-End Accelerator,Partner Referral,2023-01-03,Closed Won,Growth,82576.0,1,66,1206,445,18,7182.92,4319.94,1,1,SA,0,Marketing
ACCT-111,LEAD-00916,Year-End Accelerator,Email,2024-12-06,Prospect,Enterprise,41644.0,3,67,20,4,2,1597.67,0.0,3,0,ES,0,Marketing
ACCT-012,LEAD-10413,Enterprise Expansion,Partner Referral,2024-11-21,Qualified Lead,Professional,72570.0,1,67,274,216,224,14927.49,0.0,1,0,ES,0,Marketing
ACCT-115,LEAD-03696,NovaPulse Launch,Organic Search,2024-08-17,Lead,Professional,30630.0,3,67,27,12,10,3214.71,0.0,7,0,ES,0,Marketing
ACCT-045,LEAD-00304,Year-End Accelerator,Organic Search,2024-07-10,Lead,Growth,22944.0,2,67,19,19,26,1329.31,0.0,7,0,ES,0,Marketing
ACCT-080,LEAD-05113,Q3 Growth Sprint,Email,2024-05-21,Closed Won,Enterprise,86979.0,1,67,584,835,35,2526.76,3343.24,2,1,ES,0,Marketing
ACCT-014,LEAD-02863,NovaPulse Launch,Partner Referral,2024-02-28,Closed Won,Professional,,4,67,738,172,20,7207.57,2234.43,7,1,ES,0,Marketing
ACCT-101,LEAD-04597,NovaEdge Awareness,Partner Referral,2024-01-02,Qualified Lead,Enterprise,82072.0,1,67,889,685,129,10593.25,0.0,1,0,SA,0,Marketing
ACCT-003,LEAD-00675,Enterprise Expansion,Organic Search,2023-11-13,Qualified Lead,Growth,52034.0,3,67,146,93,73,1080.94,0.0,7,0,ES,0,Marketing
ACCT-068,LEAD-04483,NovaEdge Awareness,Direct Mail,2023-10-12,Qualified Lead,Professional,72354.0,1,67,315,473,182,2405.03,0.0,1,0,SA,0,Marketing
ACCT-012,LEAD-01502,Q3 Growth Sprint,Organic Search,2023-09-12,Lead,Professional,28427.0,2,67,18,19,6,1223.17,0.0,8,0,ES,0,Marketing
ACCT-012,LEAD-00736,Year-End Accelerator,Organic Search,2023-09-12,Lead,Professional,28427.0,2,67,18,19,6,1224.3,0.0,8,0,IN,0,Marketing
ACCT-081,LEAD-04487,Digital Retarget,Organic Search,2023-07-13,Lead,Growth,39858.0,2,67,15,25,26,707.75,157.33,6,1,SA,0,Marketing
ACCT-012,LEAD-03412,Enterprise Expansion,Partner Referral,2023-07-03,Closed Won,Growth,67381.0,2,67,815,53,70,6373.02,1818.68,7,1,ES,0,Marketing
ACCT-006,LEAD-01744,Year-End Accelerator,Organic Search,2023-06-25,Lead,Starter,23529.0,2,67,9,13,20,1632.79,0.0,6,0,ES,0,Marketing
ACCT-029,LEAD-05837,Digital Retarget,Partner Referral,2023-06-14,Qualified Lead,Professional,51479.0,3,67,247,160,65,11448.65,0.0,7,0,ES,0,Marketing
ACCT-012,LEAD-03422,NovaEdge Awareness,Organic Search,2023-05-13,Closed Won,Professional,76068.0,2,67,1115,128,76,1512.67,2129.42,6,1,DE,0,Marketing
ACCT-012,LEAD-07462,Year-End Accelerator,Paid Social,2023-05-08,Qualified Lead,Professional,22507.0,1,67,68,226,68,10580.17,0.0,9,0,CA,0,Marketing
ACCT-012,LEAD-10702,Year-End Accelerator,Partner Referral,2023-04-15,Qualified Lead,Professional,52413.0,2,67,185,133,12,14825.86,0.0,7,0,ES,0,Marketing
ACCT-084,LEAD-02115,Enterprise Expansion,Email,2025-01-21,Lead,Professional,50116.0,3,68,54,10,2,2198.25,87.37,5,1,DE,0,Marketing
ACCT-014,LEAD-04138,Q3 Growth Sprint,Direct Mail,2024-12-22,Closed Won,Professional,76624.0,2,68,411,147,66,7758.02,1997.04,1,1,ES,0,Marketing
ACCT-012,LEAD-11091,Enterprise Expansion,Email,2024-12-14,Prospect,Professional,34587.0,3,68,7,9,2,2796.92,0.0,4,0,DE,0,Marketing
ACCT-044,LEAD-07712,Q3 Growth Sprint,Partner Referral,2024-11-24,Qualified Lead,Enterprise,62159.0,1,68,182,259,29,14909.83,0.0,4,0,US,0,Marketing
ACCT-107,LEAD-03535,NovaEdge Awareness,Email,2024-10-09,Qualified Lead,Professional,66294.0,1,68,251,334,117,2667.62,0.0,2,0,ES,0,Marketing
ACCT-061,LEAD-05899,Q3 Growth Sprint,Paid Social,2024-10-05,Prospect,Enterprise,5648.0,3,68,28,6,13,3268.88,113.97,20,1,US,0,Marketing
ACCT-108,LEAD-08749,NovaEdge Awareness,Email,2024-08-22,Lead,Professional,37235.0,2,68,20,9,20,1124.19,0.0,4,0,ES,0,Marketing
ACCT-002,LEAD-10955,Digital Retarget,Direct Mail,2024-07-26,Closed Won,Professional,85620.0,1,68,416,925,46,6124.07,3643.24,1,1,ES,0,Marketing
ACCT-030,LEAD-09491,Digital Retarget,Organic Search,2024-07-14,Lead,Professional,23976.0,2,68,14,21,25,3165.16,0.0,7,0,SA,0,Marketing
ACCT-012,LEAD-05286,NovaPulse Launch,Email,2024-05-10,Qualified Lead,Growth,41020.0,1,68,112,54,36,2190.59,0.0,3,0,CA,0,Marketing
ACCT-024,LEAD-03409,Q3 Growth Sprint,Paid Social,2024-04-26,Opportunity,Professional,36108.0,2,68,141,129,47,6894.59,661.27,9,1,SA,0,Marketing
ACCT-012,LEAD-02544,NovaPulse Launch,Email,2024-04-22,Lead,Growth,57530.0,2,68,50,27,1,1171.79,0.0,1,0,IN,0,Marketing
ACCT-012,LEAD-02118,NovaPulse Launch,Partner Referral,2024-03-19,Qualified Lead,Standard,62905.0,2,68,166,96,59,7970.7,0.0,4,0,ES,0,Marketing
ACCT-012,LEAD-09370,Year-End Accelerator,Partner Referral,2023-11-13,Qualified Lead,Enterprise,65846.0,1,68,562,276,81,8423.9,0.0,4,0,CA,0,Marketing
ACCT-066,LEAD-04864,Year-End Accelerator,Paid Social,2023-10-28,Lead,Professional,34380.0,2,68,72,58,24,8336.28,0.0,8,0,CA,0,Marketing
ACCT-081,LEAD-00405,Q3 Growth Sprint,Direct Mail,2023-08-04,Opportunity,Professional,41638.0,2,68,315,31,91,7220.81,582.57,8,1,ES,0,Marketing
ACCT-012,LEAD-10513,NovaPulse Launch,Partner Referral,2023-07-09,Closed Won,Professional,63207.0,1,68,438,565,70,9187.36,2345.66,7,1,ES,0,Marketing
ACCT-071,LEAD-05138,Q3 Growth Sprint,Organic Search,2023-07-02,Prospect,Professional,28320.0,2,68,19,14,4,3777.18,0.0,8,0,ES,0,Marketing
ACCT-061,LEAD-08387,Digital Retarget,Organic Search,2023-06-23,Qualified Lead,Professional,43140.0,2,68,134,76,11,1791.75,0.0,6,0,ES,0,Marketing
ACCT-012,LEAD-00378,NovaPulse Launch,Partner Referral,2023-06-16,Qualified Lead,Professional,52531.0,1,68,283,151,125,14403.05,0.0,6,0,ES,0,Marketing
ACCT-012,LEAD-05846,Q3 Growth Sprint,Organic Search,2023-06-04,Prospect,Professional,40246.0,2,68,2,6,1,1645.51,0.0,6,0,DE,0,Marketing
ACCT-115,LEAD-08870,Digital Retarget,Paid Social,2023-04-26,Opportunity,Professional,35196.0,2,68,75,141,187,2024.73,1096.57,8,1,ES,0,Marketing
ACCT-012,LEAD-10340,Q3 Growth Sprint,Paid Social,2023-04-26,Qualified Lead,Professional,35196.0,2,68,75,141,187,9327.24,0.0,8,0,ES,0,Marketing
ACCT-012,LEAD-07290,NovaPulse Launch,Partner Referral,2023-03-14,Qualified Lead,Professional,70596.0,1,68,347,534,26,11771.18,0.0,2,0,ES,0,Marketing
ACCT-073,LEAD-08895,Enterprise Expansion,Partner Referral,2023-03-14,Qualified Lead,Professional,70596.0,1,68,347,534,26,8501.39,0.0,2,0,ES,0,Marketing
ACCT-050,LEAD-03635,Digital Retarget,Partner Referral,2024-12-04,Qualified Lead,Enterprise,52597.0,2,69,492,37,42,10969.73,0.0,5,0,SA,0,Marketing
ACCT-034,LEAD-11178,NovaPulse Launch,Organic Search,2024-10-16,Prospect,Growth,42394.0,2,69,15,10,4,1753.78,0.0,7,0,DE,0,Marketing
ACCT-030,LEAD-02410,Year-End Accelerator,Partner Referral,2024-08-11,Qualified Lead,Professional,81657.0,1,69,364,425,50,3759.97,0.0,1,0,ES,0,Marketing
ACCT-012,LEAD-03281,Digital Retarget,Partner Referral,2024-05-16,Qualified Lead,Enterprise,49154.0,3,69,206,67,71,9413.09,0.0,6,0,ES,0,Marketing
ACCT-012,LEAD-09905,Q3 Growth Sprint,Organic Search,2024-01-14,Opportunity,Professional,34074.0,3,69,135,41,67,1262.4,448.43,6,1,ES,0,Marketing
ACCT-012,LEAD-02437,NovaPulse Launch,Partner Referral,2023-12-02,Closed Won,Professional,,1,69,861,461,61,5542.22,2495.6,3,1,ES,0,Marketing
ACCT-012,LEAD-02565,Enterprise Expansion,Partner Referral,2023-11-30,Closed Won,Growth,70638.0,1,69,1016,215,63,12940.12,2186.53,3,1,SA,0,Marketing
ACCT-111,LEAD-07912,Q3 Growth Sprint,Paid Social,2023-10-17,Opportunity,Professional,38136.0,2,69,8,27,33,7779.34,199.41,8,1,US,0,Marketing
ACCT-066,LEAD-07072,Year-End Accelerator,Paid Social,2023-09-21,Qualified Lead,Professional,67432.0,2,69,432,341,170,6853.38,0.0,4,0,AU,0,Marketing
ACCT-030,LEAD-01409,Digital Retarget,Paid Social,2023-09-09,Qualified Lead,Professional,40689.0,2,69,270,27,99,5437.4,0.0,8,0,US,0,Marketing
ACCT-012,LEAD-05314,Year-End Accelerator,Paid Social,2023-09-09,Qualified Lead,Professional,40689.0,2,69,270,27,99,8825.52,0.0,8,0,ES,0,Marketing
ACCT-012,LEAD-07215,NovaPulse Launch,Partner Referral,2023-09-02,Closed Won,Professional,101970.0,1,69,722,102,168,3580.91,1508.92,2,1,CA,0,Marketing
ACCT-027,LEAD-08858,Enterprise Expansion,Paid Social,2023-08-28,Closed Won,Enterprise,44325.0,2,69,516,21,5,9838.9,974.22,8,1,CA,0,Marketing
ACCT-012,LEAD-00895,NovaEdge Awareness,Partner Referral,2023-05-24,Qualified Lead,Enterprise,61467.0,3,69,410,114,49,4490.85,0.0,5,0,ES,0,Marketing
ACCT-012,LEAD-10313,Digital Retarget,Paid Social,2023-04-08,Qualified Lead,Professional,48178.0,3,69,159,45,38,10576.52,0.0,8,0,ES,0,Marketing
ACCT-012,LEAD-00642,NovaPulse Launch,Organic Search,2023-01-17,Lead,Starter,16005.0,2,69,1,2,47,2044.5,0.0,8,0,CA,0,Marketing
ACCT-012,LEAD-08504,Year-End Accelerator,Partner Referral,2024-12-09,Closed Won,Professional,79593.0,1,70,350,568,145,3008.11,3340.47,2,1,DE,0,Marketing
ACCT-059,LEAD-01020,Year-End Accelerator,Partner Referral,2024-12-09,Closed Won,Professional,79593.0,1,70,350,568,145,5427.82,2862.0,2,1,ES,0,Marketing
ACCT-053,LEAD-03717,Q3 Growth Sprint,Partner Referral,2024-11-19,Closed Won,Professional,61180.0,2,70,403,29,218,4582.96,1439.68,3,1,ES,0,Marketing
ACCT-081,LEAD-07646,Q3 Growth Sprint,Partner Referral,2024-09-10,Qualified Lead,Professional,64449.0,2,70,218,282,70,4907.73,0.0,4,0,ES,0,Marketing
ACCT-062,LEAD-05796,Year-End Accelerator,Partner Referral,2024-06-10,Closed Won,Professional,77437.0,1,70,560,442,29,14192.71,1750.75,1,1,ES,0,Marketing
ACCT-012,LEAD-08625,Enterprise Expansion,Organic Search,2024-05-26,Prospect,Professional,17649.0,2,70,15,23,1,2791.06,0.0,8,0,US,0,Marketing
ACCT-012,LEAD-05407,Q3 Growth Sprint,Paid Social,2024-03-21,Closed Won,Professional,53103.0,2,70,729,133,195,4503.89,1826.49,7,1,SA,0,Marketing
ACCT-029,LEAD-04356,Enterprise Expansion,Organic Search,2024-03-04,Closed Won,Professional,71819.0,2,70,1224,140,168,3663.3,2227.5,6,1,ES,0,Marketing
ACCT-012,LEAD-02886,NovaPulse Launch,Partner Referral,2024-02-16,Closed Won,Growth,74290.0,2,70,1121,72,12,7756.1,1943.75,6,1,ES,0,Marketing
ACCT-081,LEAD-10057,Digital Retarget,Partner Referral,2024-01-21,Closed Won,Professional,72282.0,1,70,503,419,153,11393.3,2002.34,7,1,ES,0,Marketing
ACCT-029,LEAD-10741,NovaEdge Awareness,Paid Social,2023-10-05,Qualified Lead,Growth,47352.0,2,70,172,112,15,8554.85,0.0,7,0,ES,0,Marketing
ACCT-046,LEAD-05491,NovaEdge Awareness,Paid Social,2023-10-05,Qualified Lead,Growth,47352.0,2,70,172,112,15,9036.98,0.0,7,0,AU,0,Marketing
ACCT-080,LEAD-04442,Q3 Growth Sprint,Email,2023-09-29,Lead,Professional,46524.0,2,70,31,35,52,502.72,0.0,3,0,CA,0,Marketing
ACCT-012,LEAD-03972,NovaPulse Launch,Paid Social,2023-09-26,Qualified Lead,Professional,50200.0,3,70,266,51,64,6768.07,0.0,8,0,ES,0,Marketing
ACCT-068,LEAD-02431,NovaEdge Awareness,Organic Search,2023-06-17,Lead,Professional,18222.0,1,70,12,19,14,964.45,0.0,8,0,ES,0,Marketing
ACCT-002,LEAD-07899,Enterprise Expansion,Direct Mail,2023-04-10,Qualified Lead,Enterprise,77610.0,2,70,1245,332,16,2970.24,0.0,7,0,AU,0,Marketing
ACCT-012,LEAD-09703,Q3 Growth Sprint,Paid Social,2023-03-25,Opportunity,Enterprise,38097.0,3,70,77,35,69,8799.83,223.02,7,1,SA,0,Marketing
ACCT-030,LEAD-06927,Enterprise Expansion,Organic Search,2023-03-14,Qualified Lead,Enterprise,44377.0,3,70,224,30,10,2934.59,0.0,8,0,SA,0,Marketing
ACCT-012,LEAD-07005,Enterprise Expansion,Partner Referral,2025-01-16,Closed Won,Professional,58684.0,1,71,479,179,85,12805.31,2019.98,2,1,SA,0,Marketing
ACCT-081,LEAD-00246,NovaPulse Launch,Partner Referral,2024-12-30,Qualified Lead,Professional,66480.0,3,71,199,57,6,8067.77,0.0,4,0,ES,0,Marketing
ACCT-108,LEAD-04796,Q3 Growth Sprint,Email,2024-11-14,Prospect,Professional,49638.0,2,71,18,3,0,830.44,0.0,2,0,ES,0,Marketing
ACCT-012,LEAD-04725,Enterprise Expansion,Email,2024-11-08,Lead,Enterprise,50616.0,2,71,30,25,9,677.07,0.0,2,0,ES,0,Marketing
ACCT-012,LEAD-03286,Year-End Accelerator,Organic Search,2024-09-22,Prospect,Enterprise,26642.0,2,71,13,15,8,1840.74,0.0,6,0,ES,0,Marketing
ACCT-012,LEAD-10680,NovaPulse Launch,Organic Search,2024-08-27,Lead,Professional,33235.0,2,71,45,16,6,3057.67,0.0,7,0,ES,0,Marketing
ACCT-034,LEAD-04297,NovaEdge Awareness,Organic Search,2024-08-16,Prospect,Professional,23228.0,2,71,13,18,0,858.5,0.0,8,0,IN,0,Marketing
ACCT-012,LEAD-07327,NovaEdge Awareness,Email,2024-07-16,Prospect,Enterprise,36732.0,3,71,21,3,7,1283.38,0.0,2,0,ES,0,Marketing
ACCT-007,LEAD-01553,NovaPulse Launch,Partner Referral,2024-04-06,Closed Won,Professional,82657.0,1,71,966,672,126,13571.87,3146.59,4,1,DE,0,Marketing
ACCT-110,LEAD-01665,NovaEdge Awareness,Partner Referral,2024-04-02,Closed Won,Enterprise,64140.0,3,71,1459,61,215,12281.53,3813.43,5,1,SA,0,Marketing
ACCT-080,LEAD-10640,Q3 Growth Sprint,Organic Search,2024-03-13,Qualified Lead,Professional,44392.0,3,71,87,71,29,966.01,0.0,7,0,ES,0,Marketing
ACCT-029,LEAD-07620,NovaPulse Launch,Organic Search,2024-02-08,Lead,Starter,16185.0,2,71,5,16,45,3975.29,0.0,8,0,IN,0,Marketing
ACCT-084,LEAD-07761,Enterprise Expansion,Organic Search,2024-02-04,Lead,Standard,38702.0,2,71,13,24,40,999.99,0.0,6,0,AU,0,Marketing
ACCT-030,LEAD-05062,Year-End Accelerator,Organic Search,2024-01-30,Prospect,Enterprise,54072.0,3,71,35,4,0,2356.78,0.0,8,0,SA,0,Marketing
ACCT-012,LEAD-06349,NovaEdge Awareness,Paid Social,2024-01-07,Qualified Lead,Growth,61787.0,1,71,621,414,85,2084.75,0.0,5,0,ES,0,Marketing
ACCT-012,LEAD-03386,Q3 Growth Sprint,Organic Search,2023-12-21,Lead,Professional,34935.0,1,71,34,66,20,2775.07,0.0,7,0,ES,0,Marketing
ACCT-012,LEAD-08175,Enterprise Expansion,Organic Search,2023-12-21,Lead,Professional,34935.0,1,71,34,66,20,2040.35,0.0,7,0,SA,0,Marketing
ACCT-012,LEAD-06245,Digital Retarget,Partner Referral,2023-12-13,Qualified Lead,Enterprise,59292.0,2,71,378,68,14,11669.18,0.0,3,0,ES,0,Marketing
ACCT-033,LEAD-08780,Q3 Growth Sprint,Partner Referral,2023-12-13,Qualified Lead,Enterprise,59292.0,2,71,378,68,14,10536.96,0.0,3,0,ES,0,Marketing
ACCT-012,LEAD-02276,Q3 Growth Sprint,Partner Referral,2023-10-28,Qualified Lead,Professional,57959.0,2,71,430,322,33,4816.49,0.0,3,0,ES,0,Marketing
ACCT-012,LEAD-01172,NovaPulse Launch,Partner Referral,2023-10-27,Closed Won,Enterprise,92491.0,1,71,979,935,22,7940.52,4256.22,3,1,ES,0,Marketing
ACCT-054,LEAD-03225,Q3 Growth Sprint,Organic Search,2023-09-24,Opportunity,Growth,42207.0,2,71,116,72,46,3509.87,347.86,6,1,ES,0,Marketing
ACCT-061,LEAD-08629,NovaEdge Awareness,Email,2023-09-18,Prospect,Professional,46984.0,3,71,19,10,8,751.16,0.0,5,0,CA,0,Marketing
ACCT-012,LEAD-00798,NovaPulse Launch,Organic Search,2023-06-10,Prospect,Professional,23442.0,2,71,2,6,5,3133.56,0.0,7,0,ES,0,Marketing
ACCT-076,LEAD-00269,Digital Retarget,Partner Referral,2023-04-29,Qualified Lead,Enterprise,46757.0,2,71,777,163,122,10074.89,0.0,9,0,ES,0,Marketing
ACCT-012,LEAD-08213,Digital Retarget,Organic Search,2023-04-22,Lead,Standard,14515.0,2,71,6,9,35,1844.11,235.41,7,1,ES,0,Marketing
ACCT-012,LEAD-10245,Enterprise Expansion,Partner Referral,2023-04-12,Qualified Lead,Standard,80910.0,1,71,160,369,41,6774.04,0.0,1,0,ES,0,Marketing
ACCT-012,LEAD-02447,Digital Retarget,Organic Search,2023-03-28,Lead,Professional,30545.0,2,71,4,15,12,989.41,0.0,7,0,IN,0,Marketing
ACCT-030,LEAD-09817,NovaEdge Awareness,Partner Referral,2023-01-24,Qualified Lead,Growth,44802.0,1,71,853,143,20,6323.61,0.0,8,0,IN,0,Marketing
ACCT-012,LEAD-01371,Enterprise Expansion,Partner Referral,2025-01-29,Qualified Lead,Professional,79941.0,1,72,123,266,174,4010.98,0.0,1,0,AU,0,Marketing
ACCT-030,LEAD-08093,NovaPulse Launch,Partner Referral,2025-01-29,Closed Won,Growth,79734.0,1,72,572,232,17,9640.76,1809.73,1,1,ES,0,Marketing
ACCT-061,LEAD-00713,Digital Retarget,Partner Referral,2025-01-08,Qualified Lead,Growth,50353.0,1,72,141,153,35,10291.12,0.0,3,0,ES,0,Marketing
ACCT-012,LEAD-11051,Digital Retarget,Partner Referral,2024-12-07,Qualified Lead,Enterprise,77376.0,3,72,492,110,12,12347.64,0.0,4,0,CA,0,Marketing
ACCT-015,LEAD-05545,NovaEdge Awareness,Email,2024-10-30,Qualified Lead,Enterprise,78075.0,1,72,572,259,80,2226.19,0.0,1,0,ES,0,Marketing
ACCT-081,LEAD-05283,Enterprise Expansion,Email,2024-09-09,Lead,Enterprise,42473.0,3,72,93,21,25,2619.73,0.0,5,0,ES,0,Marketing
ACCT-061,LEAD-05010,NovaPulse Launch,Organic Search,2024-08-23,Prospect,Professional,25008.0,2,72,2,8,9,2804.42,0.0,8,0,ES,0,Marketing
ACCT-061,LEAD-07495,NovaEdge Awareness,Email,2024-07-07,Lead,Enterprise,56223.0,2,72,77,31,4,1254.12,0.0,4,0,ES,0,Marketing
ACCT-012,LEAD-04368,NovaPulse Launch,Organic Search,2024-06-18,Lead,Professional,47850.0,2,72,42,43,10,2312.12,0.0,6,0,ES,0,Marketing
ACCT-069,LEAD-06303,Enterprise Expansion,Partner Referral,2024-06-07,Qualified Lead,Enterprise,91820.0,1,72,410,747,30,9114.27,0.0,1,0,CA,0,Marketing
ACCT-012,LEAD-01030,Year-End Accelerator,Organic Search,2024-01-19,Prospect,Enterprise,40637.0,3,72,22,13,3,3117.45,0.0,7,0,SA,0,Marketing
ACCT-032,LEAD-10364,Q3 Growth Sprint,Organic Search,2024-01-14,Prospect,Professional,23295.0,1,72,0,1,5,1534.4,0.0,8,0,ES,0,Marketing
ACCT-033,LEAD-06945,Enterprise Expansion,Partner Referral,2023-12-03,Qualified Lead,Professional,84574.0,1,72,387,713,163,3654.83,0.0,5,0,ES,0,Marketing
ACCT-012,LEAD-08562,NovaPulse Launch,Partner Referral,2023-11-25,Qualified Lead,Professional,54165.0,1,72,127,73,11,13774.95,0.0,2,0,ES,0,Marketing
ACCT-030,LEAD-02918,Q3 Growth Sprint,Email,2023-10-07,Lead,Professional,28510.0,3,72,44,19,19,2886.68,0.0,5,0,ES,0,Marketing
ACCT-012,LEAD-09167,Digital Retarget,Partner Referral,2023-09-18,Qualified Lead,Professional,67131.0,2,72,465,250,62,8938.65,0.0,6,0,ES,0,Marketing
ACCT-080,LEAD-04743,Enterprise Expansion,Partner Referral,2023-08-24,Qualified Lead,Enterprise,56242.0,2,72,689,167,88,4352.92,0.0,6,0,US,0,Marketing
ACCT-061,LEAD-10742,Year-End Accelerator,Email,2023-08-19,Closed Won,Enterprise,86580.0,1,72,532,127,20,1748.96,1471.19,1,1,ES,0,Marketing
ACCT-012,LEAD-10965,NovaPulse Launch,Partner Referral,2023-08-14,Closed Won,Professional,76005.0,1,72,983,389,40,9339.44,4255.07,6,1,ES,0,Marketing
ACCT-081,LEAD-07129,NovaEdge Awareness,Partner Referral,2023-08-08,Qualified Lead,Enterprise,54693.0,2,72,686,142,35,14842.59,0.0,6,0,ES,0,Marketing
ACCT-012,LEAD-03732,NovaPulse Launch,Partner Referral,2023-07-25,Qualified Lead,Growth,52750.0,2,72,393,239,69,14207.09,0.0,4,0,CA,0,Marketing
ACCT-012,LEAD-07124,Q3 Growth Sprint,Email,2023-07-22,Lead,Professional,36997.0,3,72,43,12,27,829.96,0.0,5,0,CA,0,Marketing
ACCT-012,LEAD-10686,NovaPulse Launch,Organic Search,2023-06-12,Prospect,Enterprise,34230.0,3,72,15,4,2,3512.85,0.0,7,0,ES,0,Marketing
ACCT-103,LEAD-07247,Enterprise Expansion,Paid Social,2023-05-06,Closed Won,Professional,47916.0,2,72,505,26,75,7683.8,1015.07,6,1,DE,0,Marketing
ACCT-081,LEAD-01513,NovaEdge Awareness,Partner Referral,2023-02-01,Qualified Lead,Standard,60839.0,3,72,600,128,128,11195.3,0.0,8,0,ES,0,Marketing
ACCT-044,LEAD-00460,Year-End Accelerator,Partner Referral,2023-01-10,Qualified Lead,Enterprise,79930.0,1,72,792,740,17,12152.71,0.0,2,0,SA,0,Marketing
ACCT-012,LEAD-06653,Digital Retarget,Paid Social,2023-01-01,Opportunity,Enterprise,55158.0,3,72,293,87,23,11544.53,920.22,7,1,ES,0,Marketing
ACCT-030,LEAD-09400,Year-End Accelerator,Partner Referral,2025-01-22,Qualified Lead,Standard,85485.0,1,73,630,611,54,3200.27,0.0,2,0,ES,0,Marketing
ACCT-080,LEAD-07106,Q3 Growth Sprint,Partner Referral,2024-10-25,Qualified Lead,Enterprise,75865.0,1,73,483,591,12,3810.39,0.0,1,0,ES,0,Marketing
ACCT-012,LEAD-04252,Year-End Accelerator,Partner Referral,2024-10-16,Qualified Lead,Professional,44375.0,2,73,213,28,41,6146.22,0.0,5,0,ES,0,Marketing
ACCT-011,LEAD-09240,NovaPulse Launch,Partner Referral,2024-08-29,Qualified Lead,Enterprise,60504.0,2,73,458,24,34,3477.92,0.0,6,0,ES,0,Marketing
ACCT-033,LEAD-10770,NovaPulse Launch,Partner Referral,2024-08-16,Qualified Lead,Professional,65492.0,1,73,247,295,47,3725.63,0.0,2,0,CA,0,Marketing
ACCT-014,LEAD-00176,Q3 Growth Sprint,Partner Referral,2024-07-21,Qualified Lead,Standard,67506.0,2,73,90,67,67,12471.48,0.0,3,0,ES,0,Marketing
ACCT-012,LEAD-06870,NovaPulse Launch,Partner Referral,2024-03-26,Qualified Lead,Enterprise,68805.0,2,73,182,49,20,9079.33,0.0,2,0,ES,0,Marketing
ACCT-030,LEAD-00143,Digital Retarget,Paid Social,2024-03-01,Qualified Lead,Professional,61209.0,1,73,466,224,99,8285.71,0.0,2,0,US,0,Marketing
ACCT-014,LEAD-06445,NovaEdge Awareness,Partner Referral,2024-01-15,Qualified Lead,Professional,66825.0,1,73,243,405,40,9012.59,0.0,2,0,SA,0,Marketing
ACCT-081,LEAD-04278,Digital Retarget,Paid Social,2023-12-02,Closed Won,Enterprise,87188.0,1,73,910,724,55,6154.32,4062.06,3,1,IN,0,Marketing
ACCT-002,LEAD-06906,NovaPulse Launch,Direct Mail,2023-12-02,Closed Won,Growth,84953.0,1,73,167,602,72,2035.78,1943.08,2,1,ES,0,Marketing
ACCT-039,LEAD-04637,NovaPulse Launch,Partner Referral,2023-11-14,Closed Won,Enterprise,74637.0,1,73,960,464,16,10392.56,2575.17,3,1,SA,0,Marketing
ACCT-070,LEAD-08690,Q3 Growth Sprint,Partner Referral,2023-10-14,Qualified Lead,Professional,86111.0,1,73,399,756,126,6718.88,0.0,2,0,CA,0,Marketing
ACCT-029,LEAD-01173,Enterprise Expansion,Partner Referral,2023-08-31,Closed Won,Growth,77632.0,1,73,1200,758,147,9135.66,3297.28,2,1,ES,0,Marketing
ACCT-063,LEAD-01928,Q3 Growth Sprint,Organic Search,2023-07-31,Lead,Professional,31814.0,2,73,35,20,20,3328.21,157.48,9,1,SA,0,Marketing
ACCT-014,LEAD-09029,Digital Retarget,Partner Referral,2023-07-15,Qualified Lead,Enterprise,70116.0,1,73,707,603,29,7688.78,0.0,1,0,ES,0,Marketing
ACCT-030,LEAD-10299,Digital Retarget,Partner Referral,2023-04-22,Closed Won,Enterprise,48240.0,1,73,389,248,41,10611.53,2015.27,5,1,ES,0,Marketing
ACCT-012,LEAD-09246,NovaPulse Launch,Partner Referral,2023-03-24,Qualified Lead,Growth,40101.0,2,73,171,129,62,11172.67,0.0,7,0,IN,0,Marketing
ACCT-080,LEAD-04943,Enterprise Expansion,Partner Referral,2023-03-09,Closed Won,Professional,70503.0,1,73,1379,216,66,3793.38,3641.0,6,1,ES,0,Marketing
ACCT-029,LEAD-04122,NovaPulse Launch,Paid Social,2023-02-02,Closed Won,Professional,79205.0,1,73,504,117,44,9299.58,2058.87,4,1,ES,0,Marketing
ACCT-051,LEAD-02853,Enterprise Expansion,Email,2024-10-03,Qualified Lead,Professional,51766.0,2,74,60,87,51,644.76,0.0,5,0,CA,0,Marketing
ACCT-012,LEAD-00902,Q3 Growth Sprint,Paid Social,2024-09-25,Qualified Lead,Professional,62994.0,2,74,224,48,12,2862.13,0.0,6,0,CA,0,Marketing
ACCT-010,LEAD-01672,Year-End Accelerator,Partner Referral,2024-09-22,Qualified Lead,Enterprise,65640.0,2,74,204,149,66,8213.8,0.0,2,0,SA,0,Marketing
ACCT-080,LEAD-07254,NovaPulse Launch,Organic Search,2024-07-14,Lead,Professional,38361.0,2,74,39,56,14,2086.8,0.0,7,0,SA,0,Marketing
ACCT-012,LEAD-08775,Enterprise Expansion,Organic Search,2024-07-14,Lead,Professional,38361.0,2,74,39,56,14,2630.91,0.0,7,0,AU,0,Marketing
ACCT-081,LEAD-09543,Enterprise Expansion,Organic Search,2024-05-28,Prospect,Professional,19986.0,2,74,3,5,6,1582.52,0.0,7,0,ES,0,Marketing
ACCT-068,LEAD-07093,NovaEdge Awareness,Organic Search,2024-05-28,Prospect,Professional,19986.0,2,74,3,5,6,3095.93,0.0,7,0,ES,0,Marketing
ACCT-003,LEAD-02894,NovaPulse Launch,Partner Referral,2024-05-11,Closed Won,Professional,72903.0,1,74,1067,750,39,11887.9,2728.17,4,1,ES,0,Marketing
ACCT-012,LEAD-05956,Year-End Accelerator,Paid Social,2024-04-27,Qualified Lead,Enterprise,45072.0,4,74,144,99,30,9079.01,0.0,8,0,AU,0,Marketing
ACCT-012,LEAD-01921,NovaEdge Awareness,Email,2024-04-13,Lead,Enterprise,59062.0,4,74,46,12,9,2253.75,0.0,4,0,ES,0,Marketing
ACCT-061,LEAD-05057,Digital Retarget,Partner Referral,2024-03-23,Qualified Lead,Growth,61794.0,2,74,264,188,11,4965.99,0.0,2,0,ES,0,Marketing
ACCT-012,LEAD-10260,NovaPulse Launch,Paid Social,2024-03-02,Qualified Lead,Growth,45143.0,2,74,202,74,14,11530.16,0.0,7,0,ES,0,Marketing
ACCT-068,LEAD-02262,NovaPulse Launch,Paid Social,2024-03-02,Qualified Lead,Growth,45143.0,2,74,202,74,14,7230.05,0.0,7,0,SA,0,Marketing
ACCT-012,LEAD-07930,Year-End Accelerator,Partner Referral,2024-02-24,Qualified Lead,Growth,26877.0,1,74,101,76,40,12395.85,0.0,6,0,ES,0,Marketing
ACCT-061,LEAD-01461,Enterprise Expansion,Organic Search,2024-01-31,Prospect,Enterprise,36921.0,3,74,17,12,4,3022.68,0.0,7,0,CA,0,Marketing
ACCT-012,LEAD-07514,Q3 Growth Sprint,Organic Search,2024-01-03,Lead,Standard,54342.0,3,74,84,34,28,1084.37,0.0,6,0,AU,0,Marketing
ACCT-066,LEAD-06461,Enterprise Expansion,Partner Referral,2023-11-15,Closed Won,Growth,62772.0,2,74,581,157,108,4523.17,2095.83,2,1,ES,0,Marketing
ACCT-012,LEAD-00257,Digital Retarget,Partner Referral,2023-10-24,Qualified Lead,Enterprise,75032.0,2,74,952,180,12,6225.17,0.0,3,0,ES,0,Marketing
ACCT-012,LEAD-09460,Year-End Accelerator,Paid Social,2023-10-13,Lead,Professional,22419.0,1,74,30,47,42,10864.15,0.0,8,0,ES,0,Marketing
ACCT-012,LEAD-03855,Enterprise Expansion,Paid Social,2023-10-13,Lead,Professional,22419.0,1,74,30,47,42,9714.3,0.0,8,0,CA,0,Marketing
ACCT-012,LEAD-00367,NovaEdge Awareness,Paid Social,2023-08-11,Qualified Lead,Standard,36550.0,2,74,47,94,120,2293.56,0.0,9,0,CA,0,Marketing
ACCT-051,LEAD-09265,NovaEdge Awareness,Paid Social,2023-06-27,Qualified Lead,Professional,75027.0,2,74,925,179,77,10071.08,0.0,5,0,SA,0,Marketing
ACCT-017,LEAD-01990,Q3 Growth Sprint,Partner Referral,2023-04-17,Closed Won,Enterprise,63159.0,1,74,965,586,37,6263.77,2305.61,3,1,ES,0,Marketing
ACCT-012,LEAD-03594,NovaPulse Launch,Partner Referral,2023-04-17,Qualified Lead,Growth,54108.0,3,74,539,91,97,11547.88,0.0,8,0,CA,0,Marketing
ACCT-012,LEAD-09292,Year-End Accelerator,Direct Mail,2023-04-06,Qualified Lead,Professional,81795.0,1,74,324,693,88,5248.24,0.0,2,0,ES,0,Marketing
ACCT-005,LEAD-06218,Enterprise Expansion,Paid Social,2023-03-31,Opportunity,Professional,59594.0,2,74,457,29,9,2770.7,894.09,7,1,ES,0,Marketing
ACCT-061,LEAD-06528,NovaPulse Launch,Organic Search,2025-01-04,Prospect,Growth,18492.0,2,75,2,2,1,1760.43,0.0,8,0,ES,0,Marketing
ACCT-012,LEAD-10164,Enterprise Expansion,Email,2024-10-28,Closed Won,Professional,94472.0,2,75,1017,417,16,1749.03,3275.39,5,1,ES,0,Marketing
ACCT-068,LEAD-09937,NovaEdge Awareness,Partner Referral,2024-07-21,Qualified Lead,Professional,70337.0,1,75,187,149,91,7412.25,0.0,1,0,US,0,Marketing
ACCT-030,LEAD-00274,Year-End Accelerator,Organic Search,2024-07-10,Prospect,Professional,34853.0,3,75,9,15,2,1392.91,0.0,6,0,DE,0,Marketing
ACCT-012,LEAD-05250,Year-End Accelerator,Partner Referral,2024-05-12,Closed Won,Growth,,1,75,532,490,126,4234.86,3043.68,1,1,AU,0,Marketing
ACCT-080,LEAD-11010,NovaPulse Launch,Organic Search,2024-03-07,Prospect,Enterprise,16269.0,2,75,19,18,0,3029.72,0.0,8,0,ES,0,Marketing
ACCT-071,LEAD-06969,Enterprise Expansion,Organic Search,2024-02-11,Qualified Lead,Professional,50272.0,2,75,99,66,4,1299.42,0.0,7,0,AU,0,Marketing
ACCT-012,LEAD-10735,NovaEdge Awareness,Organic Search,2024-02-03,Prospect,Professional,22804.0,2,75,14,7,1,2280.89,0.0,9,0,SA,0,Marketing
ACCT-012,LEAD-05068,Year-End Accelerator,Organic Search,2024-02-03,Prospect,Professional,22804.0,2,75,14,7,1,654.13,0.0,9,0,ES,0,Marketing
ACCT-012,LEAD-09974,Q3 Growth Sprint,Paid Social,2024-01-13,Lead,Professional,30631.0,2,75,15,20,20,10629.28,0.0,7,0,SA,0,Marketing
ACCT-071,LEAD-07053,Enterprise Expansion,Direct Mail,2023-12-30,Qualified Lead,Enterprise,78420.0,1,75,604,674,28,3089.58,0.0,1,0,SA,0,Marketing
ACCT-080,LEAD-03179,Digital Retarget,Partner Referral,2023-12-16,Qualified Lead,Professional,81741.0,1,75,249,940,38,8661.18,0.0,2,0,ES,0,Marketing
ACCT-012,LEAD-08082,Digital Retarget,Organic Search,2023-11-18,Prospect,Professional,25721.0,2,75,1,6,15,1840.43,47.43,7,1,AU,0,Marketing
ACCT-012,LEAD-01362,NovaPulse Launch,Partner Referral,2023-08-25,Qualified Lead,Professional,31907.0,1,75,33,64,74,14173.92,0.0,7,0,DE,0,Marketing
ACCT-066,LEAD-06768,NovaPulse Launch,Organic Search,2023-06-30,Prospect,Professional,37859.0,4,75,22,8,2,3501.2,0.0,8,0,CA,0,Marketing
ACCT-029,LEAD-02375,Digital Retarget,Organic Search,2023-03-04,Prospect,Professional,30261.0,4,75,8,5,6,2435.03,0.0,8,0,ES,0,Marketing
ACCT-012,LEAD-06856,Digital Retarget,Organic Search,2023-02-08,Lead,Professional,21645.0,2,75,14,23,19,3698.82,140.59,9,1,DE,0,Marketing
ACCT-002,LEAD-04066,Year-End Accelerator,Organic Search,2024-12-08,Prospect,Standard,21282.0,2,76,1,8,20,1967.79,0.0,6,0,ES,0,Marketing
ACCT-012,LEAD-04333,Enterprise Expansion,Organic Search,2024-10-16,Lead,Professional,32144.0,3,76,41,10,3,1626.31,94.02,7,1,IN,0,Marketing
ACCT-012,LEAD-02948,Q3 Growth Sprint,Email,2024-09-22,Lead,Growth,62637.0,2,76,104,48,5,2300.72,0.0,2,0,CA,0,Marketing
ACCT-034,LEAD-04927,NovaEdge Awareness,Organic Search,2024-08-04,Lead,Professional,16626.0,3,76,8,22,13,1449.4,0.0,9,0,SA,0,Marketing
ACCT-080,LEAD-07426,Year-End Accelerator,Email,2024-05-21,Lead,Standard,54690.0,3,76,111,37,18,694.72,0.0,3,0,ES,0,Marketing
ACCT-104,LEAD-08360,Q3 Growth Sprint,Email,2024-05-21,Lead,Standard,54690.0,3,76,111,37,18,1432.02,0.0,3,0,ES,0,Marketing
ACCT-024,LEAD-04058,Enterprise Expansion,Paid Social,2024-04-22,Closed Won,Enterprise,61284.0,1,76,618,106,45,7020.41,1924.12,6,1,ES,0,Marketing
ACCT-033,LEAD-10755,Enterprise Expansion,Paid Social,2024-03-10,Lead,Standard,23718.0,2,76,6,14,36,3793.44,0.0,7,0,AU,0,Marketing
ACCT-012,LEAD-08414,Q3 Growth Sprint,Organic Search,2024-02-21,Lead,Enterprise,33419.0,2,76,56,12,18,3315.18,0.0,7,0,ES,0,Marketing
ACCT-012,LEAD-06810,Year-End Accelerator,Partner Referral,2023-11-25,Closed Won,Professional,82025.0,1,76,267,606,98,14776.97,2896.64,1,1,SA,0,Marketing
ACCT-012,LEAD-03839,Digital Retarget,Email,2023-10-29,Lead,Starter,15056.0,3,76,6,3,40,672.32,0.0,5,0,ES,0,Marketing
ACCT-029,LEAD-03483,NovaPulse Launch,Partner Referral,2023-09-30,Closed Won,Professional,48192.0,1,76,1039,204,29,8581.13,2391.24,8,1,CA,0,Marketing
ACCT-014,LEAD-00238,Year-End Accelerator,Partner Referral,2023-07-12,Qualified Lead,Standard,67309.0,3,76,515,181,95,13138.16,0.0,7,0,ES,0,Marketing
ACCT-012,LEAD-00591,Enterprise Expansion,Paid Social,2023-07-09,Qualified Lead,Professional,66033.0,2,76,293,179,65,5273.01,0.0,7,0,IN,0,Marketing
ACCT-028,LEAD-05063,Digital Retarget,Organic Search,2023-06-03,Lead,Professional,28769.0,2,76,41,129,3,2435.82,0.0,9,0,ES,0,Marketing
ACCT-052,LEAD-04303,NovaEdge Awareness,Organic Search,2023-05-23,Lead,Enterprise,6835.0,2,76,107,12,12,527.89,0.0,20,0,CA,0,Marketing
ACCT-012,LEAD-02258,Q3 Growth Sprint,Organic Search,2023-05-19,Prospect,Professional,32880.0,2,76,8,15,2,1202.35,0.0,8,0,ES,0,Marketing
ACCT-012,LEAD-07301,Digital Retarget,Organic Search,2023-04-30,Lead,Standard,23616.0,2,76,4,11,32,2473.32,126.01,8,1,ES,0,Marketing
ACCT-084,LEAD-11121,Enterprise Expansion,Paid Social,2023-04-23,Lead,Professional,19419.0,2,76,2,28,7,8227.18,0.0,9,0,IN,0,Marketing
ACCT-081,LEAD-05287,NovaEdge Awareness,Organic Search,2025-01-20,Lead,Professional,34961.0,2,77,45,26,1,2123.74,0.0,7,0,ES,0,Marketing
ACCT-012,LEAD-06457,NovaEdge Awareness,Partner Referral,2024-12-28,Qualified Lead,Professional,64892.0,2,77,527,230,65,10100.29,0.0,4,0,SA,0,Marketing
ACCT-061,LEAD-03559,NovaEdge Awareness,Organic Search,2024-12-07,Lead,Standard,16248.0,2,77,12,10,9,2226.76,0.0,6,0,IN,0,Marketing
ACCT-012,LEAD-05577,Enterprise Expansion,Organic Search,2024-11-29,Prospect,Professional,43776.0,2,77,8,9,3,3204.15,0.0,6,0,ES,0,Marketing
ACCT-012,LEAD-00641,Q3 Growth Sprint,Email,2024-10-29,Opportunity,Professional,52074.0,2,77,59,12,48,988.56,282.1,4,1,IN,0,Marketing
ACCT-031,LEAD-00954,NovaPulse Launch,Email,2024-10-20,Lead,Starter,22123.0,1,77,3,24,31,2401.21,0.0,5,0,AU,0,Marketing
ACCT-014,LEAD-01834,Year-End Accelerator,Organic Search,2024-09-29,Lead,Growth,35544.0,2,77,30,23,4,1357.94,0.0,7,0,SA,0,Marketing
ACCT-029,LEAD-08789,Digital Retarget,Partner Referral,2024-07-31,Qualified Lead,Standard,59060.0,2,77,35,111,12,3076.53,0.0,4,0,ES,0,Marketing
ACCT-012,LEAD-10584,NovaPulse Launch,Direct Mail,2024-06-17,Qualified Lead,Professional,65665.0,2,77,225,387,29,4165.23,0.0,3,0,ES,0,Marketing
ACCT-047,LEAD-02337,Enterprise Expansion,Organic Search,2024-05-06,Prospect,Professional,29819.0,2,77,9,24,2,1315.49,0.0,6,0,ES,0,Marketing
ACCT-012,LEAD-06071,Digital Retarget,Partner Referral,2024-01-21,Qualified Lead,Professional,81217.0,1,77,493,324,84,7157.08,0.0,1,0,ES,0,Marketing
ACCT-024,LEAD-00295,NovaEdge Awareness,Partner Referral,2024-01-21,Qualified Lead,Professional,81217.0,1,77,493,324,84,13074.89,0.0,1,0,ES,0,Marketing
ACCT-049,LEAD-10203,Enterprise Expansion,Organic Search,2023-12-31,Prospect,Professional,26095.0,2,77,11,9,11,3570.2,0.0,7,0,ES,0,Marketing
ACCT-012,LEAD-03968,NovaEdge Awareness,Partner Referral,2023-12-29,Closed Won,Standard,65706.0,1,77,918,129,129,14411.88,1441.08,7,1,CA,0,Marketing
ACCT-012,LEAD-04037,Digital Retarget,Organic Search,2023-12-14,Prospect,Professional,31859.0,2,77,3,3,5,2800.56,0.0,7,0,SA,0,Marketing
ACCT-012,LEAD-06932,Year-End Accelerator,Direct Mail,2023-10-07,Closed Won,Enterprise,93027.0,1,77,1285,716,21,7018.54,4546.06,2,1,ES,0,Marketing
ACCT-081,LEAD-10159,NovaEdge Awareness,Paid Social,2023-09-23,Qualified Lead,Professional,58710.0,2,77,440,368,174,3039.49,0.0,6,0,AU,0,Marketing
ACCT-012,LEAD-01177,NovaEdge Awareness,Organic Search,2023-07-15,Lead,Growth,49618.0,3,77,80,26,14,2354.35,0.0,7,0,ES,0,Marketing
ACCT-030,LEAD-09426,NovaPulse Launch,Direct Mail,2023-06-30,Qualified Lead,Growth,58308.0,2,77,691,69,130,3048.09,0.0,8,0,ES,0,Marketing
ACCT-068,LEAD-10637,Digital Retarget,Organic Search,2023-06-18,Lead,Professional,40800.0,4,77,24,27,10,2222.1,0.0,7,0,ES,1,Marketing
ACCT-012,LEAD-10826,Q3 Growth Sprint,Organic Search,2023-06-14,Lead,Professional,18690.0,1,77,6,7,19,709.63,0.0,8,0,ES,0,Marketing
ACCT-110,LEAD-04086,NovaPulse Launch,Organic Search,2023-06-14,Lead,Professional,18690.0,1,77,6,7,19,3989.36,0.0,8,0,DE,0,Marketing
ACCT-014,LEAD-10304,Q3 Growth Sprint,Organic Search,2023-06-14,Lead,Professional,18690.0,1,77,6,7,19,2990.78,0.0,8,0,ES,0,Marketing
ACCT-012,LEAD-07998,NovaPulse Launch,Organic Search,2023-05-26,Lead,Professional,28087.0,3,77,53,17,21,825.59,0.0,7,0,IN,0,Marketing
ACCT-061,LEAD-10992,NovaPulse Launch,Partner Referral,2023-02-02,Qualified Lead,Professional,75702.0,3,77,650,353,30,14055.29,0.0,8,0,SA,0,Marketing
ACCT-012,LEAD-06383,Digital Retarget,Organic Search,2024-12-23,Prospect,Enterprise,32892.0,2,78,26,15,2,3640.51,0.0,8,0,SA,0,Marketing
ACCT-012,LEAD-10536,NovaPulse Launch,Organic Search,2024-12-23,Prospect,Enterprise,32892.0,2,78,26,15,2,2319.16,0.0,8,0,ES,0,Marketing
ACCT-068,LEAD-06036,Year-End Accelerator,Partner Referral,2024-10-09,Closed Won,Growth,89120.0,1,78,1168,408,55,11410.16,3240.48,1,1,ES,0,Marketing
ACCT-030,LEAD-11092,Year-End Accelerator,Organic Search,2024-09-23,Prospect,Professional,27116.0,3,78,12,21,3,3910.94,0.0,7,0,SA,0,Marketing
ACCT-012,LEAD-00538,Year-End Accelerator,Email,2024-09-01,Lead,Professional,46107.0,2,78,31,27,33,712.26,0.0,3,0,SA,0,Marketing
ACCT-012,LEAD-10022,Q3 Growth Sprint,Email,2024-08-31,Prospect,Enterprise,54466.0,3,78,12,4,0,738.94,0.0,5,0,ES,0,Marketing
ACCT-003,LEAD-10157,Digital Retarget,Partner Referral,2024-08-15,Qualified Lead,Professional,59686.0,2,78,89,89,5,4602.17,0.0,4,0,CA,0,Marketing
ACCT-012,LEAD-03503,Digital Retarget,Partner Referral,2024-06-17,Qualified Lead,Professional,82460.0,1,78,255,573,15,12839.55,0.0,1,0,SA,0,Marketing
ACCT-012,LEAD-00146,NovaPulse Launch,Partner Referral,2024-05-29,Closed Won,Enterprise,76045.0,1,78,760,400,0,3897.97,2564.19,2,1,ES,0,Marketing
ACCT-029,LEAD-05538,NovaPulse Launch,Direct Mail,2024-04-18,Closed Won,Professional,83829.0,1,78,897,430,27,4327.39,4568.39,1,1,ES,0,Marketing
ACCT-015,LEAD-03910,NovaPulse Launch,Direct Mail,2024-04-18,Closed Won,Professional,83829.0,1,78,897,430,27,3039.02,2866.15,1,1,ES,0,Marketing
ACCT-059,LEAD-04227,Enterprise Expansion,Email,2024-03-14,Lead,Growth,32889.0,3,78,28,13,8,1287.52,0.0,5,0,ES,0,Marketing
ACCT-012,LEAD-06634,Year-End Accelerator,Organic Search,2024-02-11,Lead,Growth,33462.0,2,78,22,18,11,3302.86,0.0,7,0,SA,0,Marketing
ACCT-012,LEAD-08916,NovaPulse Launch,Email,2024-01-25,Prospect,Professional,36627.0,3,78,9,5,1,2251.81,0.0,5,0,SA,0,Marketing
ACCT-012,LEAD-06460,Year-End Accelerator,Organic Search,2024-01-14,Lead,Professional,28718.0,2,78,12,6,16,3073.74,0.0,8,0,IN,0,Marketing
ACCT-012,LEAD-05883,Enterprise Expansion,Partner Referral,2023-11-23,Qualified Lead,Professional,77981.0,2,78,138,204,60,6816.69,0.0,5,0,ES,0,Marketing
ACCT-030,LEAD-10091,Digital Retarget,Partner Referral,2023-11-17,Qualified Lead,Professional,60230.0,2,78,520,367,40,6263.47,0.0,5,0,ES,0,Marketing
ACCT-012,LEAD-00697,Year-End Accelerator,Direct Mail,2023-09-02,Closed Won,Professional,74918.0,1,78,972,913,59,1985.47,2995.84,3,1,ES,0,Marketing
ACCT-012,LEAD-02607,Enterprise Expansion,Partner Referral,2023-06-29,Qualified Lead,Professional,40464.0,2,78,424,118,41,12359.24,0.0,8,0,ES,0,Marketing
ACCT-012,LEAD-08427,Enterprise Expansion,Partner Referral,2023-05-07,Qualified Lead,Growth,64857.0,1,78,556,717,43,10016.5,0.0,4,0,ES,0,Marketing
ACCT-081,LEAD-00217,NovaEdge Awareness,Partner Referral,2023-05-07,Qualified Lead,Growth,64857.0,1,78,556,717,43,4864.93,0.0,4,0,CA,0,Marketing
ACCT-115,LEAD-06202,Year-End Accelerator,Partner Referral,2023-03-14,Qualified Lead,Professional,63381.0,2,78,571,142,159,4972.5,0.0,2,0,ES,0,Marketing
ACCT-016,LEAD-03856,Year-End Accelerator,Partner Referral,2023-03-14,Qualified Lead,Professional,63381.0,2,78,571,142,159,8592.66,0.0,2,0,ES,0,Marketing
ACCT-012,LEAD-10648,Year-End Accelerator,Direct Mail,2023-03-04,Qualified Lead,Standard,66664.0,1,78,398,447,32,4142.33,0.0,3,0,ES,0,Marketing
ACCT-061,LEAD-05120,Q3 Growth Sprint,Direct Mail,2023-03-04,Qualified Lead,Standard,66664.0,1,78,398,447,32,4983.51,0.0,3,0,SA,0,Marketing
ACCT-012,LEAD-06749,Digital Retarget,Partner Referral,2023-01-10,Qualified Lead,Professional,86358.0,3,78,957,494,95,14575.62,0.0,8,0,ES,0,Marketing
ACCT-029,LEAD-01584,NovaPulse Launch,Paid Social,2024-10-26,Qualified Lead,Professional,41443.0,2,79,171,171,89,4076.36,0.0,8,0,SA,0,Marketing
ACCT-012,LEAD-09559,Q3 Growth Sprint,Partner Referral,2024-08-14,Closed Won,Enterprise,57072.0,2,79,944,60,30,6699.69,1597.02,5,1,CA,0,Marketing
ACCT-012,LEAD-00771,Enterprise Expansion,Email,2024-08-10,Lead,Professional,54178.0,2,79,135,39,7,799.78,0.0,2,0,DE,0,Marketing
ACCT-009,LEAD-05237,Digital Retarget,Email,2024-07-20,Lead,Enterprise,48767.0,4,79,28,21,10,894.04,0.0,5,0,AU,0,Marketing
ACCT-111,LEAD-02461,NovaEdge Awareness,Email,2024-07-04,Prospect,Growth,51124.0,3,79,26,11,4,2215.14,0.0,3,0,CA,0,Marketing
ACCT-012,LEAD-05474,Q3 Growth Sprint,Organic Search,2024-06-15,Qualified Lead,Professional,43020.0,2,79,45,99,43,3392.35,0.0,6,0,US,0,Marketing
ACCT-071,LEAD-02895,Enterprise Expansion,Email,2024-05-04,Lead,Professional,49980.0,2,79,104,54,14,2242.19,0.0,5,0,IN,0,Marketing
ACCT-033,LEAD-07972,Year-End Accelerator,Partner Referral,2024-03-26,Qualified Lead,Professional,72906.0,1,79,400,519,54,3483.96,0.0,1,0,ES,0,Marketing
ACCT-068,LEAD-10067,Digital Retarget,Organic Search,2024-02-14,Prospect,Standard,25176.0,3,79,4,4,5,3425.74,0.0,7,0,DE,0,Marketing
ACCT-028,LEAD-00500,NovaPulse Launch,Partner Referral,2024-02-09,Closed Won,Professional,96876.0,1,79,908,735,21,6933.52,2559.36,2,1,ES,0,Marketing
ACCT-061,LEAD-00922,Q3 Growth Sprint,Organic Search,2023-10-30,Prospect,Standard,31086.0,3,79,16,11,16,1368.77,79.8,8,1,DE,0,Marketing
ACCT-065,LEAD-02861,Digital Retarget,Organic Search,2023-10-11,Prospect,Professional,24072.0,2,79,9,6,4,2297.11,0.0,8,0,ES,0,Marketing
ACCT-066,LEAD-00375,Enterprise Expansion,Partner Referral,2023-08-17,Qualified Lead,Professional,76773.0,1,79,516,449,16,11126.2,0.0,1,0,ES,0,Marketing
ACCT-080,LEAD-10936,Year-End Accelerator,Direct Mail,2023-08-04,Qualified Lead,Professional,72190.0,1,79,597,597,249,3191.08,0.0,3,0,AU,0,Marketing
ACCT-069,LEAD-10314,NovaPulse Launch,Direct Mail,2023-06-01,Closed Won,Enterprise,83837.0,1,79,847,119,111,7939.4,1634.86,4,1,IN,0,Marketing
ACCT-080,LEAD-04240,Year-End Accelerator,Organic Search,2023-04-15,Lead,Professional,17345.0,2,79,4,16,12,1915.37,0.0,8,0,ES,0,Marketing
ACCT-030,LEAD-02674,Digital Retarget,Partner Referral,2023-02-09,Closed Won,Growth,75154.0,2,79,543,205,82,8426.41,2483.17,3,1,US,0,Marketing
ACCT-026,LEAD-02563,NovaEdge Awareness,Organic Search,2025-01-15,Prospect,Starter,28249.0,1,80,1,7,10,1374.48,0.0,6,0,IN,0,Marketing
ACCT-033,LEAD-08312,Q3 Growth Sprint,Organic Search,2025-01-15,Prospect,Starter,28249.0,1,80,1,7,10,2117.15,0.0,6,0,ES,0,Marketing
ACCT-050,LEAD-06999,Enterprise Expansion,Partner Referral,2024-12-10,Qualified Lead,Growth,69661.0,1,80,656,106,8,12646.76,0.0,3,0,IN,0,Marketing
ACCT-012,LEAD-07574,Q3 Growth Sprint,Email,2024-12-07,Prospect,Enterprise,27922.0,2,80,11,13,11,849.48,0.0,4,0,SA,0,Marketing
ACCT-012,LEAD-05223,Enterprise Expansion,Email,2024-11-19,Lead,Growth,45903.0,2,80,33,10,3,529.89,0.0,4,0,SA,0,Marketing
ACCT-012,LEAD-02952,NovaPulse Launch,Organic Search,2024-11-11,Lead,Growth,36273.0,2,80,29,30,9,3406.3,0.0,6,0,ES,0,Marketing
ACCT-012,LEAD-07683,Enterprise Expansion,Partner Referral,2024-09-18,Qualified Lead,Growth,70777.0,2,80,554,113,78,14790.81,0.0,3,0,ES,0,Marketing
ACCT-061,LEAD-09481,NovaEdge Awareness,Organic Search,2024-08-18,Lead,Professional,17148.0,2,80,9,11,16,957.5,0.0,8,0,CA,0,Marketing
ACCT-012,LEAD-09907,NovaEdge Awareness,Partner Referral,2024-06-19,Qualified Lead,Growth,66476.0,2,80,742,152,57,12884.08,0.0,4,0,DE,0,Marketing
ACCT-080,LEAD-05454,NovaPulse Launch,Email,2024-06-16,Prospect,Growth,45057.0,2,80,37,7,3,1430.6,0.0,5,0,US,0,Marketing
ACCT-012,LEAD-03798,NovaPulse Launch,Organic Search,2024-05-20,Lead,Professional,41120.0,3,80,24,23,24,2706.04,0.0,6,0,ES,0,Marketing
ACCT-032,LEAD-07281,Enterprise Expansion,Email,2024-05-19,Lead,Enterprise,,1,80,81,50,39,2111.71,0.0,2,0,AU,0,Marketing
ACCT-029,LEAD-04259,Digital Retarget,Organic Search,2024-04-03,Prospect,Growth,19485.0,3,80,6,4,0,2538.13,0.0,7,0,IN,0,Marketing
ACCT-012,LEAD-02549,Digital Retarget,Organic Search,2024-01-23,Prospect,Enterprise,21840.0,2,80,17,9,1,1405.87,0.0,9,0,ES,0,Marketing
ACCT-106,LEAD-06437,Digital Retarget,Organic Search,2023-12-19,Lead,Standard,41473.0,2,80,21,20,9,3344.61,0.0,7,0,ES,0,Marketing
ACCT-015,LEAD-02488,Year-End Accelerator,Organic Search,2023-09-14,Lead,Standard,31395.0,3,80,23,25,7,576.3,0.0,6,0,ES,0,Marketing
ACCT-080,LEAD-03945,Q3 Growth Sprint,Paid Social,2023-08-31,Closed Won,Enterprise,68117.0,2,80,618,215,36,2644.72,2207.12,6,1,ES,0,Marketing
ACCT-081,LEAD-00702,NovaPulse Launch,Partner Referral,2023-08-06,Qualified Lead,Standard,47682.0,2,80,162,83,61,8321.18,0.0,5,0,ES,0,Marketing
ACCT-049,LEAD-09010,NovaPulse Launch,Partner Referral,2023-08-01,Closed Won,Growth,83151.0,1,80,968,842,210,4545.5,5575.51,2,1,ES,0,Marketing
ACCT-012,LEAD-09710,Q3 Growth Sprint,Paid Social,2023-07-09,Qualified Lead,Enterprise,58086.0,2,80,708,62,15,10293.56,0.0,8,0,ES,0,Marketing
ACCT-012,LEAD-01509,NovaPulse Launch,Direct Mail,2023-06-22,Closed Won,Enterprise,84460.0,1,80,152,103,81,3655.07,656.63,5,1,ES,0,Marketing
ACCT-081,LEAD-09120,NovaPulse Launch,Partner Referral,2023-05-20,Qualified Lead,Professional,66565.0,2,80,747,161,42,8531.94,0.0,8,0,ES,0,Marketing
ACCT-101,LEAD-05252,Q3 Growth Sprint,Organic Search,2023-04-06,Lead,Professional,23910.0,2,80,16,18,13,1087.96,0.0,7,0,ES,0,Marketing
ACCT-023,LEAD-05959,NovaEdge Awareness,Organic Search,2023-03-25,Lead,Professional,35893.0,3,80,158,23,18,2508.59,0.0,8,0,IN,0,Marketing
ACCT-081,LEAD-07441,NovaEdge Awareness,Partner Referral,2023-03-16,Qualified Lead,Professional,71128.0,2,80,958,447,31,12860.22,0.0,7,0,US,0,Marketing
ACCT-030,LEAD-04271,Digital Retarget,Partner Referral,2023-03-13,Qualified Lead,Standard,38683.0,2,80,46,69,66,7739.98,0.0,7,0,IN,0,Marketing
ACCT-068,LEAD-04095,Enterprise Expansion,Partner Referral,2023-02-16,Qualified Lead,Professional,37150.0,2,80,167,64,116,3353.79,0.0,7,0,US,0,Marketing
ACCT-012,LEAD-08852,Q3 Growth Sprint,Partner Referral,2023-02-04,Qualified Lead,Professional,61064.0,2,80,387,342,180,11198.56,0.0,6,0,ES,0,Marketing
ACCT-012,LEAD-07698,NovaPulse Launch,Email,2024-12-08,Lead,Enterprise,51650.0,2,81,152,22,7,932.02,0.0,5,0,IN,0,Marketing
ACCT-012,LEAD-04174,Year-End Accelerator,Email,2024-11-12,Lead,Growth,55249.0,2,81,97,19,11,1036.79,0.0,3,0,ES,0,Marketing
ACCT-012,LEAD-03182,Q3 Growth Sprint,Paid Social,2024-10-25,Opportunity,Enterprise,46854.0,3,81,96,79,79,3871.51,411.28,8,1,IN,0,Marketing
ACCT-012,LEAD-00193,Q3 Growth Sprint,Email,2024-09-09,Prospect,Starter,14421.0,1,81,0,2,8,2708.56,19.92,5,1,ES,0,Marketing
ACCT-081,LEAD-05229,Enterprise Expansion,Organic Search,2024-09-08,Prospect,Enterprise,54132.0,2,81,30,8,3,2667.12,0.0,7,0,DE,0,Marketing
ACCT-012,LEAD-05555,Digital Retarget,Email,2024-08-29,Prospect,Professional,153924.0,1,81,1,1,1,1114.46,0.0,0,0,ES,0,Marketing
ACCT-002,LEAD-07732,Year-End Accelerator,Partner Referral,2024-07-21,Qualified Lead,Professional,64813.0,2,81,293,124,52,6541.26,0.0,5,0,ES,0,Marketing
ACCT-012,LEAD-00310,Year-End Accelerator,Partner Referral,2024-06-29,Qualified Lead,Growth,61872.0,2,81,330,159,16,7943.91,0.0,4,0,CA,0,Marketing
ACCT-012,LEAD-06261,Enterprise Expansion,Partner Referral,2024-06-10,Qualified Lead,Professional,58025.0,2,81,270,88,22,9608.26,0.0,4,0,IN,0,Marketing
ACCT-012,LEAD-06274,Enterprise Expansion,Direct Mail,2024-05-29,Closed Won,Growth,83790.0,1,81,1076,417,16,1896.36,2525.39,3,1,SA,0,Marketing
ACCT-029,LEAD-01655,Digital Retarget,Organic Search,2024-04-30,Prospect,Professional,34350.0,2,81,16,15,11,980.33,0.0,7,0,AU,0,Marketing
ACCT-075,LEAD-02740,Year-End Accelerator,Email,2024-04-01,Lead,Enterprise,33438.0,3,81,62,16,6,998.64,0.0,5,0,ES,0,Marketing
ACCT-049,LEAD-04328,Q3 Growth Sprint,Organic Search,2024-03-15,Lead,Standard,21955.0,2,81,5,7,11,3596.28,0.0,6,0,ES,0,Marketing
ACCT-012,LEAD-00017,Digital Retarget,Direct Mail,2024-03-14,Qualified Lead,Enterprise,60491.0,2,81,637,237,76,4917.79,0.0,5,0,ES,0,Marketing
ACCT-081,LEAD-09153,Enterprise Expansion,Partner Referral,2024-02-01,Qualified Lead,Enterprise,59304.0,2,81,418,428,10,10569.05,0.0,5,0,ES,0,Marketing
ACCT-012,LEAD-00520,Year-End Accelerator,Organic Search,2024-01-01,Prospect,Professional,34421.0,2,81,3,7,9,3307.59,0.0,7,0,ES,0,Marketing
ACCT-012,LEAD-08372,Q3 Growth Sprint,Organic Search,2024-01-01,Prospect,Professional,34421.0,2,81,3,7,9,3281.96,0.0,7,0,SA,0,Marketing
ACCT-012,LEAD-00073,NovaEdge Awareness,Email,2023-11-23,Prospect,Enterprise,51411.0,4,81,14,3,1,2973.51,0.0,5,0,IN,0,Marketing
ACCT-084,LEAD-02002,Year-End Accelerator,Direct Mail,2023-11-17,Qualified Lead,Professional,71964.0,1,81,587,932,86,6582.45,0.0,3,0,ES,0,Marketing
ACCT-080,LEAD-06059,Digital Retarget,Paid Social,2023-08-25,Closed Won,Enterprise,64504.0,4,81,986,168,108,5591.12,2506.95,7,1,ES,0,Marketing
ACCT-012,LEAD-11166,NovaPulse Launch,Paid Social,2023-07-23,Qualified Lead,Professional,49678.0,2,81,229,56,20,6846.79,0.0,7,0,ES,0,Marketing
ACCT-044,LEAD-06257,Digital Retarget,Partner Referral,2023-07-12,Qualified Lead,Growth,60482.0,2,81,255,134,24,13952.12,0.0,7,0,SA,0,Marketing
ACCT-012,LEAD-09224,Q3 Growth Sprint,Direct Mail,2023-05-27,Qualified Lead,Enterprise,55260.0,2,81,825,53,242,4765.56,0.0,6,0,SA,0,Marketing
ACCT-049,LEAD-08732,Enterprise Expansion,Partner Referral,2023-04-30,Closed Won,Growth,67369.0,2,81,1298,70,42,7660.58,2094.72,4,1,ES,0,Marketing
ACCT-044,LEAD-00955,Q3 Growth Sprint,Organic Search,2023-04-08,Opportunity,Growth,47175.0,3,81,167,44,19,1616.07,356.33,8,1,SA,0,Marketing
ACCT-061,LEAD-04910,Q3 Growth Sprint,Partner Referral,2023-02-03,Qualified Lead,Professional,68743.0,1,81,1132,384,115,13749.18,0.0,7,0,US,0,Marketing
ACCT-012,LEAD-00564,Enterprise Expansion,Partner Referral,2023-01-06,Closed Won,Enterprise,56937.0,2,81,746,125,8,12342.46,1156.21,6,1,ES,0,Marketing
ACCT-019,LEAD-08931,NovaPulse Launch,Paid Social,2024-12-16,Closed Won,Professional,83033.0,2,82,812,431,33,11915.31,3325.23,5,1,SA,0,Marketing
ACCT-012,LEAD-01998,NovaPulse Launch,Organic Search,2024-08-29,Lead,Professional,37697.0,2,82,34,21,8,3183.95,0.0,6,0,IN,0,Marketing
ACCT-012,LEAD-01250,Q3 Growth Sprint,Organic Search,2024-08-29,Lead,Professional,37697.0,2,82,34,21,8,3998.62,0.0,6,0,ES,0,Marketing
ACCT-012,LEAD-08397,Q3 Growth Sprint,Organic Search,2024-07-29,Prospect,Professional,44689.0,3,82,18,5,11,3908.93,45.23,7,1,ES,0,Marketing
ACCT-003,LEAD-09672,NovaPulse Launch,Organic Search,2024-07-08,Lead,Standard,23162.0,3,82,8,9,22,2799.03,0.0,6,0,CA,0,Marketing
ACCT-074,LEAD-02125,NovaEdge Awareness,Partner Referral,2024-05-29,Qualified Lead,Professional,63033.0,1,82,194,480,30,6198.32,0.0,2,0,US,0,Marketing
ACCT-112,LEAD-05975,Digital Retarget,Organic Search,2024-04-09,Lead,Enterprise,40304.0,2,82,37,17,3,3357.0,0.0,7,0,CA,0,Marketing
ACCT-111,LEAD-00983,Q3 Growth Sprint,Paid Social,2024-04-07,Opportunity,Professional,40059.0,2,82,110,92,145,11172.59,526.89,8,1,US,0,Marketing
ACCT-012,LEAD-09938,Year-End Accelerator,Partner Referral,2024-03-28,Closed Won,Professional,80067.0,1,82,519,813,51,14956.7,2376.38,2,1,IN,0,Marketing
ACCT-029,LEAD-04385,Digital Retarget,Organic Search,2023-11-29,Prospect,Enterprise,36038.0,2,82,23,15,7,3462.77,0.0,6,0,ES,0,Marketing
ACCT-012,LEAD-01612,Year-End Accelerator,Organic Search,2023-11-29,Prospect,Enterprise,,2,82,23,15,7,3290.87,0.0,6,0,AU,0,Marketing
ACCT-061,LEAD-00803,Digital Retarget,Email,2023-09-29,Prospect,Professional,40521.0,3,82,12,5,4,1387.01,0.0,5,0,ES,0,Marketing
ACCT-012,LEAD-10675,Digital Retarget,Paid Social,2023-09-26,Closed Won,Enterprise,66334.0,2,82,909,218,23,10392.22,2668.89,5,1,ES,0,Marketing
ACCT-012,LEAD-07004,Q3 Growth Sprint,Paid Social,2023-09-07,Lead,Professional,11012.0,2,82,24,26,23,3761.0,165.5,9,1,IN,0,Marketing
ACCT-012,LEAD-04432,Year-End Accelerator,Organic Search,2023-09-07,Lead,Professional,31615.0,2,82,2,20,9,3321.74,0.0,7,0,ES,0,Marketing
ACCT-081,LEAD-05079,Enterprise Expansion,Organic Search,2023-08-24,Lead,Professional,,3,82,71,16,9,2941.69,0.0,8,0,AU,0,Marketing
ACCT-082,LEAD-04475,Digital Retarget,Partner Referral,2023-08-07,Qualified Lead,Enterprise,69098.0,1,82,1315,780,178,13967.76,0.0,5,0,ES,0,Marketing
ACCT-012,LEAD-10868,Q3 Growth Sprint,Partner Referral,2023-07-27,Qualified Lead,Professional,70792.0,1,82,344,654,114,3338.48,0.0,3,0,ES,0,Marketing
ACCT-012,LEAD-06742,Year-End Accelerator,Organic Search,2023-07-01,Prospect,Professional,17688.0,2,82,2,1,2,2951.96,0.0,8,0,ES,1,Marketing
ACCT-080,LEAD-05692,Year-End Accelerator,Organic Search,2023-06-07,Prospect,Starter,25443.0,2,82,1,3,7,3816.46,0.0,8,0,SA,0,Marketing
ACCT-012,LEAD-00339,Enterprise Expansion,Paid Social,2023-05-07,Opportunity,Enterprise,57091.0,2,82,462,24,4,7636.06,958.29,7,1,ES,0,Marketing
ACCT-012,LEAD-10398,NovaPulse Launch,Organic Search,2023-01-31,Prospect,Standard,24336.0,2,82,1,2,12,1158.82,0.0,7,0,ES,0,Marketing
ACCT-012,LEAD-08017,NovaEdge Awareness,Organic Search,2025-01-20,Lead,Standard,51111.0,3,83,22,19,3,3958.02,0.0,6,0,SA,0,Marketing
ACCT-012,LEAD-03722,Q3 Growth Sprint,Organic Search,2024-11-11,Prospect,Professional,44503.0,3,83,31,8,8,3585.69,0.0,6,0,ES,0,Marketing
ACCT-052,LEAD-07326,NovaPulse Launch,Email,2024-10-16,Lead,Growth,56850.0,2,83,34,19,0,1730.57,0.0,2,0,CA,0,Marketing
ACCT-081,LEAD-02416,Year-End Accelerator,Partner Referral,2024-09-24,Qualified Lead,Enterprise,66582.0,1,83,789,420,0,6708.64,0.0,1,0,ES,0,Marketing
ACCT-012,LEAD-01878,NovaPulse Launch,Organic Search,2024-09-10,Prospect,Standard,23148.0,1,83,4,8,10,2216.53,0.0,7,0,ES,0,Marketing
ACCT-061,LEAD-05278,NovaPulse Launch,Direct Mail,2024-08-15,Closed Won,Professional,82224.0,1,83,307,360,40,2086.67,1355.17,3,1,DE,0,Marketing
ACCT-103,LEAD-05734,Year-End Accelerator,Email,2024-06-04,Lead,Enterprise,61917.0,3,83,46,36,1,1047.02,0.0,5,0,ES,0,Marketing
ACCT-012,LEAD-04370,Q3 Growth Sprint,Organic Search,2024-05-27,Lead,Professional,43482.0,4,83,18,32,28,2342.57,0.0,6,0,IN,0,Marketing
ACCT-012,LEAD-08405,Digital Retarget,Email,2024-04-09,Qualified Lead,Professional,68274.0,3,83,135,51,46,501.71,0.0,3,0,SA,0,Marketing
ACCT-012,LEAD-07617,Enterprise Expansion,Email,2024-02-19,Lead,Professional,42373.0,3,83,67,61,19,2794.74,0.0,5,0,ES,0,Marketing
ACCT-012,LEAD-10339,NovaEdge Awareness,Organic Search,2023-12-24,Qualified Lead,Growth,,2,83,161,22,24,1205.13,0.0,6,0,AU,0,Marketing
ACCT-012,LEAD-06376,Year-End Accelerator,Partner Referral,2023-12-09,Qualified Lead,Professional,57537.0,2,83,191,139,100,4565.87,0.0,4,0,AU,0,Marketing
ACCT-012,LEAD-02150,Q3 Growth Sprint,Direct Mail,2023-11-07,Qualified Lead,Enterprise,80995.0,2,83,860,409,56,6160.09,0.0,4,0,CA,0,Marketing
ACCT-012,LEAD-07386,NovaPulse Launch,Organic Search,2023-10-17,Prospect,Professional,30992.0,2,83,17,14,2,3715.73,0.0,7,0,CA,0,Marketing
ACCT-012,LEAD-03006,NovaPulse Launch,Organic Search,2023-10-17,Prospect,Professional,30992.0,2,83,17,14,2,3454.99,0.0,7,0,CA,0,Marketing
ACCT-044,LEAD-11088,NovaPulse Launch,Direct Mail,2023-10-16,Qualified Lead,Enterprise,78642.0,2,83,1396,322,17,3603.33,0.0,6,0,ES,0,Marketing
ACCT-012,LEAD-05185,NovaEdge Awareness,Email,2023-08-05,Qualified Lead,Professional,74268.0,1,83,199,315,41,554.78,0.0,2,0,SA,0,Marketing
ACCT-012,LEAD-03523,NovaEdge Awareness,Partner Referral,2023-07-12,Qualified Lead,Professional,75072.0,2,83,583,309,125,10039.31,0.0,3,0,ES,0,Marketing
ACCT-012,LEAD-00055,NovaEdge Awareness,Partner Referral,2023-05-22,Qualified Lead,Professional,56253.0,2,83,509,65,5,14006.69,0.0,6,0,ES,0,Marketing
ACCT-012,LEAD-03807,Enterprise Expansion,Partner Referral,2023-05-14,Qualified Lead,Professional,59925.0,2,83,473,176,56,12292.4,0.0,6,0,ES,0,Marketing
ACCT-039,LEAD-02453,Digital Retarget,Partner Referral,2023-02-04,Qualified Lead,Professional,62807.0,2,83,526,135,99,13157.77,0.0,5,0,ES,0,Marketing
ACCT-030,LEAD-07787,Digital Retarget,Partner Referral,2023-02-04,Qualified Lead,Professional,62807.0,2,83,526,135,99,13328.03,0.0,5,0,CA,0,Marketing
ACCT-012,LEAD-02230,Year-End Accelerator,Email,2024-12-22,Prospect,Enterprise,23626.0,2,84,27,14,0,2901.4,0.0,5,0,DE,0,Marketing
ACCT-012,LEAD-08146,Year-End Accelerator,Organic Search,2024-12-08,Lead,Growth,46106.0,3,84,30,8,14,1807.57,0.0,6,0,SA,0,Marketing
ACCT-002,LEAD-00988,NovaPulse Launch,Partner Referral,2024-12-04,Closed Won,Professional,81168.0,1,84,410,592,22,14303.08,2045.13,3,1,ES,0,Marketing
ACCT-014,LEAD-04832,Q3 Growth Sprint,Organic Search,2024-09-28,Lead,Professional,27244.0,2,84,6,17,46,853.61,0.0,7,0,ES,0,Marketing
ACCT-024,LEAD-03152,Q3 Growth Sprint,Email,2024-09-18,Lead,Professional,26091.0,3,84,15,19,20,1254.41,0.0,5,0,IN,0,Marketing
ACCT-012,LEAD-11188,Year-End Accelerator,Email,2024-09-18,Lead,Professional,26091.0,3,84,15,19,20,841.13,0.0,5,0,ES,0,Marketing
ACCT-012,LEAD-00361,NovaEdge Awareness,Organic Search,2024-09-10,Prospect,Growth,43142.0,3,84,5,7,4,1051.26,0.0,7,0,AU,0,Marketing
ACCT-080,LEAD-05939,Digital Retarget,Email,2024-08-06,Lead,Professional,38232.0,3,84,43,28,33,2871.73,0.0,5,0,ES,0,Marketing
ACCT-012,LEAD-09349,NovaPulse Launch,Partner Referral,2024-07-05,Closed Won,Professional,92533.0,1,84,693,118,42,12502.11,2769.66,2,1,DE,0,Marketing
ACCT-004,LEAD-00819,Enterprise Expansion,Partner Referral,2024-05-19,Qualified Lead,Professional,63285.0,1,84,508,249,134,10790.16,0.0,3,0,ES,0,Marketing
ACCT-080,LEAD-10120,Year-End Accelerator,Partner Referral,2024-05-06,Qualified Lead,Professional,38946.0,2,84,116,82,41,5090.43,0.0,5,0,US,0,Marketing
ACCT-013,LEAD-04541,Digital Retarget,Partner Referral,2024-05-06,Qualified Lead,Professional,38946.0,2,84,116,82,41,14624.91,0.0,5,0,CA,0,Marketing
ACCT-012,LEAD-02456,Q3 Growth Sprint,Organic Search,2024-04-25,Lead,Enterprise,40233.0,2,84,80,46,2,2927.46,0.0,6,0,SA,0,Marketing
ACCT-110,LEAD-02516,Q3 Growth Sprint,Email,2023-12-07,Lead,Standard,46831.0,3,84,22,10,34,2822.11,0.0,4,0,ES,0,Marketing
ACCT-059,LEAD-11013,Enterprise Expansion,Direct Mail,2023-09-23,Qualified Lead,Professional,67605.0,1,84,336,282,54,6615.45,0.0,1,0,ES,0,Marketing
ACCT-081,LEAD-09988,Year-End Accelerator,Partner Referral,2023-08-24,Qualified Lead,Growth,70379.0,2,84,553,142,8,5678.85,0.0,4,0,CA,0,Marketing
ACCT-012,LEAD-01627,NovaPulse Launch,Partner Referral,2023-07-15,Closed Won,Standard,77297.0,1,84,408,109,41,10067.4,1126.66,4,1,ES,0,Marketing
ACCT-039,LEAD-01490,Q3 Growth Sprint,Paid Social,2023-05-12,Qualified Lead,Professional,55759.0,2,84,675,85,77,5068.23,0.0,8,0,CA,0,Marketing
ACCT-033,LEAD-06710,Q3 Growth Sprint,Organic Search,2023-04-30,Lead,Growth,58217.0,4,84,68,13,13,2909.74,0.0,6,0,ES,0,Marketing
ACCT-007,LEAD-07375,NovaEdge Awareness,Paid Social,2023-04-05,Qualified Lead,Professional,51369.0,2,84,297,79,182,3273.48,0.0,8,0,SA,0,Marketing
ACCT-012,LEAD-10144,Year-End Accelerator,Paid Social,2023-04-05,Qualified Lead,Professional,51369.0,2,84,297,79,182,9288.31,0.0,8,0,SA,0,Marketing
ACCT-061,LEAD-03138,NovaPulse Launch,Direct Mail,2023-03-31,Closed Won,Professional,91249.0,1,84,1324,119,27,7667.12,4078.22,4,1,ES,0,Marketing
ACCT-107,LEAD-01440,NovaPulse Launch,Partner Referral,2023-02-09,Qualified Lead,Standard,52513.0,1,84,367,241,232,7699.22,0.0,7,0,ES,0,Marketing
ACCT-008,LEAD-04200,NovaPulse Launch,Partner Referral,2025-01-17,Qualified Lead,Growth,44159.0,2,85,167,62,7,14931.4,0.0,5,0,SA,0,Marketing
ACCT-108,LEAD-04998,NovaPulse Launch,Direct Mail,2024-12-21,Closed Won,Professional,76081.0,1,85,292,415,200,7773.7,1283.09,2,1,ES,0,Marketing
ACCT-061,LEAD-07321,NovaPulse Launch,Direct Mail,2024-12-21,Closed Won,Professional,76081.0,1,85,292,415,200,5415.53,2476.46,2,1,IN,0,Marketing
ACCT-081,LEAD-08663,Digital Retarget,Organic Search,2024-12-20,Prospect,Professional,39996.0,3,85,11,3,1,3886.36,0.0,6,0,AU,0,Marketing
ACCT-014,LEAD-01958,Q3 Growth Sprint,Partner Referral,2024-10-14,Qualified Lead,Enterprise,55012.0,2,85,582,65,13,5650.74,0.0,5,0,ES,0,Marketing
ACCT-080,LEAD-06963,Year-End Accelerator,Partner Referral,2024-09-26,Closed Won,Professional,77457.0,1,85,675,400,11,9786.6,2797.27,1,1,SA,0,Marketing
ACCT-012,LEAD-01065,Enterprise Expansion,Direct Mail,2024-07-16,Qualified Lead,Professional,80695.0,1,85,557,984,18,2414.18,0.0,2,0,US,0,Marketing
ACCT-081,LEAD-02712,NovaPulse Launch,Partner Referral,2024-07-12,Qualified Lead,Professional,71866.0,2,85,184,178,33,11944.12,0.0,3,0,AU,0,Marketing
ACCT-023,LEAD-06049,NovaPulse Launch,Partner Referral,2024-06-20,Closed Won,Growth,73450.0,1,85,1142,415,37,5855.95,4468.68,3,1,ES,0,Marketing
ACCT-081,LEAD-06605,Enterprise Expansion,Paid Social,2024-06-12,Closed Won,Enterprise,55614.0,1,85,504,131,26,3678.87,1603.32,7,1,ES,0,Marketing
ACCT-012,LEAD-11181,Enterprise Expansion,Email,2024-03-06,Prospect,Enterprise,156924.0,1,85,2,2,1,721.82,0.0,0,0,CA,0,Marketing
ACCT-012,LEAD-05234,Q3 Growth Sprint,Email,2024-01-12,Lead,Standard,30753.0,3,85,12,25,30,2272.41,0.0,5,0,CA,0,Marketing
ACCT-012,LEAD-05253,Enterprise Expansion,Organic Search,2024-01-10,Qualified Lead,Growth,54603.0,3,85,145,46,4,2736.86,0.0,7,0,ES,0,Marketing
ACCT-012,LEAD-11148,NovaPulse Launch,Organic Search,2023-11-15,Prospect,Professional,22280.0,2,85,2,4,2,3603.29,0.0,8,0,ES,0,Marketing
ACCT-012,LEAD-06289,NovaEdge Awareness,Email,2023-10-24,Lead,Growth,59385.0,3,85,135,10,36,1616.57,0.0,5,0,ES,0,Marketing
ACCT-012,LEAD-09743,Year-End Accelerator,Paid Social,2023-06-29,Closed Won,Professional,76998.0,2,85,1449,161,107,4652.12,2911.61,6,1,CA,0,Marketing
ACCT-012,LEAD-09209,Digital Retarget,Partner Referral,2023-03-24,Qualified Lead,Growth,80573.0,1,85,829,430,15,3813.54,0.0,2,0,SA,0,Marketing
ACCT-015,LEAD-06417,Enterprise Expansion,Partner Referral,2023-03-24,Qualified Lead,Growth,80573.0,1,85,829,430,15,6079.9,0.0,2,0,ES,0,Marketing
ACCT-115,LEAD-07937,Digital Retarget,Organic Search,2024-11-13,Lead,Professional,24711.0,1,86,10,25,7,878.12,0.0,7,0,ES,0,Marketing
ACCT-012,LEAD-06488,Q3 Growth Sprint,Paid Social,2024-10-31,Lead,Enterprise,38829.0,2,86,76,7,16,2012.81,0.0,5,0,DE,0,Marketing
ACCT-012,LEAD-03194,Q3 Growth Sprint,Partner Referral,2024-10-30,Qualified Lead,Enterprise,71466.0,1,86,412,546,0,7631.25,0.0,1,0,CA,0,Marketing
ACCT-055,LEAD-00231,Enterprise Expansion,Email,2024-10-03,Prospect,Growth,28839.0,3,86,24,7,1,2331.46,0.0,5,0,ES,0,Marketing
ACCT-080,LEAD-09697,NovaEdge Awareness,Partner Referral,2024-09-27,Qualified Lead,Professional,53790.0,3,86,335,127,5,14629.22,0.0,6,0,ES,0,Marketing
ACCT-029,LEAD-04676,Q3 Growth Sprint,Paid Social,2024-09-26,Qualified Lead,Growth,73705.0,3,86,612,520,107,10845.52,0.0,5,0,ES,0,Marketing
ACCT-012,LEAD-08079,Enterprise Expansion,Email,2024-09-19,Lead,Professional,22448.0,2,86,3,8,18,1732.7,0.0,3,0,SA,0,Marketing
ACCT-012,LEAD-10032,NovaPulse Launch,Organic Search,2024-08-07,Lead,Professional,12571.0,2,86,3,14,17,1825.49,0.0,6,0,SA,0,Marketing
ACCT-105,LEAD-10505,Digital Retarget,Partner Referral,2024-07-13,Qualified Lead,Growth,73113.0,1,86,741,154,28,9552.29,0.0,2,0,SA,0,Marketing
ACCT-101,LEAD-02005,NovaEdge Awareness,Organic Search,2024-06-27,Lead,Professional,35765.0,2,86,22,30,15,855.0,0.0,6,0,CA,0,Marketing
ACCT-012,LEAD-06940,Q3 Growth Sprint,Organic Search,2024-05-02,Opportunity,Enterprise,46734.0,4,86,100,39,76,2178.21,518.09,6,1,ES,0,Marketing
ACCT-103,LEAD-02304,NovaPulse Launch,Partner Referral,2024-03-25,Qualified Lead,Enterprise,66313.0,2,86,625,99,7,10811.63,0.0,4,0,SA,0,Marketing
ACCT-080,LEAD-03170,Q3 Growth Sprint,Partner Referral,2024-03-08,Qualified Lead,Growth,68148.0,1,86,389,408,85,11245.92,0.0,2,0,ES,0,Marketing
ACCT-012,LEAD-10466,Q3 Growth Sprint,Email,2024-02-27,Lead,Professional,44393.0,3,86,24,20,10,906.64,0.0,4,0,ES,0,Marketing
ACCT-061,LEAD-07325,Digital Retarget,Email,2023-12-30,Prospect,Enterprise,38197.0,2,86,23,11,3,684.27,0.0,5,0,ES,0,Marketing
ACCT-061,LEAD-00455,Digital Retarget,Organic Search,2023-10-13,Qualified Lead,Enterprise,51012.0,1,86,102,63,24,3460.17,0.0,6,0,ES,0,Marketing
ACCT-061,LEAD-07592,Q3 Growth Sprint,Organic Search,2023-10-13,Qualified Lead,Enterprise,51012.0,1,86,102,63,24,1532.18,0.0,6,0,ES,0,Marketing
ACCT-012,LEAD-04547,Digital Retarget,Organic Search,2023-10-12,Prospect,Professional,13672.0,3,86,6,9,5,1615.51,0.0,8,0,ES,0,Marketing
ACCT-061,LEAD-06825,Enterprise Expansion,Organic Search,2023-08-27,Prospect,Professional,41452.0,3,86,13,3,0,3830.82,0.0,7,0,CA,0,Marketing
ACCT-004,LEAD-02961,Q3 Growth Sprint,Paid Social,2023-08-18,Opportunity,Professional,42081.0,2,86,175,110,27,2742.0,542.87,6,1,ES,0,Marketing
ACCT-012,LEAD-08700,NovaPulse Launch,Organic Search,2023-06-07,Lead,Starter,14906.0,1,86,7,14,15,1814.1,0.0,7,0,SA,0,Marketing
ACCT-012,LEAD-02278,Year-End Accelerator,Organic Search,2023-04-15,Lead,Standard,33812.0,2,86,4,19,39,3061.95,0.0,6,0,US,0,Marketing
ACCT-012,LEAD-10703,Digital Retarget,Paid Social,2023-01-21,Lead,Growth,46098.0,3,86,57,27,36,7470.46,0.0,8,0,ES,0,Marketing
ACCT-012,LEAD-00009,Enterprise Expansion,Paid Social,2023-01-21,Lead,Growth,46098.0,3,86,57,27,36,10981.24,0.0,8,0,CA,0,Marketing
ACCT-051,LEAD-02804,Digital Retarget,Paid Social,2023-01-21,Opportunity,Growth,46098.0,3,86,57,27,36,2931.05,236.67,8,1,IN,0,Marketing
ACCT-114,LEAD-04915,NovaEdge Awareness,Partner Referral,2023-01-05,Qualified Lead,Standard,53230.0,2,86,176,98,229,10363.74,0.0,5,0,DE,0,Marketing
ACCT-061,LEAD-03010,NovaPulse Launch,Partner Referral,2024-11-28,Closed Won,Growth,88420.0,1,87,957,612,153,8792.84,2566.16,1,1,ES,0,Marketing
ACCT-012,LEAD-04279,NovaEdge Awareness,Email,2024-10-25,Lead,Standard,39548.0,3,87,15,10,18,2856.11,0.0,3,0,ES,0,Marketing
ACCT-012,LEAD-02564,Q3 Growth Sprint,Organic Search,2024-07-23,Lead,Professional,61278.0,2,87,111,28,15,1077.49,0.0,6,0,ES,0,Marketing
ACCT-012,LEAD-01137,NovaPulse Launch,Partner Referral,2024-07-16,Closed Won,Professional,81246.0,1,87,398,537,37,13677.04,1936.44,1,1,ES,0,Marketing
ACCT-061,LEAD-05084,Q3 Growth Sprint,Partner Referral,2024-07-12,Qualified Lead,Professional,58330.0,2,87,445,213,151,4215.09,0.0,4,0,ES,0,Marketing
ACCT-106,LEAD-07094,Q3 Growth Sprint,Partner Referral,2024-07-12,Qualified Lead,Professional,58330.0,2,87,445,213,151,5466.61,0.0,4,0,DE,0,Marketing
ACCT-012,LEAD-06327,Enterprise Expansion,Direct Mail,2024-07-05,Qualified Lead,Professional,65777.0,1,87,565,435,54,2734.9,0.0,1,0,US,0,Marketing
ACCT-081,LEAD-06131,Digital Retarget,Partner Referral,2024-06-16,Qualified Lead,Standard,70829.0,3,87,141,106,23,11366.36,0.0,3,0,ES,0,Marketing
ACCT-012,LEAD-05798,Q3 Growth Sprint,Partner Referral,2024-06-07,Qualified Lead,Growth,,1,87,445,359,18,11664.46,0.0,1,0,DE,0,Marketing
ACCT-012,LEAD-10379,Digital Retarget,Partner Referral,2024-05-22,Qualified Lead,Growth,59247.0,3,87,327,122,83,11759.69,0.0,6,0,ES,0,Marketing
ACCT-012,LEAD-00606,NovaPulse Launch,Organic Search,2024-04-20,Prospect,Professional,25930.0,3,87,6,2,4,1428.43,0.0,7,0,ES,0,Marketing
ACCT-012,LEAD-07801,NovaEdge Awareness,Partner Referral,2024-03-21,Qualified Lead,Professional,54753.0,2,87,197,227,131,6378.28,0.0,4,0,SA,0,Marketing
ACCT-066,LEAD-02445,Enterprise Expansion,Organic Search,2024-01-08,Lead,Enterprise,28440.0,2,87,38,24,0,1331.42,0.0,8,0,ES,0,Marketing
ACCT-115,LEAD-05346,NovaPulse Launch,Organic Search,2024-01-03,Lead,Standard,23559.0,2,87,25,19,23,673.72,0.0,7,0,DE,0,Marketing
ACCT-012,LEAD-00550,Year-End Accelerator,Partner Referral,2023-11-20,Qualified Lead,Professional,62335.0,2,87,243,217,26,9861.24,0.0,2,0,ES,0,Marketing
ACCT-012,LEAD-04478,Q3 Growth Sprint,Paid Social,2023-09-16,Qualified Lead,Professional,63777.0,3,87,457,106,53,10398.55,0.0,8,0,IN,0,Marketing
ACCT-012,LEAD-02350,Enterprise Expansion,Partner Referral,2023-09-13,Closed Won,Professional,59666.0,3,87,623,178,133,4843.08,1714.14,8,1,CA,0,Marketing
ACCT-070,LEAD-01118,Q3 Growth Sprint,Paid Social,2023-08-12,Closed Won,Growth,50965.0,2,87,544,85,29,6276.06,1084.3,8,1,ES,0,Marketing
ACCT-034,LEAD-01491,Enterprise Expansion,Partner Referral,2023-08-10,Qualified Lead,Standard,71488.0,1,87,162,124,172,10944.24,0.0,1,0,CA,0,Marketing
ACCT-111,LEAD-04507,NovaEdge Awareness,Partner Referral,2023-05-11,Qualified Lead,Professional,72228.0,1,87,631,491,56,10202.59,0.0,3,0,ES,0,Marketing
ACCT-012,LEAD-07023,Enterprise Expansion,Paid Social,2023-05-10,Qualified Lead,Enterprise,46231.0,4,87,189,55,12,3996.75,0.0,9,0,SA,0,Marketing
ACCT-012,LEAD-06977,Year-End Accelerator,Partner Referral,2023-03-24,Closed Won,Professional,75702.0,2,87,1073,629,37,3308.83,2731.82,6,1,ES,0,Marketing
ACCT-012,LEAD-04042,Digital Retarget,Organic Search,2023-03-23,Opportunity,Professional,43300.0,2,87,91,52,31,1521.34,235.17,8,1,CA,0,Marketing
ACCT-080,LEAD-07274,Enterprise Expansion,Partner Referral,2023-03-07,Closed Won,Professional,78618.0,1,87,736,818,61,13125.23,3446.65,2,1,ES,0,Marketing
ACCT-105,LEAD-02902,Year-End Accelerator,Email,2023-02-08,Prospect,Professional,,3,87,19,12,6,1493.67,0.0,5,0,AU,0,Marketing
ACCT-012,LEAD-03332,Q3 Growth Sprint,Organic Search,2023-02-02,Lead,Professional,29760.0,2,87,64,68,17,2211.84,0.0,8,0,DE,0,Marketing
ACCT-012,LEAD-07433,Digital Retarget,Organic Search,2023-02-02,Lead,Professional,29760.0,2,87,64,68,17,2813.64,0.0,8,0,ES,0,Marketing
ACCT-032,LEAD-09386,Enterprise Expansion,Partner Referral,2024-12-28,Opportunity,Professional,50127.0,2,88,274,21,15,4093.64,610.36,6,1,ES,0,Marketing
ACCT-069,LEAD-05176,Q3 Growth Sprint,Organic Search,2024-06-23,Lead,Professional,29604.0,2,88,7,13,14,1147.08,124.61,9,1,SA,0,Marketing
ACCT-015,LEAD-10323,Enterprise Expansion,Email,2024-05-07,Qualified Lead,Professional,49413.0,2,88,205,41,46,1423.5,0.0,5,0,ES,0,Marketing
ACCT-012,LEAD-04682,Q3 Growth Sprint,Partner Referral,2024-04-26,Qualified Lead,Professional,51876.0,1,88,99,102,6,8349.3,0.0,1,0,DE,0,Marketing
ACCT-080,LEAD-03083,Digital Retarget,Paid Social,2024-01-29,Qualified Lead,Professional,45837.0,3,88,215,87,24,4632.96,0.0,7,0,ES,0,Marketing
ACCT-012,LEAD-08015,Digital Retarget,Partner Referral,2023-10-29,Closed Won,Enterprise,85696.0,1,88,714,395,12,8580.7,1961.77,1,1,ES,0,Marketing
ACCT-030,LEAD-01745,Digital Retarget,Partner Referral,2023-10-29,Closed Won,Enterprise,85696.0,1,88,714,395,12,6222.74,1680.81,1,1,ES,0,Marketing
ACCT-066,LEAD-03136,Year-End Accelerator,Partner Referral,2023-10-07,Qualified Lead,Growth,59432.0,2,88,317,265,12,12026.82,0.0,5,0,ES,0,Marketing
ACCT-029,LEAD-06991,NovaEdge Awareness,Paid Social,2023-10-04,Qualified Lead,Professional,43185.0,2,88,537,42,30,8674.68,0.0,8,0,AU,0,Marketing
ACCT-012,LEAD-08132,Enterprise Expansion,Paid Social,2023-09-29,Closed Won,Enterprise,60631.0,3,88,565,65,19,2857.07,1088.62,7,1,DE,0,Marketing
ACCT-012,LEAD-00503,Digital Retarget,Organic Search,2023-09-02,Lead,Growth,20559.0,2,88,13,29,7,2395.07,0.0,8,0,AU,0,Marketing
ACCT-012,LEAD-08148,NovaPulse Launch,Partner Referral,2023-06-26,Qualified Lead,Growth,50898.0,3,88,285,242,135,14648.47,0.0,5,0,SA,0,Marketing
ACCT-012,LEAD-02736,NovaPulse Launch,Partner Referral,2023-06-19,Qualified Lead,Professional,73807.0,2,88,366,156,54,10076.72,0.0,2,0,IN,0,Marketing
ACCT-002,LEAD-08162,Q3 Growth Sprint,Organic Search,2023-06-18,Prospect,Growth,14661.0,1,88,4,11,2,2437.61,0.0,6,0,ES,0,Marketing
ACCT-061,LEAD-00692,Q3 Growth Sprint,Organic Search,2023-06-05,Prospect,Professional,36807.0,3,88,4,5,5,3442.79,0.0,6,0,IN,0,Marketing
ACCT-012,LEAD-07706,Q3 Growth Sprint,Paid Social,2023-04-19,Closed Won,Standard,46772.0,2,88,350,189,57,10184.05,1827.94,8,1,CA,0,Marketing
ACCT-012,LEAD-09298,Enterprise Expansion,Partner Referral,2024-11-24,Closed Won,Enterprise,81574.0,1,89,1252,465,0,9426.17,4183.88,1,1,SA,0,Marketing
ACCT-012,LEAD-02986,Year-End Accelerator,Organic Search,2024-10-04,Prospect,Professional,30772.0,3,89,7,4,4,2161.89,0.0,6,0,CA,0,Marketing
ACCT-012,LEAD-10812,NovaPulse Launch,Email,2024-09-22,Lead,Enterprise,46377.0,2,89,37,46,0,2704.13,0.0,4,0,SA,0,Marketing
ACCT-033,LEAD-02909,Enterprise Expansion,Paid Social,2024-09-11,Closed Won,Enterprise,78128.0,2,89,934,230,36,6762.62,1646.54,3,1,DE,0,Marketing
ACCT-014,LEAD-06974,Q3 Growth Sprint,Direct Mail,2024-07-19,Qualified Lead,Enterprise,83443.0,1,89,518,742,84,7368.05,0.0,2,0,DE,0,Marketing
ACCT-014,LEAD-09140,Q3 Growth Sprint,Organic Search,2024-07-12,Lead,Standard,50523.0,3,89,51,24,1,3000.07,0.0,6,0,US,0,Marketing
ACCT-012,LEAD-04554,NovaPulse Launch,Partner Referral,2024-04-10,Qualified Lead,Professional,47009.0,2,89,171,73,90,9025.22,0.0,4,0,ES,0,Marketing
ACCT-012,LEAD-07791,Enterprise Expansion,Organic Search,2024-03-24,Prospect,Growth,37054.0,3,89,12,6,5,3651.59,0.0,7,0,SA,0,Marketing
ACCT-080,LEAD-05455,NovaEdge Awareness,Organic Search,2024-02-27,Lead,Enterprise,32011.0,2,89,99,15,5,3301.58,0.0,7,0,ES,0,Marketing
ACCT-029,LEAD-07960,Year-End Accelerator,Partner Referral,2024-02-19,Closed Won,Standard,82122.0,1,89,734,350,100,11130.42,2772.78,1,1,ES,0,Marketing
ACCT-110,LEAD-03426,NovaPulse Launch,Partner Referral,2024-01-17,Qualified Lead,Professional,70300.0,2,89,1045,338,46,4443.38,0.0,8,0,ES,0,Marketing
ACCT-012,LEAD-05316,NovaPulse Launch,Organic Search,2024-01-05,Lead,Growth,21024.0,1,89,36,18,18,3150.16,0.0,7,0,ES,0,Marketing
ACCT-080,LEAD-01404,NovaPulse Launch,Paid Social,2023-11-11,Qualified Lead,Professional,34916.0,3,89,51,82,42,3728.79,0.0,9,0,SA,0,Marketing
ACCT-080,LEAD-10598,Q3 Growth Sprint,Organic Search,2023-10-09,Prospect,Professional,27943.0,3,89,12,16,3,3945.29,0.0,8,0,ES,0,Marketing
ACCT-012,LEAD-08212,Year-End Accelerator,Organic Search,2023-09-20,Lead,Growth,39791.0,2,89,85,27,21,3902.58,0.0,7,0,ES,0,Marketing
ACCT-012,LEAD-03233,Digital Retarget,Partner Referral,2023-09-14,Qualified Lead,Enterprise,62745.0,2,89,562,464,32,12701.53,0.0,5,0,SA,0,Marketing
ACCT-033,LEAD-07892,Q3 Growth Sprint,Organic Search,2023-06-19,Lead,Professional,18589.0,1,89,6,25,13,941.65,0.0,7,0,US,0,Marketing
ACCT-012,LEAD-02975,NovaPulse Launch,Partner Referral,2023-04-25,Closed Won,Professional,85606.0,2,89,717,864,84,8080.5,4860.2,3,1,ES,0,Marketing
ACCT-081,LEAD-05043,Enterprise Expansion,Organic Search,2023-04-17,Qualified Lead,Starter,26997.0,1,89,7,78,144,2023.88,0.0,7,0,ES,0,Marketing
ACCT-012,LEAD-03104,Year-End Accelerator,Partner Referral,2023-02-23,Closed Won,Professional,82332.0,1,89,830,968,19,14967.23,4042.88,2,1,DE,0,Marketing
ACCT-106,LEAD-10854,NovaPulse Launch,Organic Search,2024-12-21,Prospect,Enterprise,38853.0,3,90,29,14,2,3419.38,0.0,7,0,IN,0,Marketing
ACCT-081,LEAD-07419,Enterprise Expansion,Organic Search,2024-11-19,Prospect,Growth,27071.0,2,90,8,19,3,1402.6,0.0,6,0,ES,0,Marketing
ACCT-085,LEAD-05558,Year-End Accelerator,Direct Mail,2024-10-25,Closed Won,Enterprise,90933.0,1,90,1020,430,79,7420.23,4024.5,1,1,ES,0,Marketing
ACCT-080,LEAD-00832,Year-End Accelerator,Partner Referral,2024-09-23,Qualified Lead,Enterprise,65814.0,2,90,561,113,35,3804.14,0.0,5,0,ES,0,Marketing
ACCT-012,LEAD-04964,Q3 Growth Sprint,Direct Mail,2024-08-16,Qualified Lead,Enterprise,74250.0,1,90,680,392,0,4022.64,0.0,1,0,CA,0,Marketing
ACCT-030,LEAD-11030,Q3 Growth Sprint,Organic Search,2024-07-22,Prospect,Growth,33181.0,2,90,9,3,4,1890.74,25.98,6,1,ES,0,Marketing
ACCT-019,LEAD-04587,Enterprise Expansion,Partner Referral,2024-01-20,Qualified Lead,Growth,45006.0,1,90,162,53,10,6314.41,0.0,3,0,ES,0,Marketing
ACCT-032,LEAD-00450,NovaPulse Launch,Email,2024-01-13,Qualified Lead,Growth,42315.0,2,90,67,80,80,1645.39,0.0,3,0,US,0,Marketing
ACCT-077,LEAD-11031,Enterprise Expansion,Email,2023-11-18,Prospect,Enterprise,48699.0,3,90,26,10,1,2683.67,0.0,5,0,AU,0,Marketing
ACCT-060,LEAD-04990,Year-End Accelerator,Paid Social,2023-10-28,Qualified Lead,Professional,59111.0,1,90,524,134,155,9865.51,0.0,7,0,AU,0,Marketing
ACCT-059,LEAD-00221,Digital Retarget,Organic Search,2023-10-23,Qualified Lead,Professional,48726.0,2,90,138,38,59,2680.7,0.0,6,0,DE,0,Marketing
ACCT-012,LEAD-04351,Q3 Growth Sprint,Organic Search,2023-10-23,Lead,Professional,37244.0,3,90,18,10,25,2328.97,96.0,7,1,ES,0,Marketing
ACCT-084,LEAD-01357,NovaEdge Awareness,Email,2023-10-02,Qualified Lead,Professional,74854.0,4,90,856,487,73,1536.11,0.0,5,0,DE,0,Marketing
ACCT-012,LEAD-05667,Digital Retarget,Direct Mail,2023-03-21,Closed Won,Enterprise,60896.0,2,90,1013,399,153,2463.3,3341.3,6,1,CA,0,Marketing
ACCT-061,LEAD-08867,Digital Retarget,Direct Mail,2023-02-04,Qualified Lead,Enterprise,67546.0,1,90,864,768,172,6429.45,0.0,3,0,SA,0,Marketing
ACCT-012,LEAD-02747,Digital Retarget,Direct Mail,2023-02-04,Qualified Lead,Enterprise,67546.0,1,90,864,768,172,7607.72,0.0,3,0,ES,0,Marketing
ACCT-047,LEAD-07422,NovaPulse Launch,Partner Referral,2023-01-26,Qualified Lead,Professional,46923.0,2,90,85,54,6,14099.14,0.0,7,0,ES,0,Marketing
ACCT-108,LEAD-04148,Q3 Growth Sprint,Partner Referral,2023-01-23,Qualified Lead,Professional,38988.0,4,90,164,103,42,9752.21,0.0,8,0,ES,0,Marketing
ACCT-012,LEAD-09516,NovaEdge Awareness,Partner Referral,2023-01-21,Closed Won,Standard,49118.0,1,90,620,239,119,4211.89,1931.89,7,1,ES,0,Marketing
ACCT-022,LEAD-01291,NovaEdge Awareness,Paid Social,2023-01-06,Qualified Lead,Enterprise,27683.0,2,90,152,121,45,7356.33,0.0,8,0,ES,0,Marketing
ACCT-002,LEAD-01833,Enterprise Expansion,Email,2024-11-22,Lead,Enterprise,39190.0,2,91,68,18,12,1359.67,0.0,5,0,ES,0,Marketing
ACCT-015,LEAD-07270,Enterprise Expansion,Partner Referral,2024-08-15,Closed Won,Professional,56981.0,1,91,908,217,24,7930.68,2107.16,6,1,SA,0,Marketing
ACCT-012,LEAD-08182,Year-End Accelerator,Organic Search,2024-07-24,Lead,Professional,23228.0,2,91,53,49,5,2199.55,0.0,8,0,CA,0,Marketing
ACCT-012,LEAD-10394,NovaPulse Launch,Direct Mail,2024-07-10,Closed Won,Professional,90000.0,1,91,675,133,241,5458.25,1846.84,1,1,CA,0,Marketing
ACCT-016,LEAD-01142,Q3 Growth Sprint,Partner Referral,2024-07-09,Qualified Lead,Enterprise,55707.0,2,91,208,82,35,6304.97,0.0,3,0,ES,0,Marketing
ACCT-012,LEAD-00451,NovaEdge Awareness,Organic Search,2024-07-07,Prospect,Professional,9255.0,2,91,9,7,4,1003.48,0.0,8,0,IN,0,Marketing
ACCT-012,LEAD-07128,NovaPulse Launch,Organic Search,2024-06-22,Prospect,Enterprise,42997.0,3,91,4,5,5,2630.29,0.0,7,0,ES,0,Marketing
ACCT-076,LEAD-10678,Year-End Accelerator,Paid Social,2024-06-13,Qualified Lead,Professional,71232.0,2,91,653,170,17,8936.61,0.0,7,0,ES,0,Marketing
ACCT-012,LEAD-07755,Enterprise Expansion,Paid Social,2024-05-26,Qualified Lead,Enterprise,57744.0,2,91,350,39,19,2387.83,0.0,8,0,ES,0,Marketing
ACCT-030,LEAD-04754,Q3 Growth Sprint,Email,2024-04-04,Lead,Growth,33585.0,2,91,30,33,29,2723.94,0.0,4,0,ES,0,Marketing
ACCT-080,LEAD-00020,Q3 Growth Sprint,Email,2024-03-09,Lead,Standard,46891.0,2,91,43,23,61,1328.74,0.0,4,0,DE,0,Marketing
ACCT-004,LEAD-02246,Q3 Growth Sprint,Email,2024-03-09,Lead,Standard,46891.0,2,91,43,23,61,1093.95,0.0,4,0,ES,0,Marketing
ACCT-059,LEAD-10307,Digital Retarget,Partner Referral,2024-03-08,Qualified Lead,Professional,50387.0,3,91,369,87,34,11949.0,0.0,5,0,ES,0,Marketing
ACCT-061,LEAD-02147,NovaPulse Launch,Partner Referral,2024-02-20,Closed Won,Professional,76653.0,1,91,736,946,126,14050.02,5392.43,2,1,ES,0,Marketing
ACCT-012,LEAD-10590,NovaPulse Launch,Partner Referral,2023-09-22,Qualified Lead,Enterprise,76542.0,1,91,794,573,14,3242.79,0.0,2,0,ES,0,Marketing
ACCT-012,LEAD-06565,NovaPulse Launch,Paid Social,2023-09-20,Closed Won,Growth,76995.0,2,91,1012,498,176,10173.86,2840.46,5,1,US,0,Marketing
ACCT-009,LEAD-06619,NovaEdge Awareness,Organic Search,2023-06-19,Prospect,Professional,38415.0,3,91,22,13,4,1481.21,0.0,7,0,ES,0,Marketing
ACCT-012,LEAD-04817,Digital Retarget,Organic Search,2023-01-06,Prospect,Professional,22304.0,1,91,3,7,2,2220.67,0.0,8,0,ES,0,Marketing
ACCT-026,LEAD-04508,Q3 Growth Sprint,Direct Mail,2024-12-20,Qualified Lead,Professional,75127.0,1,92,203,305,227,6025.19,0.0,1,0,DE,0,Marketing
ACCT-030,LEAD-04843,NovaEdge Awareness,Direct Mail,2024-12-20,Qualified Lead,Professional,75127.0,1,92,203,305,227,2138.41,0.0,1,0,SA,0,Marketing
ACCT-081,LEAD-09197,Digital Retarget,Email,2024-09-16,Prospect,Professional,39722.0,2,92,32,5,8,2672.25,0.0,5,0,ES,0,Marketing
ACCT-039,LEAD-06237,Enterprise Expansion,Paid Social,2024-06-22,Qualified Lead,Enterprise,7144.0,3,92,81,33,291,3343.86,0.0,0,0,ES,0,Marketing
ACCT-012,LEAD-06515,Digital Retarget,Email,2024-06-21,Prospect,Professional,39771.0,2,92,6,18,14,2935.55,0.0,4,0,SA,0,Marketing
ACCT-012,LEAD-05954,Q3 Growth Sprint,Paid Social,2024-04-19,Lead,Growth,42618.0,2,92,76,74,10,6431.11,0.0,8,0,ES,0,Marketing
ACCT-012,LEAD-07938,NovaPulse Launch,Partner Referral,2024-04-13,Qualified Lead,Enterprise,51518.0,2,92,350,66,4,12909.88,0.0,3,0,DE,0,Marketing
ACCT-101,LEAD-00961,NovaEdge Awareness,Paid Social,2024-03-21,Qualified Lead,Professional,74716.0,2,92,133,421,71,4694.2,0.0,4,0,ES,0,Marketing
ACCT-074,LEAD-01764,NovaPulse Launch,Organic Search,2024-02-13,Qualified Lead,Professional,33955.0,2,92,100,128,10,1958.7,0.0,8,0,SA,0,Marketing
ACCT-014,LEAD-01916,Q3 Growth Sprint,Paid Social,2024-01-26,Qualified Lead,Growth,45736.0,2,92,188,180,43,8455.55,0.0,7,0,DE,0,Marketing
ACCT-012,LEAD-06941,Digital Retarget,Organic Search,2024-01-15,Lead,Professional,31632.0,1,92,17,12,32,1157.77,0.0,7,0,ES,0,Marketing
ACCT-012,LEAD-05562,NovaPulse Launch,Partner Referral,2023-12-27,Qualified Lead,Professional,60093.0,2,92,502,109,90,5536.69,0.0,6,0,ES,0,Marketing
ACCT-081,LEAD-01517,Digital Retarget,Organic Search,2023-12-14,Lead,Professional,30822.0,2,92,3,13,12,3383.89,0.0,7,0,ES,0,Marketing
ACCT-030,LEAD-07286,Q3 Growth Sprint,Organic Search,2023-11-21,Lead,Professional,41728.0,2,92,13,15,13,3093.31,0.0,10,0,AU,0,Marketing
ACCT-071,LEAD-04687,NovaEdge Awareness,Direct Mail,2023-11-20,Qualified Lead,Growth,80739.0,1,92,674,736,92,6436.71,0.0,1,0,ES,0,Marketing
ACCT-061,LEAD-05631,Enterprise Expansion,Partner Referral,2023-10-28,Qualified Lead,Professional,49767.0,1,92,202,197,149,13406.27,0.0,4,0,US,0,Marketing
ACCT-030,LEAD-01951,NovaEdge Awareness,Paid Social,2023-07-17,Qualified Lead,Starter,34445.0,1,92,228,122,30,10210.17,0.0,9,0,ES,0,Marketing
ACCT-007,LEAD-00123,Enterprise Expansion,Direct Mail,2023-06-24,Qualified Lead,Professional,67046.0,2,92,544,133,107,4849.25,0.0,2,0,AU,0,Marketing
ACCT-009,LEAD-09451,NovaEdge Awareness,Paid Social,2023-05-09,Qualified Lead,Professional,73538.0,2,92,811,428,107,3589.72,0.0,7,0,CA,0,Marketing
ACCT-080,LEAD-07396,Year-End Accelerator,Partner Referral,2023-04-23,Closed Won,Professional,80398.0,1,92,342,936,26,6733.48,2968.56,3,1,ES,0,Marketing
ACCT-030,LEAD-03298,Year-End Accelerator,Partner Referral,2023-04-20,Qualified Lead,Growth,52973.0,2,92,856,76,199,4627.8,0.0,8,0,SA,0,Marketing
ACCT-033,LEAD-06730,Year-End Accelerator,Organic Search,2023-04-15,Lead,Professional,38998.0,3,92,34,14,5,3479.53,0.0,8,0,ES,1,Marketing
ACCT-061,LEAD-09916,Year-End Accelerator,Organic Search,2023-04-15,Lead,Professional,38998.0,3,92,34,14,5,3577.66,0.0,8,0,SA,1,Marketing
ACCT-012,LEAD-02227,NovaEdge Awareness,Organic Search,2023-02-28,Qualified Lead,Standard,26490.0,1,92,45,52,25,601.32,0.0,6,0,SA,0,Marketing
ACCT-075,LEAD-00946,Year-End Accelerator,Organic Search,2023-02-28,Qualified Lead,Standard,26490.0,1,92,45,52,25,1174.67,0.0,6,0,ES,0,Marketing
ACCT-106,LEAD-03745,NovaEdge Awareness,Organic Search,2023-02-09,Lead,Standard,23331.0,2,92,5,7,45,3415.25,0.0,8,0,IN,0,Marketing
ACCT-012,LEAD-04094,Q3 Growth Sprint,Organic Search,2023-01-29,Qualified Lead,Professional,60544.0,3,92,201,43,35,3429.42,0.0,6,0,AU,0,Marketing
ACCT-012,LEAD-08588,Q3 Growth Sprint,Organic Search,2023-01-29,Qualified Lead,Professional,60544.0,3,92,201,43,35,1373.22,0.0,6,0,DE,0,Marketing
ACCT-012,LEAD-03916,Year-End Accelerator,Partner Referral,2023-01-18,Qualified Lead,Enterprise,49269.0,2,92,639,166,58,8477.38,0.0,7,0,ES,0,Marketing
ACCT-012,LEAD-09135,Enterprise Expansion,Organic Search,2023-01-08,Lead,Professional,27203.0,3,92,13,21,24,3713.11,0.0,8,0,ES,0,Marketing
ACCT-115,LEAD-01755,Enterprise Expansion,Email,2024-11-05,Lead,Standard,45204.0,2,93,30,25,18,2261.58,0.0,3,0,SA,0,Marketing
ACCT-019,LEAD-02875,NovaEdge Awareness,Partner Referral,2024-09-25,Qualified Lead,Professional,67023.0,1,93,444,382,17,6287.73,0.0,2,0,ES,1,Marketing
ACCT-012,LEAD-02008,NovaPulse Launch,Partner Referral,2024-09-01,Closed Won,Professional,77583.0,1,93,372,384,108,12882.08,2133.31,2,1,SA,0,Marketing
ACCT-012,LEAD-10925,Digital Retarget,Partner Referral,2024-08-03,Qualified Lead,Professional,76630.0,1,93,255,446,175,10624.92,0.0,1,0,SA,0,Marketing
ACCT-114,LEAD-01604,Q3 Growth Sprint,Partner Referral,2024-05-27,Qualified Lead,Growth,47353.0,2,93,184,19,4,4486.47,0.0,5,0,ES,0,Marketing
ACCT-068,LEAD-05389,Enterprise Expansion,Paid Social,2024-05-01,Opportunity,Professional,48920.0,3,93,238,68,6,2305.63,584.42,7,1,ES,0,Marketing
ACCT-081,LEAD-02878,Year-End Accelerator,Partner Referral,2024-04-07,Qualified Lead,Enterprise,67472.0,2,93,162,127,69,10128.52,0.0,3,0,ES,0,Marketing
ACCT-029,LEAD-04440,Enterprise Expansion,Paid Social,2024-03-19,Closed Won,Growth,64100.0,2,93,509,27,10,3775.84,1273.07,7,1,SA,0,Marketing
ACCT-012,LEAD-01324,Year-End Accelerator,Organic Search,2023-11-27,Lead,Professional,38872.0,2,93,23,21,22,2554.08,0.0,8,0,IN,0,Marketing
ACCT-012,LEAD-06262,Year-End Accelerator,Direct Mail,2023-10-04,Qualified Lead,Growth,72217.0,1,93,816,450,154,3773.44,0.0,2,0,DE,0,Marketing
ACCT-012,LEAD-03628,Year-End Accelerator,Organic Search,2023-07-19,Lead,Starter,15038.0,2,93,4,11,26,1072.3,0.0,9,0,ES,0,Marketing
ACCT-012,LEAD-03641,Digital Retarget,Organic Search,2023-07-09,Prospect,Professional,13624.0,2,93,10,15,6,3630.72,0.0,6,0,ES,0,Marketing
ACCT-108,LEAD-00322,Year-End Accelerator,Email,2023-06-30,Prospect,Professional,42554.0,3,93,29,11,0,2372.4,0.0,4,0,AU,0,Marketing
ACCT-029,LEAD-00175,Q3 Growth Sprint,Partner Referral,2023-06-28,Closed Won,Professional,71952.0,2,93,656,455,93,11266.21,2266.36,4,1,ES,0,Marketing
ACCT-012,LEAD-06988,Q3 Growth Sprint,Partner Referral,2023-06-28,Closed Won,Professional,71952.0,2,93,656,455,93,7638.79,2037.2,4,1,AU,0,Marketing
ACCT-012,LEAD-08204,Q3 Growth Sprint,Partner Referral,2023-06-01,Qualified Lead,Standard,78041.0,1,93,482,553,17,9867.1,0.0,2,0,DE,0,Marketing
ACCT-029,LEAD-07476,Enterprise Expansion,Partner Referral,2023-05-17,Closed Won,Growth,63972.0,2,93,928,254,12,14579.01,2936.78,4,1,SA,0,Marketing
ACCT-012,LEAD-05221,Q3 Growth Sprint,Paid Social,2023-05-15,Closed Won,Professional,52852.0,2,93,714,99,47,8473.8,1829.2,8,1,DE,0,Marketing
ACCT-012,LEAD-08970,NovaPulse Launch,Partner Referral,2023-04-03,Qualified Lead,Enterprise,62010.0,2,93,371,39,92,6229.0,0.0,5,0,ES,0,Marketing
ACCT-012,LEAD-09286,Year-End Accelerator,Direct Mail,2023-03-20,Qualified Lead,Growth,83151.0,1,93,407,100,18,4161.8,0.0,3,0,ES,0,Marketing
ACCT-015,LEAD-05831,NovaPulse Launch,Organic Search,2023-01-26,Closed Won,Professional,77870.0,2,93,1017,500,133,570.18,4019.13,8,1,ES,0,Marketing
ACCT-012,LEAD-01010,Q3 Growth Sprint,Email,2024-11-20,Lead,Professional,46931.0,4,94,41,17,16,2418.93,0.0,3,0,ES,0,Marketing
ACCT-012,LEAD-11074,Year-End Accelerator,Partner Referral,2024-11-03,Qualified Lead,Professional,85072.0,1,94,494,391,241,3106.78,0.0,0,0,SA,0,Marketing
ACCT-002,LEAD-05896,Year-End Accelerator,Partner Referral,2024-10-10,Qualified Lead,Growth,73395.0,1,94,272,80,11,13938.19,0.0,2,0,ES,0,Marketing
ACCT-012,LEAD-03515,Digital Retarget,Email,2024-09-09,Lead,Professional,62307.0,2,94,87,34,10,2118.43,0.0,5,0,ES,0,Marketing
ACCT-081,LEAD-05324,Q3 Growth Sprint,Partner Referral,2024-08-08,Qualified Lead,Enterprise,58293.0,2,94,173,118,15,10213.7,0.0,5,0,US,0,Marketing
ACCT-005,LEAD-06534,NovaPulse Launch,Email,2024-07-23,Lead,Professional,47889.0,2,94,29,29,4,521.16,0.0,5,0,SA,0,Marketing
ACCT-021,LEAD-08373,Enterprise Expansion,Email,2024-06-26,Prospect,Starter,24594.0,2,94,1,6,9,1130.98,0.0,5,0,CA,0,Marketing
ACCT-014,LEAD-03829,NovaEdge Awareness,Email,2024-06-26,Prospect,Starter,24594.0,2,94,1,6,9,2512.71,0.0,5,0,SA,0,Marketing
ACCT-043,LEAD-04501,NovaEdge Awareness,Partner Referral,2024-05-24,Qualified Lead,Growth,69882.0,1,94,292,635,165,6665.52,0.0,1,0,ES,0,Marketing
ACCT-074,LEAD-04179,Enterprise Expansion,Email,2024-02-25,Lead,Professional,24221.0,1,94,8,9,22,2917.56,0.0,4,0,ES,0,Marketing
ACCT-107,LEAD-02292,NovaPulse Launch,Email,2024-02-05,Prospect,Professional,22327.0,2,94,5,8,5,2106.85,0.0,5,0,ES,0,Marketing
ACCT-113,LEAD-09239,Digital Retarget,Email,2024-01-29,Lead,Growth,61923.0,3,94,92,18,6,1559.52,0.0,3,0,US,0,Marketing
ACCT-012,LEAD-08953,NovaEdge Awareness,Organic Search,2023-11-01,Prospect,Growth,35791.0,4,94,27,5,3,1817.66,0.0,8,0,ES,0,Marketing
ACCT-012,LEAD-10258,Year-End Accelerator,Organic Search,2023-11-01,Prospect,Growth,35791.0,4,94,27,5,3,1720.48,0.0,8,0,US,0,Marketing
ACCT-012,LEAD-03520,NovaPulse Launch,Partner Referral,2023-09-19,Closed Won,Growth,91172.0,1,94,162,818,56,6023.98,1972.92,3,1,CA,0,Marketing
ACCT-012,LEAD-10402,Year-End Accelerator,Organic Search,2023-08-05,Prospect,Professional,35441.0,3,94,25,9,1,2870.19,0.0,8,0,CA,0,Marketing
ACCT-014,LEAD-11114,Q3 Growth Sprint,Organic Search,2023-07-30,Lead,Professional,19656.0,2,94,25,9,32,3385.09,0.0,7,0,ES,0,Marketing
ACCT-102,LEAD-09553,NovaEdge Awareness,Organic Search,2023-06-27,Prospect,Professional,7500.0,1,94,0,3,5,1890.03,0.0,6,0,IN,0,Marketing
ACCT-012,LEAD-06055,Enterprise Expansion,Partner Referral,2023-04-13,Closed Won,Professional,71626.0,1,94,546,376,72,4227.75,2433.78,3,1,ES,0,Marketing
ACCT-013,LEAD-04786,Year-End Accelerator,Partner Referral,2023-03-13,Qualified Lead,Professional,75330.0,3,94,555,257,61,10948.27,0.0,6,0,US,0,Marketing
ACCT-012,LEAD-05015,Digital Retarget,Organic Search,2023-02-20,Lead,Growth,34529.0,2,94,68,38,41,3451.49,0.0,7,0,ES,0,Marketing
ACCT-012,LEAD-08560,Year-End Accelerator,Partner Referral,2023-02-15,Qualified Lead,Professional,48789.0,1,94,351,156,145,7490.76,0.0,6,0,CA,0,Marketing
ACCT-080,LEAD-03469,NovaEdge Awareness,Organic Search,2023-02-11,Lead,Enterprise,34487.0,3,94,19,33,8,2765.7,0.0,9,0,ES,0,Marketing
ACCT-080,LEAD-05885,Digital Retarget,Organic Search,2023-01-26,Qualified Lead,Standard,35688.0,4,94,73,90,32,2631.68,0.0,8,0,CA,0,Marketing
ACCT-061,LEAD-03310,Year-End Accelerator,Organic Search,2023-01-26,Qualified Lead,Standard,35688.0,4,94,73,90,32,1544.67,0.0,8,0,ES,0,Marketing
ACCT-012,LEAD-02134,Year-End Accelerator,Partner Referral,2023-01-20,Qualified Lead,Professional,53700.0,2,94,263,233,83,4297.25,0.0,5,0,SA,0,Marketing
ACCT-012,LEAD-02532,Q3 Growth Sprint,Partner Referral,2024-09-22,Closed Won,Growth,73454.0,1,95,982,351,175,3766.04,4102.52,5,1,ES,0,Marketing
ACCT-012,LEAD-02579,Digital Retarget,Partner Referral,2024-07-03,Qualified Lead,Professional,71113.0,2,95,495,255,8,10687.14,0.0,4,0,ES,0,Marketing
ACCT-029,LEAD-03117,Enterprise Expansion,Paid Social,2024-04-29,Qualified Lead,Professional,,2,95,264,21,147,10614.92,0.0,7,0,AU,0,Marketing
ACCT-012,LEAD-05623,Q3 Growth Sprint,Organic Search,2024-04-05,Lead,Growth,31535.0,2,95,15,13,19,1414.01,108.35,7,1,ES,0,Marketing
ACCT-012,LEAD-04789,NovaPulse Launch,Direct Mail,2024-03-26,Closed Won,Professional,80812.0,1,95,769,500,33,7300.43,2663.79,2,1,IN,0,Marketing
ACCT-073,LEAD-09523,NovaEdge Awareness,Email,2024-02-21,Prospect,Professional,40479.0,2,95,5,8,0,874.82,0.0,4,0,ES,0,Marketing
ACCT-012,LEAD-05268,NovaPulse Launch,Organic Search,2024-02-15,Lead,Professional,29440.0,3,95,17,14,3,3179.16,0.0,7,0,DE,0,Marketing
ACCT-081,LEAD-01545,Enterprise Expansion,Paid Social,2024-02-05,Qualified Lead,Professional,38508.0,2,95,120,206,54,10996.87,0.0,8,0,ES,0,Marketing
ACCT-080,LEAD-02254,Year-End Accelerator,Paid Social,2024-01-08,Qualified Lead,Professional,69520.0,1,95,627,414,93,10054.3,0.0,5,0,AU,0,Marketing
ACCT-012,LEAD-02661,Enterprise Expansion,Email,2023-12-03,Prospect,Professional,18701.0,3,95,12,2,10,2505.91,0.0,5,0,SA,0,Marketing
ACCT-007,LEAD-03130,Year-End Accelerator,Email,2023-12-03,Prospect,Professional,18701.0,3,95,12,2,10,2000.08,0.0,5,0,ES,0,Marketing
ACCT-002,LEAD-05847,Enterprise Expansion,Partner Referral,2023-11-26,Qualified Lead,Professional,69901.0,2,95,312,206,149,10926.36,0.0,5,0,ES,0,Marketing
ACCT-012,LEAD-05863,NovaEdge Awareness,Partner Referral,2023-11-26,Qualified Lead,Professional,47703.0,2,95,359,134,123,11169.07,0.0,5,0,ES,0,Marketing
ACCT-061,LEAD-00999,Enterprise Expansion,Partner Referral,2023-06-19,Closed Won,Professional,86037.0,1,95,490,125,22,11655.4,1497.98,3,1,CA,0,Marketing
ACCT-012,LEAD-02931,NovaPulse Launch,Partner Referral,2023-02-27,Closed Won,Professional,71847.0,1,95,737,106,210,14969.63,1832.41,3,1,ES,0,Marketing
ACCT-109,LEAD-01890,NovaPulse Launch,Organic Search,2023-02-25,Prospect,Standard,42033.0,3,95,11,4,7,1964.98,0.0,7,0,ES,0,Marketing
ACCT-082,LEAD-05589,Enterprise Expansion,Partner Referral,2023-02-04,Qualified Lead,Professional,51983.0,2,95,631,115,30,7659.3,0.0,7,0,IN,0,Marketing
ACCT-105,LEAD-10172,Q3 Growth Sprint,Partner Referral,2023-01-12,Qualified Lead,Professional,68655.0,1,95,456,832,38,3423.83,0.0,3,0,ES,0,Marketing
ACCT-012,LEAD-06729,Enterprise Expansion,Partner Referral,2023-01-12,Qualified Lead,Professional,68655.0,1,95,456,832,38,11496.83,0.0,3,0,SA,0,Marketing
ACCT-002,LEAD-10492,Year-End Accelerator,Email,2025-01-25,Prospect,Professional,38285.0,4,96,2,5,1,1930.11,0.0,2,0,IN,0,Marketing
ACCT-039,LEAD-02939,Digital Retarget,Direct Mail,2025-01-23,Qualified Lead,Growth,79419.0,1,96,751,687,31,2734.45,0.0,2,0,CA,0,Marketing
ACCT-044,LEAD-05948,Q3 Growth Sprint,Email,2024-11-25,Qualified Lead,Professional,57338.0,2,96,143,52,17,2316.37,0.0,5,0,US,0,Marketing
ACCT-012,LEAD-00574,Year-End Accelerator,Email,2024-11-19,Lead,Professional,42523.0,1,96,14,11,35,1055.91,0.0,2,0,DE,0,Marketing
ACCT-012,LEAD-03266,Q3 Growth Sprint,Email,2024-11-19,Lead,Professional,42523.0,1,96,14,11,35,1836.59,0.0,2,0,CA,0,Marketing
ACCT-012,LEAD-10500,NovaPulse Launch,Email,2024-10-30,Lead,Professional,31761.0,2,96,19,20,28,2462.24,0.0,5,0,AU,0,Marketing
ACCT-050,LEAD-07987,Enterprise Expansion,Paid Social,2024-09-28,Opportunity,Professional,65747.0,2,96,346,48,13,11065.27,953.78,6,1,CA,0,Marketing
ACCT-012,LEAD-01135,NovaEdge Awareness,Organic Search,2024-09-07,Prospect,Growth,17144.0,3,96,18,19,6,2275.6,0.0,7,0,CA,0,Marketing
ACCT-071,LEAD-00024,NovaPulse Launch,Organic Search,2024-09-07,Prospect,Growth,17144.0,3,96,18,19,6,3458.97,0.0,7,0,SA,0,Marketing
ACCT-080,LEAD-07244,Q3 Growth Sprint,Organic Search,2024-07-20,Lead,Professional,,4,96,48,48,7,3442.24,0.0,6,0,AU,0,Marketing
ACCT-012,LEAD-01966,Year-End Accelerator,Partner Referral,2024-06-06,Closed Won,Enterprise,84618.0,1,96,684,801,0,13517.94,2400.12,2,1,AU,0,Marketing
ACCT-012,LEAD-07789,Year-End Accelerator,Partner Referral,2024-06-06,Closed Won,Enterprise,84618.0,1,96,684,801,0,4171.24,2284.5,2,1,ES,0,Marketing
ACCT-015,LEAD-03336,Q3 Growth Sprint,Organic Search,2024-06-05,Closed Won,Enterprise,66375.0,2,96,712,45,191,1405.28,2133.8,7,1,AU,0,Marketing
ACCT-002,LEAD-05644,Enterprise Expansion,Partner Referral,2024-04-22,Opportunity,Professional,42213.0,2,96,309,24,20,12155.02,521.99,7,1,ES,0,Marketing
ACCT-012,LEAD-01295,Digital Retarget,Partner Referral,2024-02-15,Qualified Lead,Professional,,2,96,231,196,124,11156.55,0.0,4,0,CA,0,Marketing
ACCT-012,LEAD-06663,Enterprise Expansion,Email,2024-01-09,Lead,Enterprise,51141.0,1,96,144,7,6,1339.08,0.0,5,0,ES,0,Marketing
ACCT-044,LEAD-10262,Q3 Growth Sprint,Email,2023-11-06,Lead,Professional,15072.0,3,96,8,15,18,723.25,0.0,5,0,IN,0,Marketing
ACCT-029,LEAD-00456,NovaPulse Launch,Organic Search,2023-07-29,Prospect,Standard,7500.0,2,96,1,5,9,1743.49,0.0,8,0,ES,0,Marketing
ACCT-002,LEAD-03270,NovaPulse Launch,Organic Search,2023-07-06,Lead,Standard,17117.0,2,96,12,38,7,3104.73,0.0,9,0,SA,0,Marketing
ACCT-014,LEAD-05748,Digital Retarget,Partner Referral,2023-05-15,Opportunity,Professional,59754.0,2,96,115,44,139,6685.02,1056.65,5,1,SA,0,Marketing
ACCT-002,LEAD-08952,NovaPulse Launch,Partner Referral,2023-04-17,Qualified Lead,Growth,65569.0,2,96,397,288,70,6975.81,0.0,3,0,ES,0,Marketing
ACCT-012,LEAD-03921,Enterprise Expansion,Organic Search,2023-04-08,Qualified Lead,Standard,28457.0,1,96,24,108,14,1411.96,0.0,8,0,ES,0,Marketing
ACCT-024,LEAD-09826,Digital Retarget,Partner Referral,2023-02-17,Closed Won,Enterprise,86857.0,1,96,899,838,40,6528.61,4876.11,2,1,US,0,Marketing
ACCT-081,LEAD-05830,Digital Retarget,Partner Referral,2023-02-17,Closed Won,Enterprise,86857.0,1,96,899,838,40,8646.44,4917.82,2,1,SA,0,Marketing
ACCT-012,LEAD-08310,NovaPulse Launch,Paid Social,2023-02-02,Qualified Lead,Professional,68142.0,2,96,897,196,37,7835.75,0.0,6,0,ES,0,Marketing
ACCT-030,LEAD-06382,Year-End Accelerator,Email,2025-01-27,Lead,Professional,48794.0,3,97,25,11,15,2860.75,0.0,4,0,US,0,Marketing
ACCT-103,LEAD-08439,NovaPulse Launch,Paid Social,2025-01-05,Closed Won,Professional,63404.0,3,97,734,70,17,2712.16,2125.34,4,1,ES,0,Marketing
ACCT-012,LEAD-07613,Digital Retarget,Partner Referral,2024-12-22,Qualified Lead,Standard,49669.0,2,97,166,107,29,9005.73,0.0,6,0,ES,0,Marketing
ACCT-012,LEAD-00048,Enterprise Expansion,Paid Social,2024-11-20,Opportunity,Professional,55761.0,2,97,136,12,32,10674.98,312.1,6,1,ES,0,Marketing
ACCT-032,LEAD-05046,NovaPulse Launch,Paid Social,2024-08-13,Qualified Lead,Professional,78331.0,2,97,756,354,61,4983.56,0.0,4,0,SA,0,Marketing
ACCT-012,LEAD-03231,Enterprise Expansion,Organic Search,2024-06-09,Prospect,Professional,37971.0,2,97,5,10,7,689.22,0.0,8,0,US,0,Marketing
ACCT-012,LEAD-07181,Digital Retarget,Organic Search,2024-05-21,Lead,Professional,30368.0,2,97,35,13,2,3489.84,0.0,8,0,ES,0,Marketing
ACCT-012,LEAD-01663,NovaEdge Awareness,Organic Search,2024-05-07,Prospect,Enterprise,34043.0,2,97,20,14,10,980.78,0.0,9,0,ES,0,Marketing
ACCT-012,LEAD-05441,Digital Retarget,Partner Referral,2024-03-01,Qualified Lead,Enterprise,54111.0,2,97,267,54,50,5403.56,0.0,5,0,ES,0,Marketing
ACCT-030,LEAD-08602,Year-End Accelerator,Partner Referral,2023-12-12,Qualified Lead,Professional,69932.0,2,97,412,153,57,7910.3,0.0,4,0,ES,0,Marketing
ACCT-012,LEAD-09925,Q3 Growth Sprint,Paid Social,2023-11-22,Opportunity,Enterprise,39665.0,2,97,127,56,31,7694.04,513.78,7,1,ES,0,Marketing
ACCT-012,LEAD-09499,Enterprise Expansion,Partner Referral,2023-11-02,Closed Won,Professional,93404.0,4,97,1279,287,15,8490.86,2603.86,5,1,CA,0,Marketing
ACCT-012,LEAD-06568,Year-End Accelerator,Organic Search,2023-09-20,Lead,Professional,38680.0,2,97,11,36,12,3004.84,0.0,7,0,US,0,Marketing
ACCT-033,LEAD-03032,Q3 Growth Sprint,Organic Search,2023-08-19,Lead,Professional,24570.0,2,97,28,62,44,3226.29,0.0,9,0,ES,0,Marketing
ACCT-030,LEAD-05153,Q3 Growth Sprint,Partner Referral,2023-08-14,Closed Won,Enterprise,77766.0,2,97,1004,265,27,8850.97,3089.1,6,1,ES,0,Marketing
ACCT-042,LEAD-04127,Q3 Growth Sprint,Partner Referral,2023-08-14,Closed Won,Enterprise,77766.0,2,97,1004,265,27,5121.89,3095.99,6,1,ES,0,Marketing
ACCT-102,LEAD-09940,Year-End Accelerator,Paid Social,2023-06-08,Qualified Lead,Professional,64961.0,2,97,382,276,38,2047.14,0.0,3,0,SA,0,Marketing
ACCT-012,LEAD-07527,Enterprise Expansion,Organic Search,2023-05-05,Lead,Growth,23748.0,2,97,6,29,8,1457.35,0.0,8,0,ES,0,Marketing
ACCT-014,LEAD-03406,Year-End Accelerator,Partner Referral,2023-04-02,Qualified Lead,Professional,45989.0,2,97,138,87,12,12134.32,0.0,3,0,SA,0,Marketing
ACCT-033,LEAD-09771,Enterprise Expansion,Organic Search,2023-03-14,Qualified Lead,Standard,23331.0,2,97,104,101,5,1090.12,0.0,9,0,IN,0,Marketing
ACCT-081,LEAD-06722,Q3 Growth Sprint,Paid Social,2025-01-29,Qualified Lead,Enterprise,70421.0,2,98,479,136,35,9644.84,0.0,6,0,CA,0,Marketing
ACCT-016,LEAD-00213,Enterprise Expansion,Organic Search,2024-12-27,Prospect,Enterprise,23091.0,3,98,35,11,2,2213.52,0.0,7,0,ES,0,Marketing
ACCT-081,LEAD-08541,Enterprise Expansion,Email,2024-09-29,Prospect,Standard,24683.0,2,98,8,10,6,2408.92,0.0,5,0,ES,0,Marketing
ACCT-030,LEAD-08475,Enterprise Expansion,Direct Mail,2024-09-22,Qualified Lead,Enterprise,157243.0,2,98,20,1582,1,2072.27,0.0,0,0,IN,0,Marketing
ACCT-044,LEAD-08070,NovaPulse Launch,Email,2024-09-22,Qualified Lead,Enterprise,54222.0,2,98,199,31,7,2036.2,0.0,3,0,ES,0,Marketing
ACCT-012,LEAD-00313,Enterprise Expansion,Partner Referral,2024-05-10,Closed Won,Professional,73455.0,1,98,901,757,20,10601.85,3600.57,3,1,SA,0,Marketing
ACCT-071,LEAD-09757,NovaEdge Awareness,Partner Referral,2024-04-14,Closed Won,Professional,84906.0,1,98,997,414,76,14583.93,2769.95,2,1,ES,0,Marketing
ACCT-012,LEAD-02088,NovaEdge Awareness,Partner Referral,2024-04-14,Closed Won,Professional,84906.0,1,98,997,414,76,3452.7,2380.02,2,1,DE,0,Marketing
ACCT-012,LEAD-02320,Year-End Accelerator,Paid Social,2024-03-21,Qualified Lead,Standard,47025.0,2,98,508,59,29,5731.01,0.0,9,0,ES,0,Marketing
ACCT-081,LEAD-00966,Enterprise Expansion,Partner Referral,2024-01-06,Closed Won,Professional,44529.0,2,98,538,91,26,3168.93,1118.64,5,1,ES,0,Marketing
ACCT-012,LEAD-09706,Year-End Accelerator,Organic Search,2023-12-25,Lead,Enterprise,31560.0,2,98,62,20,7,3416.3,0.0,8,0,CA,0,Marketing
ACCT-082,LEAD-03979,Year-End Accelerator,Partner Referral,2023-11-19,Closed Won,Enterprise,90687.0,1,98,982,672,51,5286.92,3699.92,2,1,ES,0,Marketing
ACCT-012,LEAD-05602,Year-End Accelerator,Partner Referral,2023-11-13,Qualified Lead,Enterprise,66973.0,1,98,466,432,102,10520.24,0.0,3,0,IN,0,Marketing
ACCT-044,LEAD-02202,NovaPulse Launch,Email,2023-10-03,Lead,Professional,41154.0,2,98,44,11,7,1122.06,0.0,5,0,ES,0,Marketing
ACCT-012,LEAD-09645,Enterprise Expansion,Partner Referral,2023-03-24,Qualified Lead,Professional,64590.0,1,98,920,168,30,11322.3,0.0,6,0,ES,0,Marketing
ACCT-048,LEAD-07230,Enterprise Expansion,Partner Referral,2023-03-13,Opportunity,Enterprise,50611.0,2,98,459,24,4,7132.2,674.23,6,1,US,0,Marketing
ACCT-012,LEAD-05675,Enterprise Expansion,Partner Referral,2023-03-13,Opportunity,Enterprise,50611.0,2,98,459,24,4,7602.61,968.88,6,1,US,0,Marketing
ACCT-033,LEAD-04974,NovaPulse Launch,Partner Referral,2023-03-04,Qualified Lead,Professional,83273.0,4,98,433,650,102,5004.24,0.0,7,0,US,0,Marketing
ACCT-012,LEAD-05687,Digital Retarget,Partner Referral,2023-03-01,Qualified Lead,Professional,81702.0,1,98,563,774,187,12886.13,0.0,3,0,CA,0,Marketing
ACCT-012,LEAD-05871,Enterprise Expansion,Partner Referral,2023-02-04,Qualified Lead,Growth,24401.0,1,98,73,217,115,6578.43,0.0,8,0,SA,0,Marketing
ACCT-050,LEAD-03846,NovaPulse Launch,Paid Social,2023-02-02,Qualified Lead,Professional,42557.0,2,98,192,53,15,4908.28,0.0,8,0,ES,0,Marketing
ACCT-012,LEAD-10001,Digital Retarget,Organic Search,2023-01-03,Lead,Standard,7500.0,2,98,5,17,34,3047.41,0.0,9,0,ES,0,Marketing
ACCT-012,LEAD-02831,Digital Retarget,Partner Referral,2025-01-28,Qualified Lead,Professional,78416.0,2,99,453,279,183,10156.44,0.0,3,0,ES,0,Marketing
ACCT-012,LEAD-00868,Year-End Accelerator,Organic Search,2025-01-08,Lead,Professional,44794.0,2,99,54,7,4,1682.42,0.0,6,0,SA,0,Marketing
ACCT-044,LEAD-07212,NovaPulse Launch,Organic Search,2025-01-08,Lead,Professional,44794.0,2,99,54,7,4,3607.91,0.0,6,0,AU,0,Marketing
ACCT-103,LEAD-01743,Enterprise Expansion,Email,2024-12-24,Qualified Lead,Professional,69719.0,1,99,273,208,43,2988.68,0.0,1,0,ES,0,Marketing
ACCT-012,LEAD-02415,NovaPulse Launch,Email,2024-11-01,Closed Won,Professional,62568.0,2,99,362,398,61,1356.83,2260.32,4,1,ES,0,Marketing
ACCT-012,LEAD-07947,Enterprise Expansion,Email,2024-10-18,Prospect,Professional,42231.0,3,99,24,8,4,1398.13,0.0,5,0,ES,0,Marketing
ACCT-080,LEAD-02106,NovaPulse Launch,Organic Search,2024-10-09,Prospect,Standard,20130.0,1,99,0,3,12,1159.49,0.0,8,0,ES,0,Marketing
ACCT-012,LEAD-03363,Enterprise Expansion,Organic Search,2024-10-09,Prospect,Standard,20130.0,1,99,0,3,12,3818.3,0.0,8,0,ES,0,Marketing
ACCT-012,LEAD-08595,Enterprise Expansion,Email,2024-09-02,Lead,Professional,42429.0,2,99,55,6,4,2795.51,0.0,5,0,AU,0,Marketing
ACCT-012,LEAD-07232,Q3 Growth Sprint,Email,2024-09-02,Lead,Professional,42429.0,2,99,55,6,4,1508.48,0.0,5,0,ES,0,Marketing
ACCT-030,LEAD-07829,Digital Retarget,Email,2024-04-05,Lead,Standard,36640.0,2,99,15,8,25,1071.05,0.0,5,0,IN,1,Marketing
ACCT-012,LEAD-09977,Digital Retarget,Paid Social,2024-03-26,Qualified Lead,Professional,78901.0,2,99,321,309,34,9271.69,0.0,4,0,US,0,Marketing
ACCT-012,LEAD-10142,Q3 Growth Sprint,Partner Referral,2023-08-28,Qualified Lead,Enterprise,66476.0,2,99,372,126,78,4574.47,0.0,4,0,US,0,Marketing
ACCT-049,LEAD-05263,NovaEdge Awareness,Organic Search,2023-07-11,Lead,Standard,31056.0,2,99,5,13,16,3069.27,0.0,8,0,ES,0,Marketing
ACCT-012,LEAD-00022,Year-End Accelerator,Paid Social,2023-05-18,Qualified Lead,Professional,46310.0,2,99,185,88,14,7896.93,0.0,8,0,ES,0,Marketing
ACCT-024,LEAD-00528,NovaPulse Launch,Partner Referral,2023-05-13,Qualified Lead,Professional,65819.0,1,99,267,701,63,5027.82,0.0,3,0,IN,0,Marketing
ACCT-012,LEAD-04070,Enterprise Expansion,Paid Social,2023-02-05,Closed Won,Enterprise,94871.0,3,99,169,553,144,5665.91,2205.27,7,1,CA,0,Marketing
